,vixy_hedged
2018-05-24,100000.0
2018-05-25,100179.49161059834
2018-05-29,99665.7026589335
2018-05-30,100701.8421610733
2018-05-31,100633.72433206646
2018-06-01,103131.22360694378
2018-06-04,104641.9120222425
2018-06-05,105311.43702254044
2018-06-06,106361.44668777745
2018-06-07,104614.00823182036
2018-06-08,104546.07040975761
2018-06-11,105091.65478717323
2018-06-12,106295.56955060645
2018-06-13,106245.7471686291
2018-06-14,108541.52798255041
2018-06-15,107763.4566059284
2018-06-18,107551.31085562658
2018-06-19,106973.14189027196
2018-06-20,108528.8297126958
2018-06-21,106701.16960189128
2018-06-22,105969.1390883292
2018-06-25,101821.61079418226
2018-06-26,102439.90508800454
2018-06-27,100078.99157136539
2018-06-28,100548.30686719128
2018-06-29,100323.4728734579
2018-07-02,100311.4062394892
2018-07-03,97955.77684482257
2018-07-05,99436.3799272531
2018-07-06,100635.36655026552
2018-07-09,101760.14514256307
2018-07-10,101872.00184874785
2018-07-11,100923.97857081168
2018-07-12,104117.41178703778
2018-07-13,104306.07199109606
2018-07-16,103795.65904641428
2018-07-17,105123.74173680722
2018-07-18,104629.83015898422
2018-07-19,103585.13383437491
2018-07-20,103505.95611957961
2018-07-23,104118.66141222803
2018-07-24,104955.51419444774
2018-07-25,108044.66156372947
2018-07-26,104691.85544414683
2018-07-27,101609.25681652533
2018-07-30,98733.44636964453
2018-07-31,99615.67391873212
2018-08-01,100046.77123799069
2018-08-02,101376.86855387255
2018-08-03,101771.00285845924
2018-08-06,102979.91472136158
2018-08-07,103643.25395358365
2018-08-08,103808.81456783549
2018-08-09,103783.9065055418
2018-08-10,102159.19919417391
2018-08-13,102212.86047117566
2018-08-14,103188.60889951796
2018-08-15,101106.56549521556
2018-08-16,101565.27767517231
2018-08-17,101520.54372667357
2018-08-20,101294.53607380643
2018-08-21,102065.59224672186
2018-08-22,102823.37265815778
2018-08-23,102455.90814723179
2018-08-24,104471.9639044882
2018-08-27,106746.89264018211
2018-08-28,107089.23654481894
2018-08-29,109696.55276519738
2018-08-30,109327.33247403688
2018-08-31,109473.60845583827
2018-09-04,108624.7399854318
2018-09-05,105728.19317805566
2018-09-06,104020.76952225239
2018-09-07,103427.97452610199
2018-09-10,103870.8918029721
2018-09-11,105288.88050726021
2018-09-12,104652.80158279547
2018-09-13,106637.80599114983
2018-09-14,105980.48681638883
2018-09-17,102857.69454478819
2018-09-18,104507.25641925643
2018-09-19,104234.23360640345
2018-09-20,106540.2219828652
2018-09-21,105290.75243229787
2018-09-24,105959.48863269122
2018-09-25,106304.37780159258
2018-09-26,106259.52702422345
2018-09-27,108365.74679927561
2018-09-28,108238.23836480439
2018-10-01,108668.75011874695
2018-10-02,108215.0116960714
2018-10-03,108423.23156668784
2018-10-04,104034.8763147608
2018-10-05,101425.67759014023
2018-10-08,100356.39490392683
2018-10-09,100676.17356544654
2018-10-10,97174.55569116105
2018-10-11,96634.97755866015
2018-10-12,97801.95456094948
2018-10-15,97712.4615230034
2018-10-16,98040.50366391099
2018-10-17,98094.8801651697
2018-10-18,97949.87145445935
2018-10-19,97451.53887361304
2018-10-22,97816.25924569339
2018-10-23,97759.79175739145
2018-10-24,95001.8859690144
2018-10-25,96013.79424157288
2018-10-26,95814.1247321488
2018-10-29,95701.74851245302
2018-10-30,95922.33851149346
2018-10-31,96064.28687556004
2018-11-01,96240.1764545861
2018-11-02,96106.56011469262
2018-11-05,96228.42463020828
2018-11-06,96308.44310318273
2018-11-07,96691.85582321996
2018-11-08,96631.80145014198
2018-11-09,96387.54931677836
2018-11-12,95987.10354519288
2018-11-13,95977.01707740223
2018-11-14,95102.29640956873
2018-11-15,95359.10138104908
2018-11-16,95293.49219436693
2018-11-19,95025.57597481036
2018-11-20,94729.9854596282
2018-11-21,94754.05702085752
2018-11-23,94629.66390776816
2018-11-26,94833.19486548447
2018-11-27,94888.21444669343
2018-11-28,95417.28056981582
2018-11-29,95415.51466360244
2018-11-30,95508.99693630065
2018-12-03,95729.83415477499
2018-12-04,95063.6895767693
2018-12-06,96073.29103303603
2018-12-07,94481.46700857546
2018-12-10,94436.99326515729
2018-12-11,94433.87003972293
2018-12-12,94520.3947271492
2018-12-13,94471.55716489193
2018-12-14,94180.55722807044
2018-12-17,93884.54617226371
2018-12-18,93919.49607833794
2018-12-19,93642.90440169642
2018-12-20,93520.44187487247
2018-12-21,93411.99437715826
2018-12-24,93207.78375667245
2018-12-26,93647.13364559339
2018-12-27,93852.58387456812
2018-12-28,93825.51409425146
2018-12-31,93853.68890077466
2019-01-02,93862.97419322193
2019-01-03,93545.80489912552
2019-01-04,93945.7560632641
2019-01-07,94068.81025376142
2019-01-08,94232.4333647234
2019-01-09,94288.50344592865
2019-01-10,94350.23602999657
2019-01-11,94290.32389228052
2019-01-14,93815.70366067137
2019-01-15,94758.26895055268
2019-01-16,94803.61482210891
2019-01-17,95192.19815649676
2019-01-18,95686.52732596397
2019-01-22,94700.60841068336
2019-01-23,94756.96809057638
2019-01-24,94994.94602069019
2019-01-25,95557.97136496122
2019-01-28,95032.77207688546
2019-01-29,94498.73423563603
2019-01-30,95699.58737559477
2019-01-31,96370.77572336822
2019-02-01,96084.15322963738
2019-02-04,96722.55638799137
2019-02-05,97292.08589067926
2019-02-06,97075.54821119708
2019-02-07,96248.08803836307
2019-02-08,96284.97194642763
2019-02-11,96218.68913718307
2019-02-12,97138.86615084148
2019-02-13,97154.97225394328
2019-02-14,97289.19941769655
2019-02-15,97545.03864416575
2019-02-19,97731.20999189348
2019-02-20,97623.84655010789
2019-02-21,97342.08773486226
2019-02-22,97843.89914314596
2019-02-25,98190.15472930935
2019-02-26,98299.0976616074
2019-02-27,98209.79275752346
2019-02-28,98045.70039698231
2019-03-01,98441.11253688633
2019-03-04,98466.7545223998
2019-03-05,98557.41664517409
2019-03-06,98181.88241891493
2019-03-07,97369.98588877742
2019-03-08,97194.29071102907
2019-03-11,98398.19457740788
2019-03-12,98729.74041896354
2019-03-13,99283.76597329418
2019-03-14,99115.54676398898
2019-03-15,99744.84901201866
2019-03-18,100012.48157633217
2019-03-19,100342.95505192188
2019-03-20,100724.5941041237
2019-03-21,102089.55476079212
2019-03-22,100242.883794439
2019-03-25,100038.30515699454
2019-03-26,100252.17429250175
2019-03-27,99709.84006030869
2019-03-28,99830.86067851934
2019-03-29,100374.64449436625
2019-04-01,101565.6749601844
2019-04-02,101951.05299687639
2019-04-03,102616.37846910584
2019-04-04,102494.78935335371
2019-04-05,103447.89694856945
2019-04-08,103989.80334113739
2019-04-09,103323.31387346677
2019-04-10,104323.35855640202
2019-04-11,103738.93805401589
2019-04-12,104459.35685674463
2019-04-15,104486.51055564311
2019-04-16,105194.01614295009
2019-04-17,105934.95776477028
2019-04-18,106130.45187710045
2019-04-22,106715.58168515608
2019-04-23,109413.9618317914
2019-04-24,108755.28139739872
2019-04-25,109654.56607991504
2019-04-26,109854.65803758753
2019-04-29,110291.33360787311
2019-04-30,108608.86073183258
2019-05-01,108007.96301243869
2019-05-02,107265.99714051987
2019-05-03,110000.22257551737
2019-05-06,109430.9474043407
2019-05-07,106003.2798815973
2019-05-08,105352.2106274148
2019-05-09,104635.3283049333
2019-05-10,104442.09586691095
2019-05-13,100698.56810340582
2019-05-14,101150.27124590214
2019-05-15,101924.6380618209
2019-05-16,102494.4605254542
2019-05-17,101799.04848652649
2019-05-20,100519.39978184568
2019-05-21,101098.7892095453
2019-05-22,100756.80270971154
2019-05-23,99714.98844758258
2019-05-24,99682.47269758706
2019-05-28,99560.75125688539
2019-05-29,99111.72250201303
2019-05-30,99299.84894581717
2019-05-31,98459.45142847032
2019-06-03,97415.4982229402
2019-06-04,98553.36040968169
2019-06-05,98841.27031165952
2019-06-06,99259.10926733275
2019-06-07,100542.93172087385
2019-06-10,101350.60994060074
2019-06-11,100771.64851917878
2019-06-12,100117.88156587619
2019-06-13,100526.2221012082
2019-06-14,100158.24009885194
2019-06-17,100591.01154429658
2019-06-18,101668.56798499536
2019-06-19,101888.28644434873
2019-06-20,102248.58953930285
2019-06-21,102060.70590839954
2019-06-24,102015.5455745348
2019-06-25,100529.69045827194
2019-06-26,100877.91183121083
2019-06-27,101114.41921571865
2019-06-28,101189.61444481296
2019-07-01,101517.06960467472
2019-07-02,101738.50483163055
2019-07-03,102844.28378727827
2019-07-05,102483.62267246583
2019-07-08,101329.13167536294
2019-07-09,101747.4498778475
2019-07-10,102798.77606994734
2019-07-11,102594.4052087511
2019-07-12,103531.29512840525
2019-07-15,104031.37345960173
2019-07-16,103167.91642612284
2019-07-17,102351.2087773343
2019-07-18,101975.87841008682
2019-07-19,100138.19220094176
2019-07-22,100925.11283599859
2019-07-23,101344.5816137719
2019-07-24,101939.93983868064
2019-07-25,100592.4455493192
2019-07-26,102250.75481065661
2019-07-29,101728.94272118695
2019-07-30,100718.0304650063
2019-07-31,99732.10584988544
2019-08-01,99653.06687051876
2019-08-02,98690.02012098956
2019-08-05,97041.05303889686
2019-08-06,97451.3547398118
2019-08-07,97486.64242710416
2019-08-08,97709.89903171916
2019-08-09,97685.53465696656
2019-08-12,97670.78466035552
2019-08-13,97744.88217245523
2019-08-14,97555.94922853122
2019-08-15,97517.22920549648
2019-08-16,97640.00588979296
2019-08-19,97638.61638487676
2019-08-20,97520.71035270947
2019-08-21,97575.16033382564
2019-08-22,97628.31901837821
2019-08-23,96163.34422061742
2019-08-26,96827.4617004792
2019-08-27,96787.06792806656
2019-08-28,96900.48691852546
2019-08-29,97110.33702297021
2019-08-30,97106.84204215228
2019-09-03,97102.51404235055
2019-09-04,97210.59243364178
2019-09-05,97826.21486598298
2019-09-06,97667.42361623254
2019-09-09,97449.06636423366
2019-09-10,97237.76854152234
2019-09-11,97952.3198787544
2019-09-12,98253.59143758513
2019-09-13,97913.56573890422
2019-09-16,97557.65426262897
2019-09-17,97928.86377071483
2019-09-18,97839.1218671675
2019-09-19,97930.2404270093
2019-09-20,97139.1450960544
2019-09-23,97154.9201677774
2019-09-24,96156.87316763816
2019-09-25,96812.07036285487
2019-09-26,96586.23203561503
2019-09-27,95791.44603222462
2019-09-30,96302.35145582909
2019-10-01,95892.50992655786
2019-10-02,95058.54175408446
2019-10-03,95145.94459324949
2019-10-04,95293.11139502832
2019-10-07,95227.36433890086
2019-10-08,95105.48075608052
2019-10-09,95209.69994129546
2019-10-10,95271.64917209993
2019-10-11,95346.44521273335
2019-10-14,95221.82927110889
2019-10-15,95457.73757683582
2019-10-16,95376.78249835329
2019-10-17,95461.33332489591
2019-10-18,94650.71574925017
2019-10-21,95348.21166764146
2019-10-22,94700.5797469854
2019-10-23,94813.02911735166
2019-10-24,95616.82715278608
2019-10-25,96203.9100077177
2019-10-28,97228.77391036977
2019-10-29,96403.87383761087
2019-10-30,96829.03322661872
2019-10-31,96902.75064133786
2019-11-01,97745.62766067775
2019-11-04,98408.1898289561
2019-11-05,98510.78281127545
2019-11-06,98266.10378909265
2019-11-07,98618.98242233355
2019-11-08,99007.94952099014
2019-11-11,98845.4080040662
2019-11-12,99126.39987438518
2019-11-13,99090.52322150057
2019-11-14,99044.59378731146
2019-11-15,99651.21626771934
2019-11-18,99851.66506739621
2019-11-19,100040.01179841158
2019-11-20,99384.3243924833
2019-11-21,99095.07434069699
2019-11-22,99129.72343313649
2019-11-25,100313.80529953174
2019-11-26,100514.60760623156
2019-11-27,101302.33243584559
2019-11-29,100584.36403791235
2019-12-02,99562.06220887155
2019-12-03,98918.54104199492
2019-12-04,99266.16551526917
2019-12-05,99378.04385355291
2019-12-06,100238.85735556534
2019-12-09,99962.64697253084
2019-12-10,99896.86628507136
2019-12-11,100316.32474208222
2019-12-12,100873.60933984054
2019-12-13,101089.32140214113
2019-12-16,102415.4164730578
2019-12-17,102497.63161177817
2019-12-18,102704.05138012083
2019-12-19,104258.46309165446
2019-12-20,105256.17056851754
2019-12-23,105880.59647248087
2019-12-24,105962.22916736401
2019-12-26,108105.26721944347
2019-12-27,107925.7483689115
2019-12-30,106356.56250884419
2019-12-31,106690.2835697593
2020-01-02,110702.49133838441
2020-01-03,108478.08873264697
2020-01-06,110059.84843964172
2020-01-07,109948.3800324524
2020-01-08,111807.1158639372
2020-01-09,113848.48369086797
2020-01-10,113117.75297463175
2020-01-13,116071.10511475206
2020-01-14,115009.12667799999
2020-01-15,115053.24261139345
2020-01-16,117463.1672239163
2020-01-17,118835.47061419561
2020-01-21,118808.63578800442
2020-01-22,119486.3078810451
2020-01-23,120304.19296851323
2020-01-24,118141.32417861634
2020-01-27,112999.20405509137
2020-01-28,115896.00759314428
2020-01-29,116023.98729533472
2020-01-30,116794.37306179375
2020-01-31,113542.56291534881
2020-02-03,116229.81759881842
2020-02-04,120194.36776598195
2020-02-05,120576.43066297704
2020-02-06,122474.57221779424
2020-02-07,121452.81438223663
2020-02-10,124232.29500990095
2020-02-11,124290.60009386668
2020-02-12,126551.90396865095
2020-02-13,126410.8841105005
2020-02-14,127009.56200870099
2020-02-18,127226.45873586809
2020-02-19,129885.05737082758
2020-02-20,127264.8099449285
2020-02-21,122292.46744231293
2020-02-24,113404.20117526567
2020-02-25,112238.97631517163
2020-02-26,112421.69188720829
2020-02-27,110219.02084502215
2020-02-28,109998.42871225107
2020-03-02,111475.79406639545
2020-03-03,110403.7415536055
2020-03-04,111812.37773319594
2020-03-05,111210.181852005
2020-03-06,110648.54094028684
2020-03-09,109307.08948715197
2020-03-10,110192.23480570239
2020-03-11,110071.90988738804
2020-03-12,110084.52057559932
2020-03-13,110647.58036640655
2020-03-16,111836.39131184114
2020-03-17,112378.28221820797
2020-03-18,113348.72378394936
2020-03-19,112230.04547056218
2020-03-20,111375.7176742612
2020-03-23,109309.91305740984
2020-03-24,109764.77452084562
2020-03-25,110668.57580693513
2020-03-26,110773.73996735913
2020-03-27,110560.28804563882
2020-03-30,110981.74303994584
2020-03-31,110488.4436437068
2020-04-01,109782.25418879875
2020-04-02,110071.93584002751
2020-04-03,109612.08140413146
2020-04-06,110805.45936905533
2020-04-07,110917.19059252346
2020-04-08,111613.74658598757
2020-04-09,111905.21843998236
2020-04-13,111625.71917672557
2020-04-14,112086.79834777028
2020-04-15,111796.8920046497
2020-04-16,112365.92576556015
2020-04-17,112702.59037560238
2020-04-20,112329.77930477024
2020-04-21,110540.51155983226
2020-04-22,111535.21022059226
2020-04-23,111532.0215255929
2020-04-24,111696.51594349659
2020-04-27,111815.39949012492
2020-04-28,111684.94674721548
2020-04-29,112721.37011784199
2020-04-30,112921.2114906073
2020-05-01,111144.66562676203
2020-05-04,111617.7774933636
2020-05-05,112045.64265132205
2020-05-06,112371.92085293328
2020-05-07,112928.2348633078
2020-05-08,113479.39831341073
2020-05-11,113986.45705138452
2020-05-12,112685.26216525829
2020-05-13,112289.86556765847
2020-05-14,112759.55076623826
2020-05-15,113049.98552884252
2020-05-18,114006.94010300394
2020-05-19,113917.38487171831
2020-05-20,115154.88908189106
2020-05-21,114352.32730439995
2020-05-22,114536.72538786165
2020-05-26,114370.61733506645
2020-05-27,114720.07905540353
2020-05-28,114687.18416792496
2020-05-29,115683.4796432695
2020-06-01,116095.49803521083
2020-06-02,116548.8596129238
2020-06-03,116803.73412055039
2020-06-04,115943.22816414181
2020-06-05,118041.99684860733
2020-06-08,119116.97748211249
2020-06-09,120284.81729002252
2020-06-10,121816.3699175944
2020-06-11,116771.28852175387
2020-06-12,117912.40163025298
2020-06-15,118906.48296175015
2020-06-16,120191.54422551072
2020-06-17,120389.3806268463
2020-06-18,120568.97152862266
2020-06-19,120583.58817818409
2020-06-22,121374.11400492075
2020-06-23,122002.2662063935
2020-06-24,120409.00276085961
2020-06-25,121015.61968676402
2020-06-26,118983.31619553467
2020-06-29,119626.16631315381
2020-06-30,121256.08062351606
2020-07-01,122466.39573729748
2020-07-02,123170.4056286234
2020-07-06,126201.57952232713
2020-07-07,124636.04971189208
2020-07-08,127518.20145972379
2020-07-09,129382.22977300533
2020-07-10,130886.99435698897
2020-07-13,125407.82953194878
2020-07-14,124392.77137897098
2020-07-15,124413.15554771651
2020-07-16,123641.81336574812
2020-07-17,123724.5566732037
2020-07-20,127436.85801975263
2020-07-21,123509.18733087352
2020-07-22,124277.37027133715
2020-07-23,120659.17932722505
2020-07-24,119380.88748124076
2020-07-27,121570.09682062511
2020-07-28,119880.44718695519
2020-07-29,121260.93125913426
2020-07-30,122062.1422940734
2020-07-31,124409.68328951248
2020-08-03,126712.49775144673
2020-08-04,127828.66311358871
2020-08-05,128519.65841106411
2020-08-06,132156.5762399361
2020-08-07,128876.68653584163
2020-08-10,127479.75487728934
2020-08-11,122051.99823057218
2020-08-12,126405.94921886684
2020-08-13,126659.89816721258
2020-08-14,126384.44059805266
2020-08-17,129433.0641482771
2020-08-18,132318.31708381244
2020-08-19,130382.28590723219
2020-08-20,134264.31819862893
2020-08-21,136366.7003858297
2020-08-24,138249.6576473312
2020-08-25,140656.75953239796
2020-08-26,147510.4205770303
2020-08-27,146854.77711573348
2020-08-28,148352.06679369634
2020-08-31,150872.17440138332
2020-09-01,155700.53177436627
2020-09-02,158183.0203627829
2020-09-03,145081.6891153358
2020-09-04,142575.40091041665
2020-09-08,137770.51058588017
2020-09-09,140496.40873030445
2020-09-10,138282.0197934992
2020-09-11,137337.95939336397
2020-09-14,138987.7637060176
2020-09-15,140687.85947297528
2020-09-16,138542.0614790405
2020-09-17,136675.64008943288
2020-09-18,134944.07065642765
2020-09-21,135600.52517621138
2020-09-22,137852.80037688348
2020-09-23,134040.08237103405
2020-09-24,134463.814445183
2020-09-25,137073.49833328847
2020-09-28,139494.6417701215
2020-09-29,138937.69137276488
2020-09-30,139816.86663506526
2020-10-01,141897.53848481356
2020-10-02,138140.04804746763
2020-10-05,140760.56481512662
2020-10-06,138385.9455228412
2020-10-07,140444.1074708006
2020-10-08,140862.1483866742
2020-10-09,142722.85186630636
2020-10-12,149408.1153822832
2020-10-13,149458.25302539917
2020-10-14,147001.18890367076
2020-10-15,143509.6337049504
2020-10-16,142896.894673717
2020-10-19,140854.60144099177
2020-10-20,141149.61394870168
2020-10-21,140948.96259403258
2020-10-22,140868.49104292985
2020-10-23,141121.90770474807
2020-10-26,139525.6010549443
2020-10-27,140389.15524976814
2020-10-28,137209.85602274284
2020-10-29,138069.4180354358
2020-10-30,136476.91758408753
2020-11-02,136453.18903258644
2020-11-03,137497.48374999574
2020-11-04,140946.41182367527
2020-11-05,143491.74924683012
2020-11-06,143413.78435892085
2020-11-09,135239.3642659032
2020-11-10,130606.84427530318
2020-11-11,133833.020720777
2020-11-12,133311.24723249252
2020-11-13,134426.0151095629
2020-11-16,135552.490822355
2020-11-17,134996.63116219133
2020-11-18,133882.38063655084
2020-11-19,135114.77693930475
2020-11-20,134011.68425290496
2020-11-23,133978.5291151807
2020-11-24,136062.76559867198
2020-11-25,136947.72703373368
2020-11-27,138492.10145636575
2020-11-30,138711.98328807348
2020-12-01,140999.8864165558
2020-12-02,141224.09464236692
2020-12-03,141488.40570815303
2020-12-04,142113.64248929307
2020-12-07,143088.22878776287
2020-12-08,143480.8795817048
2020-12-09,139746.64374137588
2020-12-10,140440.00079228467
2020-12-11,140202.10174597148
2020-12-14,141406.29479411477
2020-12-15,142763.29528355505
2020-12-16,143482.5205372123
2020-12-17,144704.92528313055
2020-12-18,143616.55474242728
2020-12-21,142261.2745850057
2020-12-22,142625.87074182043
2020-12-23,141749.37117847567
2020-12-24,142289.69233773797
2020-12-28,143833.28641914343
2020-12-29,143554.43594965767
2020-12-30,143375.1961252314
2020-12-31,143731.1073553334
2021-01-04,138829.25763813642
2021-01-05,139154.4608108777
2021-01-06,137381.4959361876
2021-01-07,140408.33118173122
2021-01-08,142308.85940610105
2021-01-11,140147.9170153957
2021-01-12,139778.81934559625
2021-01-13,140720.450469283
2021-01-14,139967.5479581951
2021-01-15,138804.76896661887
2021-01-19,140888.66702561037
2021-01-20,144495.96961896087
2021-01-21,146508.02487080876
2021-01-22,145533.15618523286
2021-01-25,148823.25165660956
2021-01-26,148891.320074906
2021-01-27,140901.35958986054
2021-01-28,141856.65123136723
2021-01-29,139773.89645736027
2021-02-01,142140.71910269768
2021-02-02,143554.35835926712
2021-02-03,140876.5002553003
2021-02-04,143178.01326883645
2021-02-05,143747.8912769313
2021-02-08,145005.57236259893
2021-02-09,144974.86149630393
2021-02-10,144223.39230563736
2021-02-11,145963.24927972644
2021-02-12,147792.514572747
2021-02-16,146814.50145722675
2021-02-17,145129.32193295812
2021-02-18,142438.73559262423
2021-02-19,141528.40799381217
2021-02-22,137360.8155204982
2021-02-23,136729.15732843187
2021-02-24,137810.0761836367
2021-02-25,132934.31847635607
2021-02-26,133601.76384484157
2021-03-01,134382.21695793816
2021-03-02,134042.55066169248
2021-03-03,133537.4895244321
2021-03-04,133081.2608214792
2021-03-05,133658.66776687765
2021-03-08,133492.75676414493
2021-03-09,133999.52824942584
2021-03-10,134261.4403397944
2021-03-11,134667.218345802
2021-03-12,135227.83252759787
2021-03-15,136753.22094310462
2021-03-16,137662.0272603432
2021-03-17,138228.24671098858
2021-03-18,133171.63309450127
2021-03-19,133730.11984781804
2021-03-22,136293.0855209967
2021-03-23,135717.69967349953
2021-03-24,132984.69644365503
2021-03-25,132612.89949022885
2021-03-26,134771.32234686994
2021-03-29,134855.07402852253
2021-03-30,133905.22031096605
2021-03-31,136232.422028978
2021-04-01,138894.8284128334
2021-04-05,142237.76603781534
2021-04-06,142127.47773388866
2021-04-07,142463.88697419086
2021-04-08,144538.70977041425
2021-04-09,146682.59601713633
2021-04-12,146154.5874213313
2021-04-13,150249.47435531652
2021-04-14,145957.22668947614
2021-04-15,151146.8832720103
2021-04-16,151621.79472294188
2021-04-19,148302.7499928212
2021-04-20,145700.81657552632
2021-04-21,148264.50457373293
2021-04-22,144299.9410188921
2021-04-23,148325.5451115952
2021-04-26,150585.65710982756
2021-04-27,148965.1191402508
2021-04-28,147761.83985478184
2021-04-29,148878.41559670193
2021-04-30,146894.36251756546
2021-05-03,144872.9286247177
2021-05-04,139181.59712942614
2021-05-05,139393.1300661896
2021-05-06,140470.24260930976
2021-05-07,141464.72075683982
2021-05-10,137677.233501845
2021-05-11,137774.0004009102
2021-05-12,134895.49298947258
2021-05-13,135364.80917136342
2021-05-14,137366.45409956516
2021-05-17,136666.64667988368
2021-05-18,135702.6905754541
2021-05-19,135970.62789535712
2021-05-20,138374.22733358323
2021-05-21,137470.00390188483
2021-05-24,139693.31489370123
2021-05-25,139939.46628069002
2021-05-26,140254.8013812632
2021-05-27,139447.22578741604
2021-05-28,140001.61472408913
2021-06-01,139600.83848896823
2021-06-02,139765.81948810094
2021-06-03,138226.43180877308
2021-06-04,140556.6962644758
2021-06-07,140948.58739317243
2021-06-08,140196.38417831893
2021-06-09,140380.25055690974
2021-06-10,141884.9211377556
2021-06-11,142601.960629034
2021-06-14,145703.76120456518
2021-06-15,143696.89169828984
2021-06-16,142547.0751961812
2021-06-17,146390.97217382994
2021-06-18,144119.58432484503
2021-06-21,145560.00489645786
2021-06-22,148359.37204517436
2021-06-23,148477.45361214387
2021-06-24,150419.74048906466
2021-06-25,150017.44626033024
2021-06-28,153940.15819378098
2021-06-29,155308.75176920398
2021-06-30,154753.46702952991
2021-07-01,154747.76032228043
2021-07-02,158640.30860729015
2021-07-06,160347.7627614619
2021-07-07,161199.26274441366
2021-07-08,159494.0474795662
2021-07-09,160792.7541007596
2021-07-12,162023.3634029787
2021-07-13,162018.3343287196
2021-07-14,162598.51017296893
2021-07-15,160202.39229032936
2021-07-16,157623.83875812078
2021-07-19,155613.57386496404
2021-07-20,157988.81271185612
2021-07-21,159749.76092231763
2021-07-22,162012.64744004252
2021-07-23,165573.9183014422
2021-07-26,165991.44427250756
2021-07-27,162464.55920945024
2021-07-28,163501.6591243893
2021-07-29,163972.05170634468
2021-07-30,162602.89160160176
2021-08-02,162818.66503831997
2021-08-03,164337.4960241817
2021-08-04,164852.55710071063
2021-08-05,166761.45360349378
2021-08-06,165186.97209111275
2021-08-09,165755.98789374327
2021-08-10,163879.41337303762
2021-08-11,163156.03166403252
2021-08-12,164325.46390270005
2021-08-13,165539.93419379255
2021-08-16,165773.62811735267
2021-08-17,162685.31711772224
2021-08-18,159809.91235864602
2021-08-19,160937.13057734608
2021-08-20,163306.09684407784
2021-08-23,167665.30069109768
2021-08-24,168756.35246601704
2021-08-25,168794.5346684201
2021-08-26,166990.07629835463
2021-08-27,169892.2690584193
2021-08-30,173784.2897848967
2021-08-31,173415.6076394217
2021-09-01,173973.75043293342
2021-09-02,173787.7398742943
2021-09-03,174963.86371730026
2021-09-07,175588.70889782268
2021-09-08,174319.25252093837
2021-09-09,173129.5788030304
2021-09-10,170794.98139798018
2021-09-13,170589.98668014986
2021-09-14,169586.04502745773
2021-09-15,171819.53594382905
2021-09-16,172088.31192916466
2021-09-17,168174.97688237473
2021-09-20,161756.12266879575
2021-09-21,161989.1400735
2021-09-22,163973.77001445985
2021-09-23,166206.89312978706
2021-09-24,166728.24524791783
2021-09-27,163888.5579503954
2021-09-28,157149.1844069673
2021-09-29,157027.7110453348
2021-09-30,156448.8505764602
2021-10-01,157085.45817963767
2021-10-04,154139.7179017487
2021-10-05,155654.86138708948
2021-10-06,156720.47806987484
2021-10-07,157909.39983953213
2021-10-08,156891.975839266
2021-10-11,155702.3505790204
2021-10-12,155045.8546315741
2021-10-13,156224.8789374902
2021-10-14,159030.00583109612
2021-10-15,160116.05143340936
2021-10-18,161815.0153098332
2021-10-19,163946.96225304893
2021-10-20,163502.30643866915
2021-10-21,165664.01696116713
2021-10-22,162428.82306765008
2021-10-25,166137.83257865757
2021-10-26,167459.35291704984
2021-10-27,168623.76009990688
2021-10-28,172842.00006933656
2021-10-29,174910.98582777358
2021-11-01,176220.52712346884
2021-11-02,177878.89806725853
2021-11-03,182073.6753501083
2021-11-04,187442.7430099274
2021-11-05,188151.49539900734
2021-11-08,187575.6152666178
2021-11-09,184737.53738933455
2021-11-10,178744.1308928181
2021-11-11,179721.6390397469
2021-11-12,183796.19587916796
2021-11-15,183687.8704691379
2021-11-16,186552.0639292397
2021-11-17,186805.90258692837
2021-11-18,191152.93927598797
2021-11-19,193680.182746082
2021-11-22,188944.31886106989
2021-11-23,186983.95101197093
2021-11-24,188126.36516261206
2021-11-26,182023.57709569889
2021-11-29,187719.73655453086
2021-11-30,183990.42592054038
2021-12-01,180917.11075566322
2021-12-02,180788.80374981015
2021-12-03,176566.5253101724
2021-12-06,176963.56609845013
2021-12-07,179707.847213656
2021-12-08,180779.5167709573
2021-12-09,175218.10085733453
2021-12-10,178083.90656452774
2021-12-13,175413.11849728454
2021-12-14,173600.12225222183
2021-12-15,177036.11955418368
2021-12-16,172163.5562107446
2021-12-17,171408.76951582887
2021-12-20,169770.94739620315
2021-12-21,172925.97715174546
2021-12-22,174764.00322103137
2021-12-23,176233.70795306325
2021-12-27,179316.38621294804
2021-12-28,176982.43420184928
2021-12-29,176712.24519069778
2021-12-30,176066.24376190445
2021-12-31,174761.98884412646
2022-01-03,176514.6011500826
2022-01-04,173839.22195150002
2022-01-05,168118.6782146863
2022-01-06,167965.86281561098
2022-01-07,165921.5426132601
2022-01-10,163939.31454378972
2022-01-11,164308.4539044
2022-01-12,164421.23917259354
2022-01-13,163893.7988293024
2022-01-14,163838.01771240658
2022-01-18,163171.00826124742
2022-01-19,162798.96089684672
2022-01-20,162474.23032187816
2022-01-21,162105.21792192815
2022-01-24,162422.24478962808
2022-01-25,161940.77421872254
2022-01-26,162026.46292090468
2022-01-27,161889.82654787952
2022-01-28,162472.06222436464
2022-01-31,162946.8291435922
2022-02-01,162923.46683650994
2022-02-02,163306.50637659873
2022-02-03,162530.9863890902
2022-02-04,162595.059410398
2022-02-07,162329.62243401317
2022-02-08,162527.39775444748
2022-02-09,163073.509714143
2022-02-10,162519.58498832898
2022-02-11,162125.98196390813
2022-02-14,161986.57968703116
2022-02-15,162249.5088374773
2022-02-16,162157.624158475
2022-02-17,161666.82270701346
2022-02-18,161534.72397161112
2022-02-22,161088.0208081102
2022-02-23,160661.0562332796
2022-02-24,161082.74263747822
2022-02-25,161744.5647694746
2022-02-28,161934.86613422786
2022-03-01,161821.17584305574
2022-03-02,162148.18897761073
2022-03-03,161929.11492251727
2022-03-04,161806.36751312515
2022-03-07,161217.61115373805
2022-03-08,160900.33266459944
2022-03-09,161588.15348927624
2022-03-10,161193.3684184303
2022-03-11,160848.71613164706
2022-03-14,160768.52802080993
2022-03-15,161344.59639000145
2022-03-16,161577.650515621
2022-03-17,162139.44662550464
2022-03-18,162440.2024613527
2022-03-21,162379.73421181706
2022-03-22,162928.6610884443
2022-03-23,161649.2406209228
2022-03-24,164580.14034491405
2022-03-25,164356.5552098643
2022-03-28,166719.01573727588
2022-03-29,169373.93920814936
2022-03-30,167609.94906491323
2022-03-31,165421.58403473644
2022-04-01,165064.1728408347
2022-04-04,168001.773580661
2022-04-05,164565.38956408924
2022-04-06,161209.7758281294
2022-04-07,161292.91451995567
2022-04-08,159659.45301107314
2022-04-11,157255.12597945795
2022-04-12,158361.04276501792
2022-04-13,158475.54847092653
2022-04-14,158090.7832946709
2022-04-18,158042.38062612625
2022-04-19,158450.77697595823
2022-04-20,158291.10943104635
2022-04-21,157938.47740164172
2022-04-22,157313.69354207467
2022-04-25,157319.97660791088
2022-04-26,156915.26637336708
2022-04-27,157106.6088858211
2022-04-28,157565.22464562993
2022-04-29,156731.9644917894
2022-05-02,156862.01406069193
2022-05-03,156721.03418331672
2022-05-04,157294.91574118205
2022-05-05,156635.76510857235
2022-05-06,156328.26256081345
2022-05-09,155699.67277722078
2022-05-10,155603.28602487437
2022-05-11,155073.6651367766
2022-05-12,154958.3362886752
2022-05-13,155369.544478198
2022-05-16,155060.6745038436
2022-05-17,155592.7216578616
2022-05-18,154774.9460913396
2022-05-19,154223.81036781395
2022-05-20,154262.47446261215
2022-05-23,154730.76176249573
2022-05-24,154534.6055094511
2022-05-25,154692.7690883064
2022-05-26,155229.91681507058
2022-05-27,155889.48917550856
2022-05-31,155616.92345205467
2022-06-01,155301.1861971578
2022-06-02,155895.63275291174
2022-06-03,155313.68906354473
2022-06-06,154763.63437896883
2022-06-07,155364.21812361374
2022-06-08,154753.9269549224
2022-06-09,152732.18789593672
2022-06-10,151087.63570710286
2022-06-13,150494.10488422387
2022-06-14,150337.01675819288
2022-06-15,150301.16506482667
2022-06-16,149952.7250302712
2022-06-17,149856.73841613982
2022-06-21,150221.505558124
2022-06-22,150009.25701184475
2022-06-23,150197.9508405493
2022-06-24,150703.96832403468
2022-06-27,150463.21706001862
2022-06-28,150099.79012569392
2022-06-29,150101.41725774706
2022-06-30,149957.79314571669
2022-07-01,150097.01911072465
2022-07-05,150147.7477740593
2022-07-06,150162.55536948945
2022-07-07,150485.871512839
2022-07-08,150381.78651003362
2022-07-11,150233.23625037906
2022-07-12,150071.18636703814
2022-07-13,149885.1808520802
2022-07-14,149845.860865908
2022-07-15,150087.1967454332
2022-07-18,150020.33459114234
2022-07-19,150622.76154109702
2022-07-20,150697.51685146702
2022-07-21,150855.28676629087
2022-07-22,150611.80101884168
2022-07-25,150602.0203097938
2022-07-26,150162.53509358142
2022-07-27,151089.067799738
2022-07-28,151291.92351973418
2022-07-29,151932.34417218305
2022-08-01,152070.85571464544
2022-08-02,151871.83830544294
2022-08-03,152551.11622647228
2022-08-04,152720.9386347183
2022-08-05,152317.76629561128
2022-08-08,152161.0917180612
2022-08-09,151616.02071110005
2022-08-10,152870.1298700288
2022-08-11,152490.3149433642
2022-08-12,153740.23337351647
2022-08-15,154266.0488405847
2022-08-16,154131.14851230517
2022-08-17,153255.24568955967
2022-08-18,153395.47000208005
2022-08-19,152144.33825019374
2022-08-22,150659.88865942878
2022-08-23,150517.1649453419
2022-08-24,150502.71464123676
2022-08-25,150973.63416086012
2022-08-26,149998.33294482573
2022-08-29,149663.66924062127
2022-08-30,149512.86754213684
2022-08-31,149267.71837954174
2022-09-01,149301.18220269206
2022-09-02,149108.55898109198
2022-09-06,149129.65423239395
2022-09-07,149272.26410638136
2022-09-08,149378.05718975494
2022-09-09,149728.14201815883
2022-09-12,150013.33251916443
2022-09-13,149108.23099286557
2022-09-14,149264.70317848597
2022-09-15,148860.91699653017
2022-09-16,148675.50166773942
2022-09-19,148755.4454868971
2022-09-20,148655.9709428951
2022-09-21,148312.29148688403
2022-09-22,147992.785355725
2022-09-23,147865.47548395718
2022-09-26,147825.88882443006
2022-09-27,147844.4848243928
2022-09-28,148155.9254118564
2022-09-29,147771.5865968817
2022-09-30,147509.51676534303
2022-10-03,147880.21144941633
2022-10-04,148363.23996264505
2022-10-05,148406.71538829646
2022-10-06,148283.16737872144
2022-10-07,147777.58015435544
2022-10-10,147715.9538804973
2022-10-11,147650.04058467434
2022-10-12,147544.11387787727
2022-10-13,148059.87481523294
2022-10-14,147609.744200086
2022-10-17,148127.10384288014
2022-10-18,148346.3087044751
2022-10-19,148219.68722412863
2022-10-20,147974.889521634
2022-10-21,148573.5421923676
2022-10-24,148830.39257483435
2022-10-25,149085.2188705061
2022-10-26,148805.94007237026
2022-10-27,148601.3953678802
2022-10-28,149875.7209686346
2022-10-31,149269.03182460915
2022-11-01,148731.6269988403
2022-11-02,147068.9649075893
2022-11-03,146070.7260050008
2022-11-04,146903.09363156985
2022-11-07,147156.7303620587
2022-11-08,147436.8330629805
2022-11-09,146982.72534383688
2022-11-10,148329.29400210173
2022-11-11,148591.16830761658
2022-11-14,148349.7607114597
2022-11-15,148669.79934038201
2022-11-16,148354.36732144144
2022-11-17,148586.15680604737
2022-11-18,148619.85758626976
2022-11-21,148106.07017673852
2022-11-22,148793.19522183578
2022-11-23,149290.82577417465
2022-11-25,148945.32685381713
2022-11-28,148125.4920445811
2022-11-29,147767.45183116695
2022-11-30,149781.67173300375
2022-12-01,149781.07317729248
2022-12-02,149467.539511843
2022-12-05,148456.94178068737
2022-12-06,147559.14867703838
2022-12-07,147441.21261420037
2022-12-08,147777.20873725956
2022-12-09,147617.476761963
2022-12-12,148180.2443124198
2022-12-13,148740.76006177763
2022-12-14,148281.88067521862
2022-12-15,146970.26584191923
2022-12-16,146578.14700960377
2022-12-19,146011.74936392833
2022-12-20,145924.77584682358
2022-12-21,146190.64331473014
2022-12-22,146038.24387018644
2022-12-23,146090.58124246207
2022-12-27,146007.2437256026
2022-12-28,145433.54837620337
2022-12-29,146133.45520038123
2022-12-30,146063.65948914492
2023-01-03,145951.83914934078
2023-01-04,146047.74867136005
2023-01-05,145796.2634073959
2023-01-06,146645.34489918523
2023-01-09,146857.40296362247
2023-01-10,147080.70461161202
2023-01-11,147873.9372541072
2023-01-12,147915.61777923594
2023-01-13,148370.0896684574
2023-01-17,148531.4861834775
2023-01-18,147794.17019633664
2023-01-19,147248.0599591635
2023-01-20,148418.207127043
2023-01-23,149429.0455918488
2023-01-24,149245.23494421813
2023-01-25,149110.75937222972
2023-01-26,150236.23238738312
2023-01-27,150764.0719635322
2023-01-30,149539.57623816218
2023-01-31,150389.90612661256
2023-02-01,151552.40922174024
2023-02-02,154046.40731857473
2023-02-03,152642.1624466723
2023-02-06,152130.10735170313
2023-02-07,153599.7274972371
2023-02-08,152209.9245595834
2023-02-09,151906.54248500845
2023-02-10,151564.9566635266
2023-02-13,152393.79136031633
2023-02-14,152632.47683343416
2023-02-15,153354.0680778814
2023-02-16,151934.19766090164
2023-02-17,151394.31982629697
2023-02-21,150144.27651242685
2023-02-22,150059.5037347928
2023-02-23,150349.52417928915
2023-02-24,149665.00279938834
2023-02-27,149984.77913092088
2023-02-28,149788.14499167955
2023-03-01,149320.61932964265
2023-03-02,149738.0939179182
2023-03-03,150954.44521441872
2023-03-06,150921.43143784892
2023-03-07,149950.81895868466
2023-03-08,150286.01527587918
2023-03-09,149335.8418428692
2023-03-10,149146.39371797955
2023-03-13,149364.72156621004
2023-03-14,149772.14722307256
2023-03-15,150379.59560857623
2023-03-16,150867.27049314958
2023-03-17,151016.5598787081
2023-03-20,151002.57127830072
2023-03-21,151213.89649558897
2023-03-22,150493.5391872282
2023-03-23,151380.62514175056
2023-03-24,151406.4185798014
2023-03-27,150910.64656108746
2023-03-28,150497.11463031243
2023-03-29,151639.75429927133
2023-03-30,152285.12457610242
2023-03-31,153502.35432609534
2023-04-03,153311.9105020259
2023-04-04,153091.28948058057
2023-04-05,152173.75315136273
2023-04-06,152691.23660594583
2023-04-10,152580.669450275
2023-04-11,152046.0839022607
2023-04-12,151344.37859729741
2023-04-13,152765.09211729743
2023-04-14,152549.7147886123
2023-04-17,152521.44296567177
2023-04-18,152535.615179796
2023-04-19,152490.80851897693
2023-04-20,151868.21830294805
2023-04-21,151854.3500796128
2023-04-24,151687.57433435792
2023-04-25,150465.28769602624
2023-04-26,150827.05851798505
2023-04-27,152580.7012598063
2023-04-28,152998.37454990027
2023-05-01,152860.04515411775
2023-05-02,152296.0119818565
2023-05-03,152022.46265960697
2023-05-04,152019.22628954123
2023-05-05,152747.37896627001
2023-05-08,152903.95834577145
2023-05-09,152575.845490396
2023-05-10,153213.246514902
2023-05-11,153419.68623447436
2023-05-12,153119.91476356002
2023-05-15,153504.43736991644
2023-05-16,153721.1378567403
2023-05-17,154673.08989988622
2023-05-18,156155.43567797047
2023-05-19,156053.8615156082
2023-05-22,156403.94752609445
2023-05-23,155210.6616325768
2023-05-24,154880.45859093944
2023-05-25,156821.17339823357
2023-05-26,158905.351180335
2023-05-30,159147.1733029522
2023-05-31,158454.533100203
2023-06-01,159257.47046929365
2023-06-02,159787.7394245681
2023-06-05,159815.00440097594
2023-06-06,159552.00409131017
2023-06-07,157131.31654458263
2023-06-08,158631.33182809246
2023-06-09,159253.83491539446
2023-06-12,161725.29582836144
2023-06-13,162837.3255973002
2023-06-14,163742.05930765913
2023-06-15,165813.07655664103
2023-06-16,164616.46121377527
2023-06-20,164394.23249465972
2023-06-21,162165.9313842525
2023-06-22,163846.20462866247
2023-06-23,162316.66520043305
2023-06-26,160262.08062557346
2023-06-27,162436.29687540283
2023-06-28,162593.15207451186
2023-06-29,162418.9122084144
2023-06-30,164396.19291528646
2023-07-03,164706.34703521608
2023-07-05,164780.44212578086
2023-07-06,163832.03044338786
2023-07-07,163209.1470465663
2023-07-10,163235.75861103306
2023-07-11,163938.06962571625
2023-07-12,165585.03529435646
2023-07-13,168169.47866684932
2023-07-14,168086.3902643957
2023-07-17,169610.83797179995
2023-07-18,170906.76685855942
2023-07-19,171002.05895610747
2023-07-20,167005.4366184676
2023-07-21,166491.085594834
2023-07-24,166653.35130978277
2023-07-25,167744.02641400453
2023-07-26,167087.75411440938
2023-07-27,166881.19533577323
2023-07-28,169534.96425792843
2023-07-31,169604.78408494676
2023-08-01,169235.5059620373
2023-08-02,165906.80956855832
2023-08-03,165447.69627221985
2023-08-04,164960.11049914674
2023-08-07,165872.2249551836
2023-08-08,164790.9626533907
2023-08-09,163126.89971810102
2023-08-10,163387.8275226982
2023-08-11,162243.9046986805
2023-08-14,163876.27584954962
2023-08-15,162589.7151030822
2023-08-16,161142.4125780511
2023-08-17,159923.6788030189
2023-08-18,159521.75746588688
2023-08-21,161328.89526334775
2023-08-22,161091.40125051062
2023-08-23,163035.1772215429
2023-08-24,159977.74811848925
2023-08-25,160832.49741462813
2023-08-28,161666.41996968744
2023-08-29,164885.0739449556
2023-08-30,165688.4639726047
2023-08-31,166146.94129119013
2023-09-01,165904.71997169612
2023-09-05,166152.47121070625
2023-09-06,164680.9018051301
2023-09-07,163448.62126987727
2023-09-08,163547.46885532836
2023-09-11,165364.81287333288
2023-09-12,163565.27961792
2023-09-13,164036.0269486121
2023-09-14,165179.2878364567
2023-09-15,162333.06035404088
2023-09-18,162455.1139150748
2023-09-19,162096.57090339775
2023-09-20,159895.8007666754
2023-09-21,157279.5704499714
2023-09-22,157428.5645891592
2023-09-25,158019.24552225586
2023-09-26,156537.9597409291
2023-09-27,156603.31492877763
2023-09-28,157366.39394858916
2023-09-29,157458.04423941934
2023-10-02,158546.58424967987
2023-10-03,156617.00308160015
2023-10-04,157999.20910698874
2023-10-05,157546.89975255885
2023-10-06,159517.2535079585
2023-10-09,160309.61151731957
2023-10-10,160962.68647727475
2023-10-11,161959.33738282934
2023-10-12,161448.4357012398
2023-10-13,160037.99443154098
2023-10-16,161131.40433133484
2023-10-17,160975.13067114245
2023-10-18,159080.01466553903
2023-10-19,158153.65571874936
2023-10-20,156330.20554469508
2023-10-23,156509.19247501937
2023-10-24,157471.49543390886
2023-10-25,154563.79211303772
2023-10-26,152286.84530539543
2023-10-27,153023.4344687509
2023-10-30,153858.52995045696
2023-10-31,154190.47371187457
2023-11-01,156283.79682457872
2023-11-02,158644.58194990162
2023-11-03,160455.0057282098
2023-11-06,161005.25450062618
2023-11-07,162626.40477995633
2023-11-08,162691.75247833645
2023-11-09,161442.22282188738
2023-11-10,165166.13712728326
2023-11-13,164601.13542640925
2023-11-14,168432.93120813067
2023-11-15,168612.81440658242
2023-11-16,168683.37820725553
2023-11-17,168697.604901658
2023-11-20,170862.13360206172
2023-11-21,169675.49440735168
2023-11-22,170445.46093139506
2023-11-24,170021.53247093695
2023-11-27,169878.18888517094
2023-11-28,170324.29905165226
2023-11-29,170295.26483889174
2023-11-30,169759.23321894338
2023-12-01,170228.29084387736
2023-12-04,168650.7709874796
2023-12-05,169027.09001823404
2023-12-06,168178.15460018054
2023-12-07,170411.1180305937
2023-12-08,170942.4701656879
2023-12-11,172274.07829439588
2023-12-12,174909.05682772785
2023-12-13,179034.20136475714
2023-12-14,178809.30890956704
2023-12-15,180374.8704408243
2023-12-18,182901.19259048873
2023-12-19,184796.29956775537
2023-12-20,179610.24629215105
2023-12-21,183382.65227644812
2023-12-22,183718.82229798287
2023-12-26,185707.39706083405
2023-12-27,186169.54316195316
2023-12-28,185860.55980534488
2023-12-29,184233.53047476686
2024-01-02,178191.17805728968
2024-01-03,174759.9584633093
2024-01-04,172928.39163629938
2024-01-05,173127.99321781137
2024-01-08,179459.8308364903
2024-01-09,180228.1568131238
2024-01-10,182542.88509889782
2024-01-11,183104.63488308806
2024-01-12,183353.4538628137
2024-01-16,183415.177188645
2024-01-17,181529.87343973314
2024-01-18,186088.13334989327
2024-01-19,192726.3918902724
2024-01-22,192989.51972547916
2024-01-23,194417.44150635705
2024-01-24,196726.11196446046
2024-01-25,197180.3906290938
2024-01-26,194656.87254187046
2024-01-29,198634.65596058077
2024-01-30,195873.61391654707
2024-01-31,188617.7154012844
2024-02-01,192607.49067539177
2024-02-02,198326.1662369771
2024-02-05,197490.81947804507
2024-02-06,196580.21896796263
2024-02-07,200390.13417934245
2024-02-08,200933.57076846753
2024-02-09,204948.19544386165
2024-02-12,203389.28047700383
2024-02-13,197181.731322695
2024-02-14,200891.01793057824
2024-02-15,201907.72764673797
2024-02-16,198217.76759203494
2024-02-20,195369.48186927088
2024-02-21,193741.08704761934
2024-02-22,204423.12600683232
2024-02-23,202869.1505133888
2024-02-26,202594.9781526939
2024-02-27,203405.03662890522
2024-02-28,201168.47141725288
2024-02-29,204491.25522072092
2024-03-01,210973.88243372194
2024-03-04,209228.54279542872
2024-03-05,201529.86578684702
2024-03-06,204271.77610885506
2024-03-07,210330.97028818636
2024-03-08,204264.79948236817
2024-03-11,202628.00934008823
2024-03-12,207928.28149518726
2024-03-13,204565.32743283053
2024-03-14,203594.11450705584
2024-03-15,198588.5127495059
2024-03-18,202287.97898940215
2024-03-19,203193.23610240754
2024-03-20,208262.00895699073
2024-03-21,210223.49132928526
2024-03-22,210586.75040456073
2024-03-25,208971.68252675983
2024-03-26,207522.90161227112
2024-03-27,208800.43644327504
2024-03-28,207992.55069911043
2024-04-01,208952.8638173632
2024-04-02,205172.1031993018
2024-04-03,206017.10988365315
2024-04-04,199488.45987289463
2024-04-05,204142.06101189353
2024-04-08,203946.2571308715
2024-04-09,205271.7420072526
2024-04-10,201727.00882549296
2024-04-11,207984.23103933773
2024-04-12,201621.90076124907
2024-04-15,196140.8080973863
2024-04-16,195898.05692515598
2024-04-17,191554.4147893095
2024-04-18,190796.8523978798
2024-04-19,187625.77616518678
2024-04-22,188591.11913065295
2024-04-23,190873.2177796807
2024-04-24,191405.08731649263
2024-04-25,190540.27142585174
2024-04-26,193354.0112165628
2024-04-29,194129.24047734094
2024-04-30,190242.83768072352
2024-05-01,188828.05978374652
2024-05-02,191095.64760102268
2024-05-03,195423.54624817058
2024-05-06,199979.39025142964
2024-05-07,199967.03732118613
2024-05-08,199650.93059729174
2024-05-09,200436.2212790713
2024-05-10,201387.74620691634
2024-05-13,202451.14020515658
2024-05-14,205156.6269417067
2024-05-15,211831.15151776944
2024-05-16,210896.9729528438
2024-05-17,210526.02306499815
2024-05-20,213699.3750048772
2024-05-21,214394.64015295406
2024-05-22,214432.63359218524
2024-05-23,212434.96478186143
2024-05-24,216435.92989483365
2024-05-28,218238.79158870323
2024-05-29,215087.23385357554
2024-05-30,210471.62171967552
2024-05-31,210140.57219468534
2024-06-03,211373.52835047815
2024-06-04,212466.17682133729
2024-06-05,220814.67850289325
2024-06-06,220608.67679668948
2024-06-07,220021.94151011467
2024-06-10,221731.6785293323
2024-06-11,224919.44218835144
2024-06-12,230883.9782110855
2024-06-13,233349.4419374875
2024-06-14,235753.32081901477
2024-06-17,240991.73137961165
2024-06-18,241038.84319343558
2024-06-20,237513.08787603062
2024-06-21,236033.24646014016
2024-06-24,230882.30425913766
2024-06-25,235703.4819175231
2024-06-26,236607.41836738636
2024-06-27,237676.22105637717
2024-06-28,235334.0672405031
2024-07-01,237584.67167072464
2024-07-02,242677.16455192014
2024-07-03,246754.67988568902
2024-07-05,251737.17837606205
2024-07-08,252741.34346971373
2024-07-09,253101.2432421707
2024-07-10,258246.317233001
2024-07-11,247162.94446257866
2024-07-12,249654.56426081306
2024-07-15,251013.50400221773
2024-07-16,251176.11575295567
2024-07-17,237165.7749088482
2024-07-18,235605.02368527948
2024-07-19,233971.92468539465
2024-07-22,236290.82691555296
2024-07-23,235547.6582256967
2024-07-24,229157.50751747307
2024-07-25,227401.18565940496
2024-07-26,228570.6016843163
2024-07-29,228722.8368241296
2024-07-30,226514.36728367375
2024-07-31,231365.41108170187
2024-08-01,227547.27821244267
2024-08-02,225189.61741936338
2024-08-05,224106.91919079595
2024-08-06,222272.5775745549
2024-08-07,220595.86283311064
2024-08-08,222562.2099871168
2024-08-09,222139.86319428807
2024-08-12,222389.36923971077
2024-08-13,225645.19244850677
2024-08-14,225220.26594810645
2024-08-15,229883.36538702756
2024-08-16,230164.37160711773
2024-08-19,233011.80490351154
2024-08-20,232824.90438310328
2024-08-21,234006.74920677603
2024-08-22,230499.0632445395
2024-08-23,232467.17738129315
2024-08-26,230288.28112640546
2024-08-27,230794.01415731327
2024-08-28,228671.0833640241
2024-08-29,228083.72887793017
2024-08-30,230361.66234172008
2024-09-03,224437.7066582473
2024-09-04,223753.91750212884
2024-09-05,223546.47455541565
2024-09-06,220111.12924623294
2024-09-09,221323.2746913217
2024-09-10,222509.39547355997
2024-09-11,225599.41409453563
2024-09-12,227419.7205900323
2024-09-13,228229.8182332584
2024-09-16,227441.85336514568
2024-09-17,227704.58622338585
2024-09-18,226732.74376454015
2024-09-19,231629.39918115674
2024-09-20,231138.21580533404
2024-09-23,231762.94072753342
2024-09-24,232894.8694949124
2024-09-25,233272.9484400763
2024-09-26,234981.08964807875
2024-09-27,233942.3186081328
2024-09-30,234438.16443182947
2024-10-01,231613.62169900574
2024-10-02,231725.73307492558
2024-10-03,231915.06537949404
2024-10-04,234044.37649256736
2024-10-07,232334.49363149534
2024-10-08,234858.47110053344
2024-10-09,236203.88058012232
2024-10-10,236168.73059063076
2024-10-11,236305.21344379432
2024-10-14,237863.38539723033
2024-10-15,235032.17091244907
2024-10-16,234966.62790544966
2024-10-17,235070.17498352317
2024-10-18,236187.65868291535
2024-10-21,236722.09154445384
2024-10-22,236977.7504836935
2024-10-23,233448.3229096054
2024-10-24,235269.9538352593
2024-10-25,237024.09930096334
2024-10-28,236779.67140821286
2024-10-29,239092.4903994975
2024-10-30,237361.81455266068
2024-10-31,231546.92261926297
2024-11-01,233009.7494163318
2024-11-04,231992.41673040699
2024-11-05,234563.06221276516
2024-11-06,240436.80251111608
2024-11-07,247526.4286018237
2024-11-08,247995.23952219464
2024-11-11,247622.85831594467
2024-11-12,246520.28108374568
2024-11-13,245504.80704013337
2024-11-14,241287.75973913443
2024-11-15,231170.97911096012
2024-11-18,232816.56967196238
2024-11-19,234933.24774585414
2024-11-20,235053.02623224966
2024-11-21,236017.14774000793
2024-11-22,236109.88821266752
2024-11-25,236330.4417032377
2024-11-26,237688.4929299802
2024-11-27,235486.66509760096
2024-11-29,237636.3217788086
2024-12-02,240599.2154166738
2024-12-03,242998.0249638279
2024-12-04,250070.98156825345
2024-12-05,248451.38185929085
2024-12-06,253425.9697062176
2024-12-09,248844.45416968205
2024-12-10,246693.2231934462
2024-12-11,256877.02259039594
2024-12-12,253028.7578609098
2024-12-13,257192.01237994886
2024-12-16,265992.9672558121
2024-12-17,263382.4030117477
2024-12-18,243500.24822414134
2024-12-19,243855.1181972993
2024-12-20,243054.72203674697
2024-12-23,244772.708094109
2024-12-24,250483.41354316907
2024-12-26,250202.91869138525
2024-12-27,242579.50402111557
2024-12-30,235103.69512446955
2024-12-31,233047.2527675284
2025-01-02,232718.75540302767
2025-01-03,236164.60115665817
2025-01-06,238986.80847020829
2025-01-07,234793.38326742206
2025-01-08,234827.32447910288
2025-01-10,231461.13472454346
2025-01-13,230506.8685471503
2025-01-14,230101.2923453336
2025-01-15,234687.4792195398
2025-01-16,232846.46429754482
2025-01-17,237187.40719313815
2025-01-21,238428.0508575626
2025-01-22,242136.25374224925
2025-01-23,242620.74686172226
2025-01-24,240884.46105914272
2025-01-27,233018.40738779158
2025-01-28,236315.9807776724
2025-01-29,235746.3843512792
2025-01-30,236816.62957346058
2025-01-31,236626.42298301798
2025-02-03,234710.55469760523
2025-02-04,237301.50509720328
2025-02-05,238297.36989996198
2025-02-06,239533.96216236817
2025-02-07,236566.62747180546
2025-02-10,239275.80851573034
2025-02-11,238726.24591792445
2025-02-12,238876.18315061627
2025-02-13,242324.40253960228
2025-02-14,243346.86983179415
2025-02-18,243893.93987889416
2025-02-19,243846.3820959186
2025-02-20,242820.5966170602
2025-02-21,237818.30337539
2025-02-24,235475.49757203614
2025-02-25,232974.55563784586
2025-02-26,233279.13161050572
2025-02-27,228609.4541173523
2025-02-28,230893.5209699826
2025-03-03,227684.52767763412
2025-03-04,226506.6811720423
2025-03-05,226876.24521703905
2025-03-06,226534.41264912242
2025-03-07,226567.8925808183
2025-03-10,225722.01611141738
2025-03-11,225306.36023444208
2025-03-12,225194.65847749502
2025-03-13,224882.65043257657
2025-03-14,225247.24446230507
2025-03-17,225470.10865550252
2025-03-18,225029.84538785662
2025-03-19,225469.77876522695
2025-03-20,225231.4847142338
2025-03-21,225282.99558298223
2025-03-24,226081.18769289402
2025-03-25,226321.44492961463
2025-03-26,225720.02529802616
2025-03-27,225607.64681627537
2025-03-28,224857.62706545315
2025-03-31,225152.15047482407
2025-04-01,225353.4033416926
2025-04-02,225565.56981643397
2025-04-03,224297.78104901532
2025-04-04,223302.39242634637
2025-04-07,223075.27468855577
2025-04-08,223929.5396082707
2025-04-09,224450.2227966088
2025-04-10,224692.0542054983
2025-04-11,224972.41861179416
2025-04-14,224152.2373805993
2025-04-15,223988.53391122667
2025-04-16,223846.60750748962
2025-04-17,223652.40980726524
2025-04-21,223276.64746591402
2025-04-22,223723.85590717057
2025-04-23,224047.6785665595
2025-04-24,224855.8917164164
2025-04-25,224880.72345766381
2025-04-28,224977.89115299037
2025-04-29,226215.5082015364
2025-04-30,226423.94936885452
2025-05-01,227969.88420092556
2025-05-02,229896.1251095668
2025-05-05,229284.84370904198
2025-05-06,227918.3586223031
2025-05-07,228361.88789111094
2025-05-08,229609.65428783547
2025-05-09,229461.76160727564
2025-05-12,234842.99002228313
2025-05-13,237889.42787722967
2025-05-14,239357.3283332881
2025-05-15,239524.4209861359
2025-05-16,240532.54778676326
2025-05-19,240752.53936963752
2025-05-20,239924.46821217093
2025-05-21,237191.08354954244
2025-05-22,237528.5024589414
2025-05-23,236162.01005958192
2025-05-27,239504.19688811916
2025-05-28,238606.8071547317
2025-05-29,238984.0737779254
2025-05-30,238695.0703381279
2025-06-02,240217.63996367098
2025-06-03,241726.90868743294
2025-06-04,242342.33335635046
2025-06-05,240825.0566814459
2025-06-06,242553.55127570545
2025-06-09,242816.81083420076
2025-06-10,244333.75609744474
2025-06-11,243572.45305758735
2025-06-12,244136.4886499273
2025-06-13,241921.5518949679
2025-06-16,243969.52331137194
2025-06-17,242545.46624465787
2025-06-18,242381.29367533748
2025-06-20,241740.82173879317
2025-06-23,243363.89942929975
2025-06-24,245488.5433645936
2025-06-25,245885.595669024
2025-06-26,249073.5735275922
2025-06-27,250621.32352387518
2025-06-30,253718.59720555562
2025-07-01,249534.0998578355
2025-07-02,252875.97136103804
2025-07-03,257650.6560964162
2025-07-07,253697.27793866905
2025-07-08,253837.79240535846
2025-07-09,257045.872354258
2025-07-10,256170.72252856867
2025-07-11,254898.15160717323
2025-07-14,256806.70795902208
2025-07-15,257337.77274909214
2025-07-16,257890.48651746285
2025-07-17,261714.51163921616
2025-07-18,260967.27481554804
2025-07-21,263580.7995191632
2025-07-22,260826.19568329328
2025-07-23,262780.9186245705
2025-07-24,263869.33937380573
2025-07-25,264862.5516318193
2025-07-28,266498.30878162064
2025-07-29,265647.0278743813
2025-07-30,266367.46309941483
2025-07-31,263379.0589184914
2025-08-01,253312.65712542896
2025-08-04,260778.0868359496
2025-08-05,257412.27108166527
2025-08-06,262894.8622928335
2025-08-07,264384.69839885057
2025-08-08,268754.64080260263
2025-08-11,267167.2723745691
2025-08-12,273357.63671877206
2025-08-13,273409.1378919831
2025-08-14,272913.6545154102
2025-08-15,270184.55108363717
2025-08-18,269792.44306018285
2025-08-19,262399.52005384304
2025-08-20,259238.53812056067
2025-08-21,257052.45072184605
2025-08-22,263480.2639462271
2025-08-25,262068.80867232583
2025-08-26,264124.88283559395
2025-08-27,264973.4533618409
2025-08-28,268117.9975082271
2025-08-29,261786.80585400327
2025-09-02,257527.62659552324
2025-09-03,261139.4410472434
2025-09-04,265128.5142203447
2025-09-05,265492.42055717076
2025-09-08,267764.20279208105
2025-09-09,269117.8524989019
2025-09-10,269183.9903611642
2025-09-11,271986.10374154226
2025-09-12,274229.42557135166
2025-09-15,279037.0886085817
2025-09-16,278674.0221298472
2025-09-17,277299.1374266877
2025-09-18,281997.32450802356
2025-09-19,285734.5115101525
2025-09-22,289231.9699487626
2025-09-23,285268.6728744917
2025-09-24,283282.15080084786
2025-09-25,280964.95499833865
2025-09-26,282901.54808071465
2025-09-29,285423.1643803832
2025-09-30,286850.83512126113
2025-10-01,289501.1695042938
2025-10-02,291939.7301298135
2025-10-03,289359.1547181388
2025-10-06,293492.37877129304
2025-10-07,290489.85433834314
2025-10-08,296571.6250884665
2025-10-09,295840.39836504904
2025-10-10,276677.5699382106
2025-10-13,286396.9610892618
2025-10-14,284454.88768805296
2025-10-15,287902.39271979174
2025-10-16,287075.9347095181
2025-10-17,288087.0971747362
2025-10-20,292493.555246226
2025-10-21,292260.9248238406
2025-10-22,287108.4835842021
2025-10-23,291327.6629560895
2025-10-24,296812.9792380607
2025-10-27,306969.1811991772
2025-10-28,312265.1097153011
2025-10-29,315410.44834744395
2025-10-30,304706.13337027305
2025-10-31,308174.6101160386
2025-11-03,311066.12958009995
2025-11-04,297929.3345943875
2025-11-05,301155.84213169414
2025-11-06,290205.63358503254
2025-11-07,287357.7466587163
2025-11-10,294451.48296571535
2025-11-11,292998.51126574096
2025-11-12,292650.5399906784
2025-11-13,285533.55218852416
2025-11-14,285086.7361432049
2025-11-17,283491.90356397035
2025-11-18,281187.6437829876
2025-11-19,282001.2508595371
2025-11-20,278355.8813081498
2025-11-21,279118.2436247262
2025-11-24,283163.7593683326
2025-11-25,284491.10383832245
2025-11-26,286484.85821045545
2025-11-28,288385.3134846145
2025-12-01,287647.958061737
2025-12-02,289945.65991104185
2025-12-03,290679.76451273204
2025-12-04,289235.5330131145
2025-12-05,291607.3577738576
2025-12-08,290354.9558579222
2025-12-09,290104.8179456379
2025-12-10,291015.44038053084
2025-12-11,289894.5027467563
2025-12-12,283649.471512577
2025-12-15,282136.3297089891
2025-12-16,282720.2172488606
2025-12-17,277541.2109848756
2025-12-18,281193.37872904865
2025-12-19,284333.26659461914
2025-12-22,285238.69828721683
2025-12-23,286794.11693284806
2025-12-24,287659.3468150431
2025-12-26,287572.44724492694
2025-12-29,285921.95468054176
2025-12-30,285078.50367953035
2025-12-31,282590.6396075201
2026-01-02,281791.5299174155
2026-01-05,284241.8238090102
2026-01-06,286767.2682462129
2026-01-07,287224.9768582874
2026-01-08,285330.28054393124
2026-01-09,288133.5377299498
2026-01-12,288538.5684579093
2026-01-13,288197.51568581024
2026-01-14,284990.744418507
2026-01-15,286056.6850981452
2026-01-16,285599.8826027722
2026-01-20,280304.56175519014
2026-01-21,282764.0426270859
2026-01-22,284417.8850361907
2026-01-23,285519.67735025974
2026-01-26,286766.7610124427
2026-01-27,289520.4142447223
2026-01-28,289337.98709884635
2026-01-29,287393.3533398134
2026-01-30,283942.0865379967
2026-02-02,285450.99593897915
2026-02-03,281269.655993275
2026-02-04,276692.836785569
2026-02-05,273663.19987882336
2026-02-06,275388.98644845793
2026-02-09,275513.1546883548
2026-02-10,275450.48839945765
2026-02-11,275419.31606527336
2026-02-12,274547.90387713816
2026-02-13,275211.20194453286
2026-02-17,274696.0924425519
2026-02-18,276277.62513254804
2026-02-19,275733.71549532836
2026-02-20,277473.09259330604
2026-02-23,275032.26992603106
2026-02-24,276951.063187655
2026-02-25,279800.9681129252
2026-02-26,276776.93541264336
2026-02-27,276184.4058977337
2026-03-02,276267.95252939616
2026-03-03,274282.7216528444
2026-03-04,276847.99909526395
2026-03-05,276922.9999960583
2026-03-06,274741.82369214646
2026-03-09,275258.2518626076
2026-03-10,275697.78701948293
2026-03-11,275258.52842532704
2026-03-12,272663.49850383267
2026-03-13,272786.4319494722
2026-03-16,272800.05616882537
2026-03-17,272863.35714590497
2026-03-18,272545.42617443885
2026-03-19,272100.65151788096
2026-03-20,271657.2877109688
2026-03-23,272009.00920335355
2026-03-24,272001.09121573786
2026-03-25,272240.74067093275
2026-03-26,271657.1507335591
2026-03-27,271286.8080037955
2026-03-30,270981.88937151193
2026-03-31,271977.99375616707
2026-04-01,272324.56744853687
2026-04-02,272410.4033475422
2026-04-06,272613.5114361649
2026-04-07,272955.5661835813
2026-04-08,274205.00759542227
2026-04-09,275587.1290604299
2026-04-10,276074.24502345175
2026-04-13,278788.7895490594
2026-04-14,284158.0559743626
2026-04-15,288688.9372063934
2026-04-16,290253.4928899589
2026-04-17,295885.7948733811
2026-04-20,294090.942254535
2026-04-21,291671.76442128065
2026-04-22,301925.22870287724
2026-04-23,298317.90797174
2026-04-24,310503.80969609285
2026-04-27,310562.9116307784
2026-04-28,303715.0007274127
2026-04-29,308015.74778380827
2026-04-30,313857.93821271893
2026-05-01,320320.7988264721
2026-05-04,318966.9580214238
2026-05-05,327860.67250523437
2026-05-06,342285.45023724367
2026-05-07,341409.4699833759
2026-05-08,358770.76832375553
2026-05-11,361283.9874985054
2026-05-12,354083.33616582135
2026-05-13,362262.96111990896
2026-05-14,368028.1302365753
2026-05-15,355504.2671993241
2026-05-18,351730.7641047253
2026-05-19,346995.18104475806
2026-05-20,359321.2917663118
2026-05-21,360769.0162020899
2026-05-22,364018.0223652716
