,InvVol
2018-05-24,100000.0
2018-05-25,99881.90666602392
2018-05-29,99459.34883790655
2018-05-30,100059.83157276888
2018-05-31,99886.21128359977
2018-06-01,100322.68294408677
2018-06-04,100434.64446305911
2018-06-05,100651.54969444337
2018-06-06,100993.98385644343
2018-06-07,100696.75436481801
2018-06-08,100681.27306043448
2018-06-11,100872.39975413405
2018-06-12,101011.07466741127
2018-06-13,101101.29599038919
2018-06-14,101473.39082036342
2018-06-15,100700.48572014243
2018-06-18,100678.87853774219
2018-06-19,100304.09792537935
2018-06-20,100519.63115064304
2018-06-21,99954.92925614948
2018-06-22,100237.19132732836
2018-06-25,98972.66388600164
2018-06-26,99254.75029099776
2018-06-27,98752.6535564964
2018-06-28,98863.40194383007
2018-06-29,99053.33758250892
2018-07-02,98565.3312377611
2018-07-03,98227.46130829712
2018-07-05,98779.47559339498
2018-07-06,99190.25561174276
2018-07-09,99582.20750806283
2018-07-10,99561.17028773094
2018-07-11,98591.46523108924
2018-07-12,99462.78147631355
2018-07-13,99549.59561306926
2018-07-16,99142.58974930109
2018-07-17,99346.23698175873
2018-07-18,99315.42074489407
2018-07-19,99089.71621902424
2018-07-20,99130.77905073254
2018-07-23,99152.31781871326
2018-07-24,99490.95732552846
2018-07-25,100404.24417106214
2018-07-26,99591.52728957044
2018-07-27,98921.33874920211
2018-07-30,98345.30692790932
2018-07-31,98551.34641284976
2018-08-01,98284.4481451051
2018-08-02,98544.69691220226
2018-08-03,98749.96616487099
2018-08-06,98979.883175477
2018-08-07,99272.11184377185
2018-08-08,99178.62407594195
2018-08-09,99153.08792397882
2018-08-10,98646.9670558582
2018-08-13,98409.39203389699
2018-08-14,98658.91418810283
2018-08-15,97759.66600159479
2018-08-16,98039.78076289699
2018-08-17,98199.15331698032
2018-08-20,98321.29912717146
2018-08-21,98527.78486353141
2018-08-22,98937.98813908611
2018-08-23,98750.85496825757
2018-08-24,99133.7056199025
2018-08-27,99339.26259503199
2018-08-28,99151.32223809138
2018-08-29,99466.22378673096
2018-08-30,99321.08916785695
2018-08-31,99213.28060445194
2018-09-04,98910.22642523963
2018-09-05,98660.16683461644
2018-09-06,98583.77079910302
2018-09-07,98367.6253490422
2018-09-10,98511.41380707301
2018-09-11,98557.13302732135
2018-09-12,98715.12473736117
2018-09-13,98788.32398688889
2018-09-14,98614.51180775158
2018-09-17,98521.70037340296
2018-09-18,98599.96938744535
2018-09-19,98630.34747106006
2018-09-20,98943.72514405627
2018-09-21,98850.27847958992
2018-09-24,98902.73016849447
2018-09-25,98990.95637288621
2018-09-26,98991.99094167474
2018-09-27,99018.69033689865
2018-09-28,99036.12253081394
2018-10-01,99111.51527437822
2018-10-02,99244.97832470255
2018-10-03,99076.33825768091
2018-10-04,98612.04454322664
2018-10-05,98367.04532219323
2018-10-08,98110.2557781916
2018-10-09,98273.91705112466
2018-10-10,97775.51188131243
2018-10-11,97927.4159612781
2018-10-12,97990.64939026097
2018-10-15,98066.09009467899
2018-10-16,98229.24593908522
2018-10-17,98070.29228192437
2018-10-18,97879.767409558
2018-10-19,97929.39667835747
2018-10-22,97888.29389289481
2018-10-23,97784.87219598003
2018-10-24,97549.43145558645
2018-10-25,97627.06194320842
2018-10-26,97735.96637008063
2018-10-29,97581.65410819079
2018-10-30,97513.12103462579
2018-10-31,97357.27543905166
2018-11-01,97568.16013637304
2018-11-02,97435.02806149496
2018-11-05,97456.42480107158
2018-11-06,97428.79771256376
2018-11-07,97543.6341868413
2018-11-08,97428.80379220376
2018-11-09,97254.27291593999
2018-11-12,97096.50704211004
2018-11-13,97013.75323643259
2018-11-14,97111.47798869495
2018-11-15,97149.42966654008
2018-11-16,97327.68477502085
2018-11-19,97304.68935969417
2018-11-20,97082.85637394086
2018-11-21,97212.97694250428
2018-11-23,97088.46454715927
2018-11-26,97166.2253404696
2018-11-27,97087.0216111642
2018-11-28,97182.04258926756
2018-11-29,97254.64263152865
2018-11-30,97250.33949067886
2018-12-03,97588.76145278654
2018-12-04,97663.83965790013
2018-12-06,97667.54016404097
2018-12-07,97707.52066034683
2018-12-10,97628.72581305793
2018-12-11,97650.09918058249
2018-12-12,97689.49347423154
2018-12-13,97661.43056120272
2018-12-14,97524.60950366154
2018-12-17,97613.39994289268
2018-12-18,97678.7136730507
2018-12-19,97726.47043787307
2018-12-20,97838.58151363229
2018-12-21,97668.33494646856
2018-12-24,97841.92578037141
2018-12-26,97827.94377303372
2018-12-27,97934.17977735611
2018-12-28,98113.67276358955
2018-12-31,98218.19562806761
2019-01-02,98315.01738116489
2019-01-03,98580.25054319669
2019-01-04,98481.69953424297
2019-01-07,98537.63639294583
2019-01-08,98524.01778090338
2019-01-09,98712.25105013169
2019-01-10,98546.70983830003
2019-01-11,98593.28203318451
2019-01-14,98490.52572874639
2019-01-15,98540.99606362674
2019-01-16,98642.55367269364
2019-01-17,98681.51627076737
2019-01-18,98596.14389971098
2019-01-22,98565.36001722136
2019-01-23,98569.10723590023
2019-01-24,98686.00427735095
2019-01-25,98969.47285633275
2019-01-28,98822.8151580427
2019-01-29,98961.82773386023
2019-01-30,99295.5163016484
2019-01-31,99498.09942494624
2019-02-01,99402.34980279836
2019-02-04,99404.69268363956
2019-02-05,99610.66452630716
2019-02-06,99474.41076298425
2019-02-07,99333.19989084433
2019-02-08,99436.9172713637
2019-02-11,99281.36659481183
2019-02-12,99510.99161289808
2019-02-13,99434.72347923931
2019-02-14,99628.76553800801
2019-02-15,100010.24668741024
2019-02-19,100340.20981671134
2019-02-20,100321.80279638739
2019-02-21,99996.22417013769
2019-02-22,100258.27402063087
2019-02-25,100162.74548401593
2019-02-26,100348.17550549703
2019-02-27,100107.70964806869
2019-02-28,99945.42596370511
2019-03-01,99648.43028277578
2019-03-04,99694.54433162243
2019-03-05,99798.758999514
2019-03-06,99713.1115699672
2019-03-07,99524.3906330736
2019-03-08,99669.15261884421
2019-03-11,99836.42078513467
2019-03-12,100088.63685437235
2019-03-13,100348.86876726379
2019-03-14,100074.46126492549
2019-03-15,100413.21876255816
2019-03-18,100533.86958984147
2019-03-19,100622.43650637128
2019-03-20,100951.68168272212
2019-03-21,101032.40760239275
2019-03-22,100702.23723994386
2019-03-25,100842.40375700731
2019-03-26,100890.92726856956
2019-03-27,100847.31180548138
2019-03-28,100696.70361077346
2019-03-29,100827.01962520354
2019-04-01,101008.88238292112
2019-04-02,101143.53522806396
2019-04-03,101202.03967217416
2019-04-04,101232.70099188427
2019-04-05,101419.32573306366
2019-04-08,101533.89896185382
2019-04-09,101436.08694911035
2019-04-10,101779.12774111463
2019-04-11,101432.52445552144
2019-04-12,101565.64268289435
2019-04-15,101568.18728755983
2019-04-16,101446.26844715618
2019-04-17,101498.76290998497
2019-04-18,101622.40039802971
2019-04-22,101674.76039808715
2019-04-23,102001.04593780682
2019-04-24,101905.17400091488
2019-04-25,101951.71653881163
2019-04-26,101984.92846678405
2019-04-29,101970.7617122907
2019-04-30,101966.68015261914
2019-05-01,101770.55788711706
2019-05-02,101449.0170500718
2019-05-03,101956.28331401608
2019-05-06,101829.1347752475
2019-05-07,101212.45479995385
2019-05-08,101118.17849119229
2019-05-09,101024.40332830396
2019-05-10,101151.92117787695
2019-05-13,100638.85132447153
2019-05-14,100900.91857345216
2019-05-15,101195.39491819749
2019-05-16,101298.45584575503
2019-05-17,101012.13395340758
2019-05-20,100872.86942094819
2019-05-21,100989.14487140403
2019-05-22,100820.00143448162
2019-05-23,100603.16900275192
2019-05-24,100875.47582932752
2019-05-28,100876.3227223581
2019-05-29,100803.04292749226
2019-05-30,100977.93318478065
2019-05-31,100952.49568058421
2019-06-03,101245.66870320096
2019-06-04,101305.70573321934
2019-06-05,101137.7316522689
2019-06-06,101431.61262099809
2019-06-07,101886.79778176318
2019-06-10,101641.8747212467
2019-06-11,101698.26406860503
2019-06-12,101580.73234791588
2019-06-13,101860.63451182106
2019-06-14,101829.33991938636
2019-06-17,101853.55414027849
2019-06-18,102328.06381125224
2019-06-19,102539.97217335078
2019-06-20,103331.80639297894
2019-06-21,103226.93694777366
2019-06-24,103719.96051159695
2019-06-25,103667.87387236307
2019-06-26,103465.54178150442
2019-06-27,103629.90480011505
2019-06-28,103624.9515978371
2019-07-01,103367.24624648991
2019-07-02,103733.04386259387
2019-07-03,104172.89285277596
2019-07-05,103630.12891988675
2019-07-08,103351.48593658065
2019-07-09,103399.23262260816
2019-07-10,103932.45256549855
2019-07-11,103560.42231724205
2019-07-12,103812.3321893051
2019-07-15,103810.7757406523
2019-07-16,103352.82425309258
2019-07-17,103623.04324522246
2019-07-18,103804.14777019854
2019-07-19,103390.11131430371
2019-07-22,103464.70132712193
2019-07-23,103474.17961928896
2019-07-24,103653.90595921883
2019-07-25,103147.92276105686
2019-07-26,103393.72252245201
2019-07-29,103518.88275725282
2019-07-30,103401.3511730602
2019-07-31,103092.64853993186
2019-08-01,103364.66667687797
2019-08-02,103313.08850598466
2019-08-05,103222.2218982747
2019-08-06,103602.22512495398
2019-08-07,103757.06068881549
2019-08-08,104072.70189950851
2019-08-09,103953.98074298259
2019-08-12,104338.27667318439
2019-08-13,104521.13953580774
2019-08-14,104577.20770084448
2019-08-15,104891.0331093878
2019-08-16,104767.17694945497
2019-08-19,104405.74950175769
2019-08-20,104716.01276330717
2019-08-21,104659.79669073246
2019-08-22,104415.3807846232
2019-08-23,104688.15205327833
2019-08-26,104764.18108184116
2019-08-27,105160.06191738963
2019-08-28,105261.77880339127
2019-08-29,105294.81633678284
2019-08-30,105147.27430052507
2019-09-03,105250.50992806103
2019-09-04,105809.25118030328
2019-09-05,105358.91753717713
2019-09-06,105416.59720450224
2019-09-09,105236.6641050798
2019-09-10,104902.86995529529
2019-09-11,105056.17538624273
2019-09-12,105092.40683447172
2019-09-13,104763.37011910767
2019-09-16,105341.7821753597
2019-09-17,105230.18488035502
2019-09-18,105084.13756643547
2019-09-19,105324.23061117662
2019-09-20,105500.47656249898
2019-09-23,105567.87110794825
2019-09-24,105425.02723887622
2019-09-25,104947.06984297313
2019-09-26,105049.27435883485
2019-09-27,104770.78222731277
2019-09-30,104661.52924750131
2019-10-01,104498.90962909383
2019-10-02,104073.68605466787
2019-10-03,104356.00151280059
2019-10-04,104683.0892285966
2019-10-07,104429.10553517993
2019-10-08,104361.10036276668
2019-10-09,104472.82815201514
2019-10-10,104369.75233343536
2019-10-11,104570.49224923628
2019-10-14,104607.07095591514
2019-10-15,104616.66975990849
2019-10-16,104738.08784032692
2019-10-17,104831.10454241058
2019-10-18,104675.80661125373
2019-10-21,104741.10310626694
2019-10-22,104702.57501488872
2019-10-23,105014.05926667378
2019-10-24,105307.0423600151
2019-10-25,105507.75335661168
2019-10-28,105520.36561682697
2019-10-29,105301.04530735835
2019-10-30,105614.02947403955
2019-10-31,105765.31734733007
2019-11-01,106336.2152323072
2019-11-04,106454.50178137864
2019-11-05,106129.79271815077
2019-11-06,106032.29908707281
2019-11-07,105780.9841468991
2019-11-08,105775.9948067395
2019-11-11,105612.31626296078
2019-11-12,105768.60791995109
2019-11-13,105828.75691345586
2019-11-14,105879.97700095527
2019-11-15,106181.14414000433
2019-11-18,106145.85888549144
2019-11-19,106113.44573274783
2019-11-20,106157.42080348454
2019-11-21,106072.37991018538
2019-11-22,106127.26412390864
2019-11-25,106533.22697190044
2019-11-26,106772.85174360914
2019-11-27,106816.59963695979
2019-11-29,106252.06269887401
2019-12-02,105752.91295905459
2019-12-03,105859.46250314811
2019-12-04,106235.0328908981
2019-12-05,106206.65975623652
2019-12-06,106505.5553363033
2019-12-09,106310.07303036
2019-12-10,106406.67012670285
2019-12-11,106714.69532681076
2019-12-12,106931.6199958369
2019-12-13,107408.7769664079
2019-12-16,107945.92776770229
2019-12-17,107890.54137961933
2019-12-18,107823.95284005105
2019-12-19,108268.77933941939
2019-12-20,108477.62602112223
2019-12-23,108664.87945352236
2019-12-24,108882.27926172959
2019-12-26,109615.08121402291
2019-12-27,109662.48318315958
2019-12-30,109203.85394799849
2019-12-31,109166.09295818675
2020-01-02,110270.64783010993
2020-01-03,110277.40380622383
2020-01-06,110764.98775389905
2020-01-07,110699.16214841024
2020-01-08,110515.47057746317
2020-01-09,110723.43339527384
2020-01-10,110730.07594044792
2020-01-13,110985.57657638637
2020-01-14,110969.02050396634
2020-01-15,111045.68321418721
2020-01-16,111426.22917670016
2020-01-17,111703.87033191702
2020-01-21,111548.1896993667
2020-01-22,111477.85329384267
2020-01-23,111510.41247480064
2020-01-24,111000.24985981727
2020-01-27,109729.44814132908
2020-01-28,109954.04468534872
2020-01-29,110155.77006929112
2020-01-30,110115.90572557495
2020-01-31,109623.39936901518
2020-02-03,109572.79216315132
2020-02-04,109819.2742846784
2020-02-05,110057.17925999698
2020-02-06,110492.43800104107
2020-02-07,110368.40108080134
2020-02-10,110656.91859575346
2020-02-11,110704.98390102049
2020-02-12,111042.8964211762
2020-02-13,111052.5454854735
2020-02-14,111208.64488270195
2020-02-18,111520.59964249734
2020-02-19,112042.87982967729
2020-02-20,111831.38885253346
2020-02-21,111690.68847265274
2020-02-24,110251.52336221146
2020-02-25,109383.21746650035
2020-02-26,109378.92789151781
2020-02-27,108939.59144959669
2020-02-28,108221.23096802541
2020-03-02,108582.9776124535
2020-03-03,109392.606013449
2020-03-04,109562.01734046641
2020-03-05,110194.23081432818
2020-03-06,110863.56659160974
2020-03-09,110085.34920624338
2020-03-10,108909.51140203877
2020-03-11,107592.38453598773
2020-03-12,106032.01331740059
2020-03-13,105326.05050992128
2020-03-16,105918.5631986628
2020-03-17,104704.05651031031
2020-03-18,102942.44978525708
2020-03-19,103230.61645127098
2020-03-20,104787.27180888214
2020-03-23,106327.7971267408
2020-03-24,106880.21218028569
2020-03-25,106649.41661805795
2020-03-26,107197.80917881051
2020-03-27,107208.65865153371
2020-03-30,107314.27885782832
2020-03-31,106651.55366729596
2020-04-01,106559.13424497173
2020-04-02,106997.789790482
2020-04-03,107081.43301171681
2020-04-06,107751.98610224141
2020-04-07,107613.56493996145
2020-04-08,107484.38770585074
2020-04-09,108027.71991594433
2020-04-13,108224.79102034523
2020-04-14,108455.99476891379
2020-04-15,108390.02117364552
2020-04-16,108529.7495992491
2020-04-17,108208.83119672912
2020-04-20,108241.37962329751
2020-04-21,107837.60649158237
2020-04-22,108279.71734829992
2020-04-23,108480.82058788379
2020-04-24,108461.65488811221
2020-04-27,108185.80029388526
2020-04-28,108233.1213293298
2020-04-29,108540.06717540917
2020-04-30,108176.73281651622
2020-05-01,107960.0617519281
2020-05-04,108051.75398695914
2020-05-05,108205.43461736034
2020-05-06,107841.55516047766
2020-05-07,108321.85004286582
2020-05-08,108356.27913778565
2020-05-11,108239.28312532444
2020-05-12,108119.18577624086
2020-05-13,108153.22472083928
2020-05-14,108424.68781512133
2020-05-15,108552.22170137012
2020-05-18,108659.86568722274
2020-05-19,108712.99999743092
2020-05-20,109090.47423670578
2020-05-21,108746.57759884515
2020-05-22,108851.41994804487
2020-05-26,108734.86823545044
2020-05-27,108801.34168991463
2020-05-28,108862.11953155305
2020-05-29,109190.83859129479
2020-06-01,109467.11169461907
2020-06-02,109595.54451891509
2020-06-03,109590.82232361808
2020-06-04,109512.28785092992
2020-06-05,109916.20281589715
2020-06-08,110294.23790185337
2020-06-09,110477.64010332238
2020-06-10,110960.89754618431
2020-06-11,109185.10416545332
2020-06-12,109618.89402972141
2020-06-15,109894.98450811018
2020-06-16,110188.14570192024
2020-06-17,110249.42494785017
2020-06-18,110308.49442276979
2020-06-19,110441.4040663364
2020-06-22,110855.556598048
2020-06-23,111025.08494567234
2020-06-24,110309.84648276136
2020-06-25,110623.1759641805
2020-06-26,110345.75512646885
2020-06-29,110608.03772483493
2020-06-30,110784.99558328897
2020-07-01,110934.05936700187
2020-07-02,111126.89742870917
2020-07-06,111561.09090048615
2020-07-07,111506.01647330084
2020-07-08,111981.39990284215
2020-07-09,111970.47447843135
2020-07-10,112188.43558924354
2020-07-13,111613.45867354728
2020-07-14,111778.64814577372
2020-07-15,111997.74221487742
2020-07-16,111732.48131221879
2020-07-17,111881.38961676034
2020-07-20,112260.37948656407
2020-07-21,112320.32202588079
2020-07-22,112663.73939070987
2020-07-23,112447.7299239694
2020-07-24,112410.83722570624
2020-07-27,113030.50557467318
2020-07-28,112959.7332546323
2020-07-29,113303.04930347859
2020-07-30,112986.09080210121
2020-07-31,113121.61430856955
2020-08-03,113558.91795211764
2020-08-04,114147.78060935208
2020-08-05,114377.19558148061
2020-08-06,114981.71296210766
2020-08-07,114136.02961767215
2020-08-10,114156.44510273753
2020-08-11,112697.70550789055
2020-08-12,113269.66166981438
2020-08-13,113551.36469988615
2020-08-14,113381.78707383327
2020-08-17,114329.59950069652
2020-08-18,114715.90571952396
2020-08-19,114017.35335623895
2020-08-20,114311.47096854098
2020-08-21,114033.99645751568
2020-08-24,114357.19005732259
2020-08-25,114663.76269390428
2020-08-26,115201.42623492473
2020-08-27,114553.76410009062
2020-08-28,115072.31017472828
2020-08-31,115180.85839716825
2020-09-01,115639.58368870491
2020-09-02,115580.3769624882
2020-09-03,114318.10074258693
2020-09-04,113761.30658695911
2020-09-08,112895.62245683883
2020-09-09,113494.23841091614
2020-09-10,113101.40248352397
2020-09-11,113342.74795230097
2020-09-14,113583.07930371872
2020-09-15,113778.9225330556
2020-09-16,114012.27732267138
2020-09-17,114204.12551607697
2020-09-18,114097.44614110199
2020-09-21,113067.88066035483
2020-09-22,113020.99634170436
2020-09-23,112292.83516498333
2020-09-24,112478.70467883619
2020-09-25,112620.5396822156
2020-09-28,113103.17642965785
2020-09-29,112991.22837613788
2020-09-30,112904.76643680496
2020-10-01,112999.26563217238
2020-10-02,112504.25252995588
2020-10-05,112948.72427245272
2020-10-06,112662.43196474001
2020-10-07,112839.16038383215
2020-10-08,113278.7325300783
2020-10-09,113739.39014906937
2020-10-12,113952.84351627836
2020-10-13,113757.38219777684
2020-10-14,113829.6257266735
2020-10-15,113528.65652064105
2020-10-16,113345.58676761095
2020-10-19,113143.40078668186
2020-10-20,113345.08242966584
2020-10-21,113109.44723749509
2020-10-22,112913.30084466944
2020-10-23,112935.54734320406
2020-10-26,112460.13884516087
2020-10-27,112655.06373612063
2020-10-28,111451.17991527193
2020-10-29,111095.26433599635
2020-10-30,110815.6060629767
2020-11-02,111438.2786289876
2020-11-03,111823.36352514889
2020-11-04,112675.13113317204
2020-11-05,113466.63712219516
2020-11-06,113216.66528985625
2020-11-09,112600.50048826412
2020-11-10,112816.62194934953
2020-11-11,113113.84222630078
2020-11-12,112989.53755869015
2020-11-13,113288.63977022837
2020-11-16,113681.32767479794
2020-11-17,113775.12870581762
2020-11-18,113636.11835282706
2020-11-19,113905.39180364597
2020-11-20,114205.87967646972
2020-11-23,113962.0513621346
2020-11-24,114318.44776511172
2020-11-25,114464.57413850326
2020-11-27,114670.3079733389
2020-11-30,114079.9875350933
2020-12-01,114519.60341912003
2020-12-02,114575.16514423167
2020-12-03,114884.55850371283
2020-12-04,114879.97352585988
2020-12-07,115131.71880411748
2020-12-08,115377.68794710148
2020-12-09,114911.39000963053
2020-12-10,115419.58998596354
2020-12-11,115368.46793508864
2020-12-14,115393.6065397044
2020-12-15,115956.7599573968
2020-12-16,116226.4399278008
2020-12-17,116787.6451370817
2020-12-18,116631.74326110116
2020-12-21,116094.95354704073
2020-12-22,115797.12684081122
2020-12-23,116204.91536373846
2020-12-24,116445.3047593209
2020-12-28,116516.91317936796
2020-12-29,116684.58701011624
2020-12-30,116987.65228323784
2020-12-31,117048.20230454794
2021-01-04,116932.20688862262
2021-01-05,117673.78422813618
2021-01-06,117160.57805651837
2021-01-07,117327.77360658071
2021-01-08,117270.45195996114
2021-01-11,116646.04382142992
2021-01-12,117242.91908330722
2021-01-13,117347.2315457059
2021-01-14,117510.64359120012
2021-01-15,116693.72481513271
2021-01-19,117209.90772180352
2021-01-20,117800.84207775458
2021-01-21,117824.7474633566
2021-01-22,117201.76628490022
2021-01-25,117848.51745269122
2021-01-26,117872.48190973181
2021-01-27,116692.17841984301
2021-01-28,116709.3742598668
2021-01-29,116058.03928744102
2021-02-01,117022.89893697425
2021-02-02,117269.87181975106
2021-02-03,117142.50188739719
2021-02-04,117186.7348173211
2021-02-05,117426.87798668098
2021-02-08,118203.16872066555
2021-02-09,118440.37852766953
2021-02-10,118409.60152787791
2021-02-11,118445.70890957853
2021-02-12,118791.94990929033
2021-02-16,118830.31576135306
2021-02-17,118663.35195855811
2021-02-18,118218.54274379995
2021-02-19,118052.9828997805
2021-02-22,118309.07545384648
2021-02-23,118362.3665385173
2021-02-24,118861.78134191454
2021-02-25,117497.20684957126
2021-02-26,117123.58504567473
2021-03-01,117153.90155833642
2021-03-02,117236.55013971237
2021-03-03,116946.41283627712
2021-03-04,116873.87129858344
2021-03-05,117503.91834934881
2021-03-08,116947.34368864479
2021-03-09,117557.48990391928
2021-03-10,117857.969016278
2021-03-11,118234.45953899997
2021-03-12,117933.68588765743
2021-03-15,118104.12665130882
2021-03-16,118064.52938642699
2021-03-17,118202.49041829779
2021-03-18,116375.66709859608
2021-03-19,117081.01423306201
2021-03-22,117408.54983425309
2021-03-23,116501.77354900849
2021-03-24,116882.31125939859
2021-03-25,116374.3465169598
2021-03-26,117286.16788802895
2021-03-29,116973.61428754508
2021-03-30,116573.46364278912
2021-03-31,116785.38140398642
2021-04-01,117829.47031916995
2021-04-05,118131.86428346836
2021-04-06,118117.09128755062
2021-04-07,118106.19074747094
2021-04-08,118683.21889763346
2021-04-09,118729.5376332356
2021-04-12,118513.57068880061
2021-04-13,119261.57213576585
2021-04-14,119173.49004894448
2021-04-15,120225.23050891727
2021-04-16,120345.01845816908
2021-04-19,119999.56019306707
2021-04-20,119488.75611371071
2021-04-21,119991.42760182921
2021-04-22,119712.55212224029
2021-04-23,120275.8445150016
2021-04-26,120564.18719542764
2021-04-27,120343.49131719429
2021-04-28,120392.88508995547
2021-04-29,120445.4775188398
2021-04-30,119952.92885644054
2021-05-03,120378.67961361958
2021-05-04,119908.50347446205
2021-05-05,120313.15584420071
2021-05-06,120861.04354203113
2021-05-07,121334.51459050443
2021-05-10,120815.05153142611
2021-05-11,120607.97252560413
2021-05-12,119738.26175301106
2021-05-13,119700.4766741235
2021-05-14,120566.0738359555
2021-05-17,120813.92806141371
2021-05-18,120732.19521540405
2021-05-19,120301.22648951951
2021-05-20,120797.8498216624
2021-05-21,120936.53261397996
2021-05-24,121450.47393055471
2021-05-25,121744.81486811845
2021-05-26,121713.7206001652
2021-05-27,121795.83897717204
2021-05-28,121892.41926660924
2021-06-01,122010.40045797145
2021-06-02,122278.43337704432
2021-06-03,121502.12342531166
2021-06-04,122337.83716238003
2021-06-07,122463.64369841666
2021-06-08,122568.1885516322
2021-06-09,122608.85851683836
2021-06-10,122988.46910352678
2021-06-11,122736.0328618025
2021-06-14,122584.79174811764
2021-06-15,122348.27513366967
2021-06-16,121758.84098892094
2021-06-17,121258.19470932707
2021-06-18,121197.08076131971
2021-06-21,121416.81769394888
2021-06-22,121578.99368323752
2021-06-23,121495.49856359499
2021-06-24,121789.51208386742
2021-06-25,121601.39677219925
2021-06-28,121921.96587518048
2021-06-29,121960.65362291482
2021-06-30,122099.8866945618
2021-07-01,122229.46225974943
2021-07-02,122819.10204687665
2021-07-06,122753.92569721598
2021-07-07,122962.40685039274
2021-07-08,122866.65574685107
2021-07-09,123045.47702761569
2021-07-12,123149.50529644212
2021-07-13,123016.35054364135
2021-07-14,123370.61392806284
2021-07-15,123299.1592699784
2021-07-16,122862.14795965502
2021-07-19,122493.29686293412
2021-07-20,122604.72733928409
2021-07-21,122757.42629041546
2021-07-22,123236.5572194954
2021-07-23,123381.04106638863
2021-07-26,123416.92563153317
2021-07-27,123379.52164806228
2021-07-28,123653.05974368601
2021-07-29,124061.27633323433
2021-07-30,123798.02326488872
2021-08-02,123915.30470628873
2021-08-03,124087.1417189459
2021-08-04,123910.32937919282
2021-08-05,124132.35140825216
2021-08-06,123142.02859937737
2021-08-09,122709.6566675041
2021-08-10,122753.93608743661
2021-08-11,123048.73809502105
2021-08-12,123044.12179895528
2021-08-13,123642.68700247722
2021-08-16,123645.40338280458
2021-08-17,123118.12188560369
2021-08-18,122800.27018765216
2021-08-19,122666.68358177764
2021-08-20,122654.81733486315
2021-08-23,123612.52390443593
2021-08-24,123761.49434840181
2021-08-25,123593.0861422027
2021-08-26,123338.28384697545
2021-08-27,124226.60106470858
2021-08-30,124512.7103959785
2021-08-31,124311.78642571653
2021-09-01,124517.48878011615
2021-09-02,124766.44874985235
2021-09-03,124919.4522726412
2021-09-07,124343.54303605588
2021-09-08,124284.71311153198
2021-09-09,124378.52070781501
2021-09-10,124055.24642206459
2021-09-13,124478.3639266789
2021-09-14,124664.47832292192
2021-09-15,124923.25928345555
2021-09-16,124407.89521657082
2021-09-17,123633.37498670843
2021-09-20,123001.66925067513
2021-09-21,123287.89965699674
2021-09-22,123743.54058608504
2021-09-23,123628.41188597733
2021-09-24,123327.67563166228
2021-09-27,123250.6873974285
2021-09-28,121857.97583020318
2021-09-29,121798.4288469814
2021-09-30,122025.69413631358
2021-10-01,122429.38369308543
2021-10-04,122281.19826484467
2021-10-05,122414.52397107278
2021-10-06,122317.48462063895
2021-10-07,122422.75066669787
2021-10-08,122303.45923037114
2021-10-11,122186.88892954432
2021-10-12,122487.56922337576
2021-10-13,123221.44872738273
2021-10-14,123787.90031497096
2021-10-15,123684.7399445109
2021-10-18,123692.10412723715
2021-10-19,123789.05558634641
2021-10-20,123999.88527802592
2021-10-21,123843.55080335306
2021-10-22,124084.15489136819
2021-10-25,124460.52887636347
2021-10-26,124596.92524603772
2021-10-27,124705.53159873831
2021-10-28,125146.90960817195
2021-10-29,124989.1138569467
2021-11-01,125325.3103496988
2021-11-02,125466.08068011056
2021-11-03,125215.12241661904
2021-11-04,125844.29992047061
2021-11-05,126585.93214592195
2021-11-08,126656.07694523592
2021-11-09,126878.30914353681
2021-11-10,125937.32582625319
2021-11-11,126253.14924956765
2021-11-12,126544.3013927463
2021-11-15,126231.76436009932
2021-11-16,126130.23529489337
2021-11-17,126358.18559602123
2021-11-18,126666.17310764099
2021-11-19,126467.03608668283
2021-11-22,125425.3129486927
2021-11-23,125041.41383282909
2021-11-24,125153.67180253036
2021-11-26,123761.12264274413
2021-11-29,124069.5413692854
2021-11-30,123508.75548126797
2021-12-01,123345.46296535296
2021-12-02,123550.16486111186
2021-12-03,123621.91783414467
2021-12-06,123692.86407453445
2021-12-07,124259.78310051461
2021-12-08,124214.32072467644
2021-12-09,123577.67511321504
2021-12-10,123959.63675272102
2021-12-13,123887.45606031787
2021-12-14,123381.16247400314
2021-12-15,123759.47865262735
2021-12-16,123790.89683282138
2021-12-17,123542.59274161968
2021-12-20,123097.82709344316
2021-12-21,123615.26036301916
2021-12-22,124283.10031549796
2021-12-23,124418.17413141295
2021-12-27,124944.26022947923
2021-12-28,124667.21534510718
2021-12-29,124527.01771817016
2021-12-30,124674.76566103945
2021-12-31,124717.67396706723
2022-01-03,124231.93096844899
2022-01-04,124421.17168337968
2022-01-05,123773.49402667684
2022-01-06,123560.24050608215
2022-01-07,123531.25859916893
2022-01-10,123309.78071283533
2022-01-11,124075.84331285224
2022-01-12,124349.53956671234
2022-01-13,124082.23829401523
2022-01-14,123946.19697562701
2022-01-18,123484.10554843668
2022-01-19,123961.12327226126
2022-01-20,123823.62422072438
2022-01-21,123631.36305435115
2022-01-24,123452.83456661874
2022-01-25,123500.46446672003
2022-01-26,122985.21497672817
2022-01-27,122891.49648641267
2022-01-28,122932.26541019358
2022-01-31,123263.45678346827
2022-02-01,123436.7276520493
2022-02-02,123732.49509944959
2022-02-03,123324.34306402423
2022-02-04,123331.521285077
2022-02-07,123538.21954797245
2022-02-08,123518.0305411445
2022-02-09,124015.9934971801
2022-02-10,123464.28435698578
2022-02-11,123907.50570624268
2022-02-14,123896.87269938341
2022-02-15,123622.90995019904
2022-02-16,124016.5179694193
2022-02-17,124238.33168200884
2022-02-18,124289.2747417589
2022-02-22,124378.08274814537
2022-02-23,124370.41028038328
2022-02-24,124121.55183013804
2022-02-25,124122.01941274875
2022-02-28,124696.56299691676
2022-03-01,125675.22875196587
2022-03-02,125687.29776103585
2022-03-03,125957.441679597
2022-03-04,127029.26187777522
2022-03-07,127484.93894748283
2022-03-08,128599.78999714679
2022-03-09,126259.22345329495
2022-03-10,125916.15963268884
2022-03-11,125920.05853945742
2022-03-14,124760.04678694457
2022-03-15,123856.55257794482
2022-03-16,124252.46139464322
2022-03-17,125268.2550702103
2022-03-18,125341.65512464361
2022-03-21,125929.32799897797
2022-03-22,125721.28380411863
2022-03-23,126473.8575063362
2022-03-24,126748.29564509873
2022-03-25,126672.20813564214
2022-03-28,126334.25830537443
2022-03-29,127144.90274480345
2022-03-30,127197.24104724277
2022-03-31,126460.8929636202
2022-04-01,126547.90510795155
2022-04-04,127252.15143360363
2022-04-05,126104.24126729075
2022-04-06,125307.90985808779
2022-04-07,125399.72257974898
2022-04-08,125296.04639105564
2022-04-11,124666.70460426356
2022-04-12,125145.3094028155
2022-04-13,125622.10636849816
2022-04-14,125385.22930639067
2022-04-18,125467.2339042061
2022-04-19,125033.97162659082
2022-04-20,125299.61296376155
2022-04-21,124981.52174513567
2022-04-22,124262.23143368961
2022-04-25,123911.85985034112
2022-04-26,123746.49733856942
2022-04-27,123669.25560835692
2022-04-28,124005.86053599151
2022-04-29,123633.38607046961
2022-05-02,123410.0742334769
2022-05-03,123443.19377251795
2022-05-04,124089.37298712939
2022-05-05,123394.01549414561
2022-05-06,123231.15598436652
2022-05-09,122407.38566146325
2022-05-10,122403.28107386178
2022-05-11,122706.92321818364
2022-05-12,122552.15596762684
2022-05-13,122699.88933100428
2022-05-16,122906.98843369768
2022-05-17,122869.4174783818
2022-05-18,122489.68739710168
2022-05-19,122768.20304354213
2022-05-20,122897.20356282222
2022-05-23,123086.87301994108
2022-05-24,123234.25284925569
2022-05-25,123291.79859382592
2022-05-26,123479.74679065897
2022-05-27,123778.31611449852
2022-05-31,123433.41769382136
2022-06-01,123392.96202942173
2022-06-02,123923.91956201407
2022-06-03,123687.78293266166
2022-06-06,123563.75874072847
2022-06-07,123847.96703030966
2022-06-08,123665.08349121889
2022-06-09,123230.0771835148
2022-06-10,122836.75133729285
2022-06-13,121957.09341463978
2022-06-14,121727.16447920671
2022-06-15,122028.50059981382
2022-06-16,122023.370556175
2022-06-17,121692.67645082746
2022-06-21,121699.62703535361
2022-06-22,121692.53937153568
2022-06-23,121536.7279606594
2022-06-24,121742.91485588907
2022-06-27,121660.92942337427
2022-06-28,121673.76935734223
2022-06-29,121614.22587649216
2022-06-30,121366.62584457884
2022-07-01,121474.32912688807
2022-07-05,120845.93084444402
2022-07-06,120591.00609481783
2022-07-07,120843.32777408985
2022-07-08,120892.9512667379
2022-07-11,120842.122848645
2022-07-12,120590.30175388156
2022-07-13,120694.34286487343
2022-07-14,120474.60702258164
2022-07-15,120654.65640246196
2022-07-18,120704.38644359047
2022-07-19,120889.41376782148
2022-07-20,120837.62960609344
2022-07-21,120995.34673661241
2022-07-22,121001.59913148078
2022-07-25,121078.88482536882
2022-07-26,120964.02552354019
2022-07-27,121338.74187119125
2022-07-28,121530.72030583839
2022-07-29,121718.05635166798
2022-08-01,121799.4864406406
2022-08-02,121461.65782625694
2022-08-03,121712.38300693396
2022-08-04,121847.87426572348
2022-08-05,121517.9077995171
2022-08-08,121728.06379924767
2022-08-09,121650.77740645906
2022-08-10,121965.93570775446
2022-08-11,121807.71790057546
2022-08-12,122148.48721378746
2022-08-15,122035.41321001355
2022-08-16,121994.22819093805
2022-08-17,121730.62048916092
2022-08-18,121784.89980761251
2022-08-19,121375.42152076062
2022-08-22,121016.78508234027
2022-08-23,121099.74641079897
2022-08-24,121150.7780278742
2022-08-25,121322.60910508462
2022-08-26,121010.09459894363
2022-08-29,121000.00431613046
2022-08-30,120785.19353816433
2022-08-31,120559.0182619313
2022-09-01,120280.4515086705
2022-09-02,120344.2111810683
2022-09-06,120161.20613183964
2022-09-07,120306.7219550164
2022-09-08,120265.23376678744
2022-09-09,120546.7482263462
2022-09-12,120680.90941721718
2022-09-13,120298.58853152944
2022-09-14,120351.42214079408
2022-09-15,120070.7298482278
2022-09-16,120011.76479291522
2022-09-19,120085.1314525446
2022-09-20,119922.57391967831
2022-09-21,119919.92137494667
2022-09-22,119769.95059080696
2022-09-23,119437.3719070963
2022-09-26,119197.84978892718
2022-09-27,119150.73030009525
2022-09-28,119528.06287895268
2022-09-29,119428.16250914744
2022-09-30,119324.99995869018
2022-10-03,119689.85352417511
2022-10-04,120013.47127533668
2022-10-05,119990.62912334185
2022-10-06,119898.35222952683
2022-10-07,119693.50269162735
2022-10-10,119478.43454882453
2022-10-11,119399.40642208602
2022-10-12,119440.89403169915
2022-10-13,119550.5928551172
2022-10-14,119308.18801624508
2022-10-17,119467.81900127933
2022-10-18,119525.3780456704
2022-10-19,119365.96033807556
2022-10-20,119300.16474067871
2022-10-21,119474.74824447959
2022-10-24,119492.6922487309
2022-10-25,119719.04726535013
2022-10-26,119882.3723868793
2022-10-27,119873.81767502043
2022-10-28,119954.32002101258
2022-10-31,119792.44112671651
2022-11-01,119916.64619809322
2022-11-02,119681.69781024559
2022-11-03,119535.89549890911
2022-11-04,120015.02697350015
2022-11-07,119982.36636298356
2022-11-08,120187.74497180985
2022-11-09,119953.23787842959
2022-11-10,120754.26326327285
2022-11-11,121051.24193447342
2022-11-14,120891.52680729223
2022-11-15,121130.10434301439
2022-11-16,121101.23173970495
2022-11-17,120978.81703947872
2022-11-18,120911.38556018018
2022-11-21,120764.33521295087
2022-11-22,121093.13648347976
2022-11-23,121336.06423854618
2022-11-25,121335.36341339929
2022-11-28,121066.75181887379
2022-11-29,121085.8763494145
2022-11-30,121691.4995053555
2022-12-01,122102.01555369842
2022-12-02,122103.64171442874
2022-12-05,121513.6074225428
2022-12-06,121462.10797803763
2022-12-07,121712.73318117196
2022-12-08,121811.43473848178
2022-12-09,121546.04831359627
2022-12-12,121668.55553311532
2022-12-13,122186.08769172439
2022-12-14,122192.59617086341
2022-12-15,121582.53039299382
2022-12-16,121371.60633941524
2022-12-19,121108.702685221
2022-12-20,121126.26692439266
2022-12-21,121344.57418409568
2022-12-22,121079.98200151017
2022-12-23,121117.9732346272
2022-12-27,121135.12368732275
2022-12-28,120849.18999885346
2022-12-29,121209.80087439026
2022-12-30,121143.7023656068
2023-01-03,121318.79079340631
2023-01-04,121582.75734753435
2023-01-05,121336.01296225334
2023-01-06,122052.64951383224
2023-01-09,122261.68962169692
2023-01-10,122237.01740287493
2023-01-11,122634.82284189419
2023-01-12,123206.6813861595
2023-01-13,123440.08140133465
2023-01-17,123364.95593796887
2023-01-18,123447.18463129978
2023-01-19,123548.50593678356
2023-01-20,123554.8701595949
2023-01-23,123699.08094537247
2023-01-24,123901.0310782998
2023-01-25,124072.35095516602
2023-01-26,124053.20299978774
2023-01-27,123987.95067855102
2023-01-30,123563.66838326548
2023-01-31,124028.10404402598
2023-02-01,124540.82914103019
2023-02-02,124486.69906258116
2023-02-03,123444.88588564421
2023-02-06,123166.3526095462
2023-02-07,123483.86148509767
2023-02-08,123307.80475782818
2023-02-09,123028.13896581251
2023-02-10,122888.50988883304
2023-02-13,123183.38336174161
2023-02-14,123275.85327250279
2023-02-15,123046.67472322544
2023-02-16,122603.44736715735
2023-02-17,122651.01251107326
2023-02-21,122069.28051815544
2023-02-22,121977.01278362102
2023-02-23,122251.72266423056
2023-02-24,121701.65010636256
2023-02-27,122007.60701634549
2023-02-28,122017.95297688953
2023-03-01,122112.74236019498
2023-03-02,122101.07531396073
2023-03-03,122893.30108814515
2023-03-06,122703.52049507489
2023-03-07,122088.7275034924
2023-03-08,122195.31157136141
2023-03-09,121981.95157372288
2023-03-10,122328.8168965204
2023-03-13,122420.2809883976
2023-03-14,122328.1456696445
2023-03-15,122220.57682703408
2023-03-16,122393.69844828689
2023-03-17,122799.25294759547
2023-03-20,122877.21120737694
2023-03-21,122728.56052243018
2023-03-22,123006.53292962923
2023-03-23,123289.45921545589
2023-03-24,123211.73447409285
2023-03-27,122859.73990705133
2023-03-28,123003.26057077614
2023-03-29,123209.06325136565
2023-03-30,123666.99342987462
2023-03-31,124102.31601414709
2023-04-03,124503.53280553037
2023-04-04,124794.82815797684
2023-04-05,124782.54784027267
2023-04-06,124860.52080859072
2023-04-10,124479.50765213788
2023-04-11,124637.73383338185
2023-04-12,124763.72617786092
2023-04-13,125222.8687882873
2023-04-14,124789.08735725179
2023-04-17,124506.53271261949
2023-04-18,124725.35642341859
2023-04-19,124473.14831900607
2023-04-20,124473.28981466705
2023-04-21,124344.37912142715
2023-04-24,124613.74324936645
2023-04-25,124353.99877693658
2023-04-26,124052.8892241604
2023-04-27,124373.07865830809
2023-04-28,124763.17920208271
2023-05-01,124225.734561102
2023-05-02,124335.72717026752
2023-05-03,124403.17751352485
2023-05-04,124346.79720695174
2023-05-05,124620.63038219546
2023-05-08,124533.77846142373
2023-05-09,124505.34094347889
2023-05-10,124668.56591327328
2023-05-11,124551.97758289646
2023-05-12,124289.90810003004
2023-05-15,124444.86067071474
2023-05-16,124032.68503741547
2023-05-17,124254.68324912555
2023-05-18,124127.71449115968
2023-05-19,124224.22309033375
2023-05-22,124222.86266277201
2023-05-23,123922.94802890178
2023-05-24,123500.49924318121
2023-05-25,123506.3230046806
2023-05-26,124183.11401987787
2023-05-30,124078.20576066102
2023-05-31,123885.15738122752
2023-06-01,124452.14971681822
2023-06-02,124511.02781079694
2023-06-05,124490.72361269037
2023-06-06,124695.07045797864
2023-06-07,123998.6255980609
2023-06-08,124627.09712040835
2023-06-09,124611.36250320484
2023-06-12,124929.68717369057
2023-06-13,125124.24664997686
2023-06-14,125418.72213943093
2023-06-15,126157.12293173105
2023-06-16,126053.9284894604
2023-06-20,125704.3991460136
2023-06-21,125632.22246897078
2023-06-22,125313.66740996456
2023-06-23,124883.68138534525
2023-06-26,124688.79238170706
2023-06-27,124872.72636870004
2023-06-28,124916.36763486086
2023-06-29,124661.76520954844
2023-06-30,125341.7877006422
2023-07-03,125321.25989180112
2023-07-05,125070.16769650736
2023-07-06,124495.66933488371
2023-07-07,124692.52676097912
2023-07-10,124806.73154690186
2023-07-11,125285.22987973756
2023-07-12,126151.0307012727
2023-07-13,126976.94027915197
2023-07-14,126654.97214820358
2023-07-17,126665.822327128
2023-07-18,127345.87154893833
2023-07-19,127580.89327666585
2023-07-20,126945.68593699706
2023-07-21,127004.35772394491
2023-07-24,127223.46472021553
2023-07-25,127502.26165610211
2023-07-26,127477.19887643884
2023-07-27,126914.65218396085
2023-07-28,127610.51696140265
2023-07-31,127793.35221232483
2023-08-01,127116.0495813777
2023-08-02,126045.11458702962
2023-08-03,125864.09196912842
2023-08-04,126128.82516125258
2023-08-07,126206.55235233926
2023-08-08,126067.30504170776
2023-08-09,126079.94134071702
2023-08-10,125854.4868466629
2023-08-11,125648.77208183939
2023-08-14,125580.77817645634
2023-08-15,124995.36050125107
2023-08-16,124590.56757986455
2023-08-17,124396.07464654915
2023-08-18,124540.07350928444
2023-08-21,124598.39078618275
2023-08-22,124670.90325611187
2023-08-23,125345.8821983549
2023-08-24,124901.88150274585
2023-08-25,125276.42291230366
2023-08-28,125493.17732502188
2023-08-29,126211.97062875649
2023-08-30,126337.55592221873
2023-08-31,126430.30219737238
2023-09-01,126482.50287783195
2023-09-05,126213.58868205619
2023-09-06,126091.97144629012
2023-09-07,125977.47710109683
2023-09-08,126074.08756496933
2023-09-11,126434.79570817824
2023-09-12,126324.05697368958
2023-09-13,126377.36795396791
2023-09-14,126763.02706831408
2023-09-15,126514.17421490783
2023-09-18,126634.90132371019
2023-09-19,126560.56620254836
2023-09-20,126214.95369886505
2023-09-21,125359.31166383726
2023-09-22,125545.66611058256
2023-09-25,125110.89453073248
2023-09-26,124648.21318433621
2023-09-27,124567.09110866922
2023-09-28,124650.49831770023
2023-09-29,124205.74717427665
2023-10-02,123650.01284351146
2023-10-03,123031.92816304378
2023-10-04,122711.05187985324
2023-10-05,122580.99013371608
2023-10-06,122861.74276197891
2023-10-09,123645.59659774716
2023-10-10,123784.00363080746
2023-10-11,124082.27424176573
2023-10-12,123641.2381891117
2023-10-13,124522.9722682483
2023-10-16,124432.83468746688
2023-10-17,124412.67739546753
2023-10-18,124425.90646940391
2023-10-19,124526.02818061253
2023-10-20,124263.27533276647
2023-10-23,124205.91624048032
2023-10-24,124242.44031140467
2023-10-25,123982.26296195695
2023-10-26,123780.8243308039
2023-10-27,124213.2630703784
2023-10-30,124056.26200198181
2023-10-31,123942.14708390336
2023-11-01,124397.90353136699
2023-11-02,125282.46718601053
2023-11-03,125642.37881483254
2023-11-06,125414.19992018476
2023-11-07,125228.74975223705
2023-11-08,125073.51889785792
2023-11-09,124736.28041023675
2023-11-10,125043.16581677014
2023-11-13,125289.20889882653
2023-11-14,126388.7481004776
2023-11-15,126099.59944802198
2023-11-16,126147.43278188
2023-11-17,126578.85163848131
2023-11-20,127006.26089887293
2023-11-21,127136.71531236306
2023-11-22,127089.99721618554
2023-11-24,127074.109023569
2023-11-27,127273.59418865491
2023-11-28,127768.975649643
2023-11-29,128082.2434491575
2023-11-30,127587.13456052274
2023-12-01,128381.82701585066
2023-12-04,127514.8038861496
2023-12-05,127630.90260616
2023-12-06,127641.19510178707
2023-12-07,127888.05487390226
2023-12-08,127636.48131967057
2023-12-11,127518.46345642721
2023-12-12,127676.45347163419
2023-12-13,129138.73690698747
2023-12-14,129933.8040000037
2023-12-15,129720.06706252632
2023-12-18,129989.23678134482
2023-12-19,130635.57478516677
2023-12-20,129876.23969191207
2023-12-21,130573.02688497055
2023-12-22,130624.0276886689
2023-12-26,131215.16487614135
2023-12-27,131780.6704591505
2023-12-28,131350.91102866567
2023-12-29,130992.87824091385
2024-01-02,130020.83504784819
2024-01-03,129607.99792335497
2024-01-04,129194.96195919691
2024-01-05,129127.35450696058
2024-01-08,129755.97992344938
2024-01-09,129610.33985553097
2024-01-10,129765.56196115432
2024-01-11,130020.15908675721
2024-01-12,130309.33776231656
2024-01-16,129393.46094858304
2024-01-17,128796.92914394145
2024-01-18,129409.48860315808
2024-01-19,130070.98515567029
2024-01-22,130245.67472345107
2024-01-23,130320.31817959988
2024-01-24,130513.75775740604
2024-01-25,130851.90048218053
2024-01-26,130772.0235717881
2024-01-29,131391.00298996162
2024-01-30,131473.86538705582
2024-01-31,130916.69636674473
2024-02-01,131645.46795588563
2024-02-02,131134.88176638584
2024-02-05,130624.52841444002
2024-02-06,130979.72371972466
2024-02-07,131186.27469808565
2024-02-08,131177.40883314068
2024-02-09,131425.73112877784
2024-02-12,131353.88138536646
2024-02-13,130112.69078911465
2024-02-14,130494.98107941897
2024-02-15,130993.32581163346
2024-02-16,130840.67859710853
2024-02-20,130803.2007626949
2024-02-21,130700.5464833661
2024-02-22,131669.36313761337
2024-02-23,131715.46295110515
2024-02-26,131721.09554430272
2024-02-27,131825.15450476226
2024-02-28,131635.5517411777
2024-02-29,131998.51788928438
2024-03-01,132995.49114625723
2024-03-04,133209.5101131536
2024-03-05,133037.49174779654
2024-03-06,133818.24290569837
2024-03-07,134483.16859099988
2024-03-08,134279.17989231233
2024-03-11,134289.5795741558
2024-03-12,134274.99163835504
2024-03-13,134530.51022794176
2024-03-14,134087.90910985027
2024-03-15,133905.9264342573
2024-03-18,134268.41571958343
2024-03-19,134358.96758617324
2024-03-20,135005.94522651302
2024-03-21,135052.9259726293
2024-03-22,134785.84964744817
2024-03-25,134892.70548286682
2024-03-26,134796.22158564764
2024-03-27,135260.46354532923
2024-03-28,135727.12131279043
2024-04-01,135720.9280715502
2024-04-02,135908.9291411421
2024-04-03,136556.22469327695
2024-04-04,136178.9768159369
2024-04-05,136762.9142760396
2024-04-08,137015.21003601205
2024-04-09,137168.0368523703
2024-04-10,136408.54233013425
2024-04-11,137059.90436021006
2024-04-12,136267.89864001726
2024-04-15,136372.20029346988
2024-04-16,136106.10311960377
2024-04-17,135486.19065258012
2024-04-18,135445.99393779476
2024-04-19,135589.0086526873
2024-04-22,135191.4861653635
2024-04-23,135544.61794317226
2024-04-24,135376.85617055593
2024-04-25,135482.84834228718
2024-04-26,135908.16945744774
2024-04-29,136028.6800106555
2024-04-30,134794.44998186972
2024-05-01,134567.37599771176
2024-05-02,135023.81608164843
2024-05-03,135554.10700998752
2024-05-06,136399.88144822602
2024-05-07,136457.62275036433
2024-05-08,136153.17019441747
2024-05-09,136795.65681376378
2024-05-10,136897.24636924732
2024-05-13,136955.2151957883
2024-05-14,137356.89452991623
2024-05-15,138394.42404067825
2024-05-16,138231.7076145443
2024-05-17,138785.9107416154
2024-05-20,139206.30902273668
2024-05-21,139146.5832444921
2024-05-22,138152.5519736326
2024-05-23,137355.814391704
2024-05-24,137972.34297953418
2024-05-28,138485.5562174407
2024-05-29,137327.21307000573
2024-05-30,137223.14869181628
2024-05-31,137376.19004498053
2024-06-03,137624.85932482584
2024-06-04,137509.99539124517
2024-06-05,138448.7728897193
2024-06-06,138861.18722667673
2024-06-07,137324.8543288836
2024-06-10,137664.50791500355
2024-06-11,137778.94438646518
2024-06-12,138591.25834315515
2024-06-13,138587.6608508253
2024-06-14,138753.87964235034
2024-06-17,138810.95370262366
2024-06-18,139361.97089656952
2024-06-20,139305.03218095299
2024-06-21,138696.20763450986
2024-06-24,138984.99019236356
2024-06-25,139019.80856725937
2024-06-26,138461.43164490463
2024-06-27,138913.29261283725
2024-06-28,138292.10958763637
2024-07-01,138420.9893806849
2024-07-02,138906.9738229297
2024-07-03,139911.95956393026
2024-07-05,140762.9559837165
2024-07-08,140213.00574875445
2024-07-09,139915.57016866398
2024-07-10,140618.94412616157
2024-07-11,140769.91800624732
2024-07-12,141156.1691341969
2024-07-15,140626.72613592492
2024-07-16,141345.99354868295
2024-07-17,140498.17591512087
2024-07-18,139750.84027213705
2024-07-19,138819.6348861944
2024-07-22,139167.9802821412
2024-07-23,138886.17636441067
2024-07-24,137963.42691949886
2024-07-25,137691.12161752995
2024-07-26,138221.07695501315
2024-07-29,138169.38315391162
2024-07-30,138305.2742403229
2024-07-31,139703.77767948562
2024-08-01,138848.5905256011
2024-08-02,138730.9512550067
2024-08-05,137879.4243969649
2024-08-06,137030.6532352786
2024-08-07,136971.39360709253
2024-08-08,137591.57968570845
2024-08-09,138094.06930198116
2024-08-12,138681.4465360748
2024-08-13,139199.96230374978
2024-08-14,139211.54831290923
2024-08-15,139668.6656156291
2024-08-16,140195.1284634138
2024-08-19,140635.41913574305
2024-08-20,140780.3633128125
2024-08-21,140985.13293211616
2024-08-22,140142.84059513424
2024-08-23,141379.49776496057
2024-08-26,141298.80274591292
2024-08-27,141366.25381527664
2024-08-28,140794.5836278618
2024-08-29,141102.6848028194
2024-08-30,140664.0236081574
2024-09-03,139882.1137384746
2024-09-04,139950.7358234655
2024-09-05,140305.04622754556
2024-09-06,139381.13333310667
2024-09-09,139900.79561534806
2024-09-10,139966.5894058548
2024-09-11,140325.5809799576
2024-09-12,141026.10584420312
2024-09-13,141408.90862435955
2024-09-16,141901.8783104319
2024-09-17,141649.2646973632
2024-09-18,140945.9699597074
2024-09-19,142125.42991135948
2024-09-20,142052.8845250016
2024-09-23,142162.54188188855
2024-09-24,142933.90647830794
2024-09-25,142416.28372604496
2024-09-26,142978.5342165827
2024-09-27,142839.30836167466
2024-09-30,142457.87147030272
2024-10-01,142889.5004082355
2024-10-02,142781.65281942708
2024-10-03,142659.63033905142
2024-10-04,142583.20621847574
2024-10-07,142455.55639149336
2024-10-08,141786.34891637546
2024-10-09,141323.2818620898
2024-10-10,141839.43571866138
2024-10-11,142103.59215994825
2024-10-14,141819.5843934165
2024-10-15,141194.41331187732
2024-10-16,141393.62816684
2024-10-17,141169.41124770982
2024-10-18,141504.17011596734
2024-10-21,140937.84067039957
2024-10-22,141487.58318485945
2024-10-23,140655.07249017368
2024-10-24,141177.1494158407
2024-10-25,141277.0787416506
2024-10-28,140750.6973143269
2024-10-29,141133.2425829719
2024-10-30,141252.7296837028
2024-10-31,140416.98764843825
2024-11-01,139982.18764614104
2024-11-04,140621.0995474541
2024-11-05,141310.97223152814
2024-11-06,140084.85650013533
2024-11-07,141746.39797040087
2024-11-08,141380.69087841507
2024-11-11,140419.9165148292
2024-11-12,139413.70180670702
2024-11-13,138799.99086777243
2024-11-14,138575.13917043805
2024-11-15,137549.4541023865
2024-11-18,138520.62512342088
2024-11-19,138996.44675019738
2024-11-20,139001.28923819927
2024-11-21,139372.6345345461
2024-11-22,139776.59087233464
2024-11-25,139517.35460442863
2024-11-26,139517.86978956067
2024-11-27,139562.50584043068
2024-11-29,140376.41537984557
2024-12-02,140426.13498927472
2024-12-03,140748.14984623645
2024-12-04,141480.66172181314
2024-12-05,141355.5996695942
2024-12-06,141643.5555648867
2024-12-09,141420.97063287324
2024-12-10,141262.67164949782
2024-12-11,142338.47042006726
2024-12-12,141300.0600473027
2024-12-13,141125.36426492265
2024-12-16,141693.06423003826
2024-12-17,141316.32440474877
2024-12-18,138651.17057409638
2024-12-19,138381.87918415255
2024-12-20,138749.1462211326
2024-12-23,138815.45406759199
2024-12-24,139498.74105911353
2024-12-26,139611.82087716527
2024-12-27,138874.91843480512
2024-12-30,138654.24511823658
2024-12-31,138694.63350266995
2025-01-02,139067.1357019462
2025-01-03,139037.48366603913
2025-01-06,139295.07663675502
2025-01-07,139126.34495740547
2025-01-08,139182.51406412697
2025-01-10,139388.08384683396
2025-01-13,139298.35006834267
2025-01-14,139416.23605407568
2025-01-15,140628.6250605105
2025-01-16,140705.6172244356
2025-01-17,140780.66991089194
2025-01-21,141516.6050329522
2025-01-22,141611.7280739504
2025-01-23,141592.18064492592
2025-01-24,141846.78108188073
2025-01-27,141092.21331267522
2025-01-28,141399.50392669463
2025-01-29,141318.23448000854
2025-01-30,142005.60186406522
2025-01-31,141646.62392092627
2025-02-03,141711.61501982514
2025-02-04,142401.41133526922
2025-02-05,142865.3675806682
2025-02-06,142989.33499491567
2025-02-07,142572.42284341477
2025-02-10,143482.51344214738
2025-02-11,143612.02433553227
2025-02-12,143202.2895366416
2025-02-13,144232.6090817966
2025-02-14,144118.24405001674
2025-02-18,144880.607419612
2025-02-19,144855.2128271072
2025-02-20,145061.67768951648
2025-02-21,144441.27755194885
2025-02-24,144384.16697826318
2025-02-25,144248.9882630508
2025-02-26,144202.8629665515
2025-02-27,143316.20919069974
2025-02-28,143376.4448398808
2025-03-03,143700.74270715544
2025-03-04,143626.9972646192
2025-03-05,144091.89841465125
2025-03-06,143491.99758526013
2025-03-07,143939.8074263556
2025-03-10,143100.57199776883
2025-03-11,143224.66065388088
2025-03-12,143399.71512448328
2025-03-13,143658.79872372834
2025-03-14,144197.70418016578
2025-03-17,144867.28421319934
2025-03-18,145059.18610449988
2025-03-19,145499.58465322398
2025-03-20,145295.3232809049
2025-03-21,144715.490473591
2025-03-24,144557.02421261484
2025-03-25,144848.3287892676
2025-03-26,144311.41182460354
2025-03-27,144663.94925509894
2025-03-28,144730.61529222233
2025-03-31,145306.89734599335
2025-04-01,145472.97963948618
2025-04-02,145727.05571593973
2025-04-03,144171.0282253328
2025-04-04,141739.97535083018
2025-04-07,139899.07589539012
2025-04-08,139355.16299802272
2025-04-09,141347.16274736472
2025-04-10,140929.54553724377
2025-04-11,141934.0843912229
2025-04-14,142110.06193416804
2025-04-15,142399.7023736476
2025-04-16,143273.70934068353
2025-04-17,143348.94765501033
2025-04-21,143464.16329587338
2025-04-22,143732.80551129684
2025-04-23,143343.43366628984
2025-04-24,144351.11639821788
2025-04-25,144387.50323802792
2025-04-28,144902.52732689783
2025-04-29,144790.42861123162
2025-04-30,144167.24066641173
2025-05-01,143700.97003344132
2025-05-02,144162.41652463976
2025-05-05,144408.20846604023
2025-05-06,144913.15358392007
2025-05-07,144587.468271085
2025-05-08,144333.99110087618
2025-05-09,144670.69841219822
2025-05-12,144967.78740698268
2025-05-13,145613.8379175198
2025-05-14,145166.90489533305
2025-05-15,145640.58486522478
2025-05-16,145593.92466658616
2025-05-19,145942.9345493234
2025-05-20,146322.13812164473
2025-05-21,145645.63883952753
2025-05-22,145531.2592998184
2025-05-23,145820.8774093697
2025-05-27,146388.44708036038
2025-05-28,145897.6220514679
2025-05-29,146214.32766611697
2025-05-30,146013.9649693941
2025-06-02,147020.34614311618
2025-06-03,147049.39433295612
2025-06-04,147545.94180511314
2025-06-05,147344.15072940153
2025-06-06,147403.63888412347
2025-06-09,147554.30050777068
2025-06-10,147844.97281118005
2025-06-11,148140.00881083022
2025-06-12,148741.38900447614
2025-06-13,148750.12101463808
2025-06-16,148725.83510758742
2025-06-17,148987.6387741583
2025-06-18,149045.8521607692
2025-06-20,148882.30126060636
2025-06-23,148405.8462238282
2025-06-24,148324.50436147948
2025-06-25,148320.00051967343
2025-06-26,149108.92245898666
2025-06-27,149032.9888195544
2025-06-30,149831.16843589497
2025-07-01,149532.60501979763
2025-07-02,150270.27640756808
2025-07-03,150558.34761826467
2025-07-07,149634.80332167735
2025-07-08,149761.1031418
2025-07-09,150583.15383703
2025-07-10,150467.89018931924
2025-07-11,150165.0810285716
2025-07-14,150111.94755596432
2025-07-15,149687.88961971586
2025-07-16,149964.69865017498
2025-07-17,150577.43072028732
2025-07-18,150542.58194559818
2025-07-21,151295.76748087717
2025-07-22,151348.2122069694
2025-07-23,151895.54615342696
2025-07-24,151733.45793249732
2025-07-25,151618.1865521714
2025-07-28,151377.07628390897
2025-07-29,151845.40291465196
2025-07-30,151379.14382772415
2025-07-31,150695.00800977365
2025-08-01,149690.4980965231
2025-08-04,150671.3112641946
2025-08-05,150388.09165438084
2025-08-06,150727.24240013165
2025-08-07,151185.29177013907
2025-08-08,151555.4682653786
2025-08-11,151164.8765641186
2025-08-12,151743.68749165593
2025-08-13,152181.8777193184
2025-08-14,151911.2853271225
2025-08-15,151638.17196883832
2025-08-18,151506.96942582278
2025-08-19,150919.26994993893
2025-08-20,151182.41175130967
2025-08-21,150767.30964844796
2025-08-22,152092.20937834043
2025-08-25,151618.71302995892
2025-08-26,151709.13161233862
2025-08-27,151729.58176094102
2025-08-28,152460.68012935173
2025-08-29,151827.00804828966
2025-09-02,151698.98408461784
2025-09-03,152267.33020639964
2025-09-04,152670.31083919114
2025-09-05,153395.8886028629
2025-09-08,154569.71306619715
2025-09-09,154371.48346253246
2025-09-10,154778.50639613223
2025-09-11,155275.9882368974
2025-09-12,155306.00957401324
2025-09-15,156209.63436141415
2025-09-16,156438.44368538406
2025-09-17,155820.03239966315
2025-09-18,155633.4772575335
2025-09-19,155755.47994499363
2025-09-22,156267.08530527426
2025-09-23,156526.05198259425
2025-09-24,156068.96206401664
2025-09-25,155997.06112058312
2025-09-26,156408.47289447818
2025-09-29,157136.91051529598
2025-09-30,157324.25100364367
2025-10-01,157767.33797837992
2025-10-02,157762.97661066515
2025-10-03,158040.62347462415
2025-10-06,158698.67126859623
2025-10-07,158741.22985219138
2025-10-08,159538.94837096398
2025-10-09,158632.62567832088
2025-10-10,157481.03026604946
2025-10-13,158994.9669862314
2025-10-14,159040.40311937072
2025-10-15,159726.51717246533
2025-10-16,160555.2418664712
2025-10-17,160163.58063866998
2025-10-20,161831.47514872835
2025-10-21,159999.58529343965
2025-10-22,160110.35531517715
2025-10-23,160647.46593849914
2025-10-24,160899.203149077
2025-10-27,160981.62497718533
2025-10-28,160902.7172589389
2025-10-29,160576.34501798893
2025-10-30,160199.42572585936
2025-10-31,160261.66314993356
2025-11-03,160527.93073620717
2025-11-04,159365.4560166638
2025-11-05,159357.34305340308
2025-11-06,159216.17632483545
2025-11-07,159301.4247709696
2025-11-10,160578.0536534479
2025-11-11,161157.60767275115
2025-11-12,161295.5004703913
2025-11-13,160104.96403631137
2025-11-14,159611.03769805696
2025-11-17,159015.11253784876
2025-11-18,158841.23887327535
2025-11-19,158462.07134494244
2025-11-20,157771.06533121708
2025-11-21,158141.98728612997
2025-11-24,158911.17374687744
2025-11-25,159260.56612590875
2025-11-26,160206.4787572093
2025-11-28,160734.57939231035
2025-12-01,160251.1462347068
2025-12-02,160250.78000523563
2025-12-03,160665.71143453178
2025-12-04,160591.69043041812
2025-12-05,160685.23495515325
2025-12-08,160029.22176692347
2025-12-09,160026.55480076783
2025-12-10,160773.8502963085
2025-12-11,160992.83130063786
2025-12-12,160100.95798320134
2025-12-15,160127.58691548486
2025-12-16,159931.5629422235
2025-12-17,159880.40534379834
2025-12-18,160208.43809834647
2025-12-19,160628.13704869457
2025-12-22,161356.40511810445
2025-12-23,162175.176620796
2025-12-24,162388.82052878168
2025-12-26,162593.70462553273
2025-12-29,161640.30885439686
2025-12-30,161807.42202777782
2025-12-31,160828.03489282948
2026-01-02,161172.54609714885
2026-01-05,162680.7114602743
2026-01-06,162895.7243872308
2026-01-07,162634.22205692233
2026-01-08,162802.1136744336
2026-01-09,163597.6495449963
2026-01-12,164311.96136325834
2026-01-13,164375.4333227285
2026-01-14,164787.68481743976
2026-01-15,164490.34161903124
2026-01-16,164216.60062681107
2026-01-20,163897.5971104772
2026-01-21,165189.50992634866
2026-01-22,165814.43413514845
2026-01-23,166909.44881337337
2026-01-26,167660.8543663264
2026-01-27,168914.72142167232
2026-01-28,169524.2353728846
2026-01-29,170190.76211776846
2026-01-30,166555.93759489985
2026-02-02,164849.40678471926
2026-02-03,165966.53868893377
2026-02-04,165658.75379186502
2026-02-05,164651.24182243604
2026-02-06,166175.66558506084
2026-02-09,167172.84333026977
2026-02-10,167487.64489056016
2026-02-11,167853.13249316812
2026-02-12,167076.03898817403
2026-02-13,167761.55965499865
2026-02-17,167175.73220656003
2026-02-18,167977.51120385135
2026-02-19,168112.31323314738
2026-02-20,168826.52741064946
2026-02-23,169142.08219697882
2026-02-24,169239.73150923243
2026-02-25,169795.00911170174
2026-02-26,169848.20794687638
2026-02-27,170484.30145728862
2026-03-02,170207.08069113118
2026-03-03,168379.47803862186
2026-03-04,169188.75938956827
2026-03-05,168573.2666544637
2026-03-06,168828.8702918642
2026-03-09,169112.93048993347
2026-03-10,169233.4876940798
2026-03-11,169066.10928926236
2026-03-12,168720.22908549866
2026-03-13,167995.66057641775
2026-03-16,168437.45979009374
2026-03-17,168987.79654425316
2026-03-18,168392.9573627855
2026-03-19,167771.71069268638
2026-03-20,166107.27405782795
2026-03-23,165698.4763609391
2026-03-24,165872.45632084835
2026-03-25,166721.7424065463
2026-03-26,165802.77703660665
2026-03-27,166161.55760031316
2026-03-30,166815.7960133002
2026-03-31,167654.38784415895
2026-04-01,167901.01245870165
2026-04-02,168427.90508942842
2026-04-06,168594.61533466147
2026-04-07,168602.57485822504
2026-04-08,169401.48804518202
2026-04-09,169688.15081305808
2026-04-10,169561.15157917218
2026-04-13,170505.17601739123
2026-04-14,171809.24819138277
2026-04-15,172099.02146647044
2026-04-16,172134.256230574
2026-04-17,173191.30921291126
2026-04-20,172988.96841544483
2026-04-21,171925.4914469444
2026-04-22,173841.9179365081
2026-04-23,173259.2141810368
2026-04-24,175140.8481482024
2026-04-27,174978.57955925787
2026-04-28,173994.59975746227
2026-04-29,174417.7148424422
2026-04-30,175896.95766929118
2026-05-01,176645.60310696525
2026-05-04,176030.62112666736
2026-05-05,177346.2833286106
2026-05-06,179232.4160836814
2026-05-07,178571.95375195643
2026-05-08,180608.49652576988
2026-05-11,181057.23832070833
2026-05-12,180425.24776115495
2026-05-13,180880.52610045703
2026-05-14,181123.137083907
2026-05-15,178765.7969535588
2026-05-18,178789.41257687687
2026-05-19,177908.42070486562
2026-05-20,179458.58297579695
2026-05-21,179747.806802879
2026-05-22,180006.16542744695
