,EW
2018-05-24,100000.0
2018-05-25,99988.03274853503
2018-05-29,99999.53563046161
2018-05-30,100351.35047017343
2018-05-31,100248.96607773643
2018-06-01,100977.65332077212
2018-06-04,101414.40494230644
2018-06-05,101761.8073461662
2018-06-06,102055.64600975145
2018-06-07,101575.50428490565
2018-06-08,101537.24603008042
2018-06-11,101742.96174759837
2018-06-12,102114.0729098343
2018-06-13,102127.58551190491
2018-06-14,103095.70800875382
2018-06-15,102563.27962199366
2018-06-18,102462.61253264596
2018-06-19,102266.78010263234
2018-06-20,102619.24159768914
2018-06-21,101985.11450266781
2018-06-22,101799.47115004464
2018-06-25,100206.19593581109
2018-06-26,100400.90376347827
2018-06-27,99608.21908787
2018-06-28,99745.94546669973
2018-06-29,99690.4458591867
2018-07-02,99540.37284301786
2018-07-03,98960.3258062519
2018-07-05,99595.16847058327
2018-07-06,100086.01285048091
2018-07-09,100440.59106897002
2018-07-10,100469.87420372249
2018-07-11,100042.26943720845
2018-07-12,101212.58638531416
2018-07-13,101273.82874541968
2018-07-16,101024.1241606837
2018-07-17,101300.11760087623
2018-07-18,101066.60366062421
2018-07-19,100760.76935285478
2018-07-20,100598.50737491889
2018-07-23,100542.80619275564
2018-07-24,100900.2495473099
2018-07-25,101992.95819636296
2018-07-26,100779.60645536182
2018-07-27,99785.33323191914
2018-07-30,98753.6024532426
2018-07-31,99187.65945702113
2018-08-01,99133.79935888093
2018-08-02,99541.58199884504
2018-08-03,99803.11206452451
2018-08-06,100191.38517969259
2018-08-07,100374.96405929336
2018-08-08,100492.92435202049
2018-08-09,100586.13948859645
2018-08-10,100120.6098454996
2018-08-13,99881.08143481033
2018-08-14,100232.72452062293
2018-08-15,99442.61734414291
2018-08-16,99645.635624321
2018-08-17,99765.02109437334
2018-08-20,99872.48210960341
2018-08-21,100073.79668026933
2018-08-22,100422.52998529686
2018-08-23,100255.14133102735
2018-08-24,101130.03309367751
2018-08-27,101831.85114960748
2018-08-28,101761.32534384662
2018-08-29,102709.94688828547
2018-08-30,102552.99705783447
2018-08-31,102570.64885228655
2018-09-04,102134.9538076742
2018-09-05,101142.90736280094
2018-09-06,100613.18450437767
2018-09-07,100245.04773456644
2018-09-10,100477.27401125888
2018-09-11,100881.07213735433
2018-09-12,100794.07142082005
2018-09-13,101485.1588788365
2018-09-14,101155.43072493142
2018-09-17,100129.05199997508
2018-09-18,100518.14925845712
2018-09-19,100417.20439920647
2018-09-20,101305.14030524128
2018-09-21,100825.85756755277
2018-09-24,101017.72772836969
2018-09-25,101127.29475737226
2018-09-26,101149.39555232415
2018-09-27,101781.39023807069
2018-09-28,101766.53544941152
2018-10-01,101804.35380743581
2018-10-02,101847.72607806677
2018-10-03,101645.11349099418
2018-10-04,100057.79156493249
2018-10-05,99107.3913069618
2018-10-08,98593.2581815737
2018-10-09,98799.20307313226
2018-10-10,97465.76133982654
2018-10-11,97581.02992885571
2018-10-12,97988.56395340807
2018-10-15,98017.189525439
2018-10-16,98230.1752525891
2018-10-17,98161.33788342682
2018-10-18,98041.6867553049
2018-10-19,97876.59099977923
2018-10-22,97944.15048658382
2018-10-23,97985.2310731473
2018-10-24,97068.86039650012
2018-10-25,97377.06016772328
2018-10-26,97361.06013108048
2018-10-29,97246.74262159149
2018-10-30,97248.07736957524
2018-10-31,97203.07360314077
2018-11-01,97472.58734041083
2018-11-02,97272.53303810477
2018-11-05,97346.64490447764
2018-11-06,97368.96891458023
2018-11-07,97587.40551720854
2018-11-08,97550.480143426
2018-11-09,97379.45504217077
2018-11-12,97152.8210913295
2018-11-13,97146.28719068662
2018-11-14,96921.7806179486
2018-11-15,97031.3296845257
2018-11-16,97215.29947056236
2018-11-19,97109.94822766566
2018-11-20,96955.43390955767
2018-11-21,97009.89118988726
2018-11-23,96966.7701838502
2018-11-26,97057.37345643557
2018-11-27,97040.23808180209
2018-11-28,97241.46398206035
2018-11-29,97313.57781877964
2018-11-30,97401.94943814905
2018-12-03,97712.66353403118
2018-12-04,97668.41877598263
2018-12-06,98044.42807637244
2018-12-07,97555.90938216736
2018-12-10,97564.42014391397
2018-12-11,97550.95723497972
2018-12-12,97555.00719850257
2018-12-13,97487.67629974878
2018-12-14,97342.48043092462
2018-12-17,97382.91316257528
2018-12-18,97523.22795810868
2018-12-19,97562.21111612271
2018-12-20,97618.83555433777
2018-12-21,97447.87050318785
2018-12-24,97594.2594674984
2018-12-26,97560.30977526872
2018-12-27,97725.99914794475
2018-12-28,97939.6817242791
2018-12-31,98089.03677538814
2019-01-02,98232.80158919704
2019-01-03,98450.78288374166
2019-01-04,98307.94729678654
2019-01-07,98382.77066267983
2019-01-08,98363.52645718283
2019-01-09,98490.09963444236
2019-01-10,98294.5484298979
2019-01-11,98407.91985021289
2019-01-14,98207.57513554882
2019-01-15,98484.92786773064
2019-01-16,98559.70744578703
2019-01-17,98691.25334270798
2019-01-18,98638.73016392483
2019-01-22,98400.55048765078
2019-01-23,98399.23339750447
2019-01-24,98603.03749232464
2019-01-25,99010.66069324521
2019-01-28,98826.53686524321
2019-01-29,98841.19364920488
2019-01-30,99416.17609716258
2019-01-31,99874.73111644198
2019-02-01,99623.75127393781
2019-02-04,99708.44424775378
2019-02-05,100062.8978563465
2019-02-06,99873.25704198633
2019-02-07,99730.5293255132
2019-02-08,99918.50648487396
2019-02-11,99734.52741283129
2019-02-12,100069.09486269229
2019-02-13,99917.80394098972
2019-02-14,100190.34448279034
2019-02-15,100469.24362577703
2019-02-19,100901.59263467812
2019-02-20,100804.72340728628
2019-02-21,100268.89604145128
2019-02-22,100682.33821355512
2019-02-25,100710.89563676756
2019-02-26,100879.22766660331
2019-02-27,100468.35448387763
2019-02-28,100229.79258879581
2019-03-01,99881.20544697868
2019-03-04,99966.83312959844
2019-03-05,100057.62324340703
2019-03-06,99955.54540335281
2019-03-07,99739.83991523607
2019-03-08,99960.97853738474
2019-03-11,100315.9423716095
2019-03-12,100721.94262928673
2019-03-13,101020.47111810851
2019-03-14,100613.68846361396
2019-03-15,101085.17867598774
2019-03-18,101178.46294833343
2019-03-19,101295.71275180498
2019-03-20,101766.74939132787
2019-03-21,102230.84804599878
2019-03-22,101849.7424027081
2019-03-25,101968.95524876176
2019-03-26,101986.597781758
2019-03-27,101897.36289672295
2019-03-28,101760.96445361846
2019-03-29,101991.53420342642
2019-04-01,102019.1625629658
2019-04-02,102270.23422013217
2019-04-03,102268.70100031848
2019-04-04,102345.34461864407
2019-04-05,102712.65533615866
2019-04-08,102910.80964731176
2019-04-09,102810.15375148744
2019-04-10,103302.6738824938
2019-04-11,102740.76844159415
2019-04-12,102865.5073297894
2019-04-15,102908.66106317923
2019-04-16,102867.39935668539
2019-04-17,103099.64761888974
2019-04-18,103305.40538534478
2019-04-22,103421.80505405861
2019-04-23,104388.36969974797
2019-04-24,104356.01414296185
2019-04-25,104638.82080880721
2019-04-26,104928.07238336466
2019-04-29,104831.3686505944
2019-04-30,104455.94433003597
2019-05-01,104192.5783835724
2019-05-02,103767.65693636303
2019-05-03,104897.82841112054
2019-05-06,104744.19526319893
2019-05-07,103670.76764246303
2019-05-08,103337.4848790936
2019-05-09,103247.37815363437
2019-05-10,103291.63122171958
2019-05-13,102266.04068079224
2019-05-14,102386.88749345984
2019-05-15,102840.55875740718
2019-05-16,102862.77301285169
2019-05-17,102542.90707994446
2019-05-20,102053.65736341817
2019-05-21,102224.26721786067
2019-05-22,102252.65465674095
2019-05-23,102263.98327012964
2019-05-24,102325.01227758045
2019-05-28,102373.36962375301
2019-05-29,102280.13180569978
2019-05-30,102718.09824129698
2019-05-31,102952.71447831683
2019-06-03,103037.9332799858
2019-06-04,103201.9381196605
2019-06-05,103227.16818216124
2019-06-06,103557.9395980608
2019-06-07,104369.47348003567
2019-06-10,104182.18368031568
2019-06-11,103966.42294854924
2019-06-12,103878.77160711389
2019-06-13,104259.95143048202
2019-06-14,104204.20028053364
2019-06-17,104404.90204624299
2019-06-18,105047.29316555546
2019-06-19,105348.14827151292
2019-06-20,106150.24365213272
2019-06-21,105919.5209906833
2019-06-24,106525.8213653827
2019-06-25,106108.66426687269
2019-06-26,105795.38988447054
2019-06-27,106072.24525319466
2019-06-28,106171.399865468
2019-07-01,105741.17877578826
2019-07-02,106644.58855863128
2019-07-03,107297.59340536923
2019-07-05,106469.30738126316
2019-07-08,105888.69274744584
2019-07-09,106119.32996404395
2019-07-10,106791.06327549566
2019-07-11,106131.28673026654
2019-07-12,106692.14580842148
2019-07-15,107024.63531525835
2019-07-16,106397.37811732257
2019-07-17,106820.41407633311
2019-07-18,107095.45360858261
2019-07-19,105928.8242266338
2019-07-22,106278.588311537
2019-07-23,106151.2157508145
2019-07-24,106656.47584323838
2019-07-25,105817.56691103097
2019-07-26,106550.35072000111
2019-07-29,106554.40018807442
2019-07-30,106328.64370156951
2019-07-31,105761.38767364691
2019-08-01,106876.01804930846
2019-08-02,106689.39275839494
2019-08-05,106851.27865587929
2019-08-06,107605.40942545739
2019-08-07,108090.2004809725
2019-08-08,108491.97776978498
2019-08-09,108259.82393526791
2019-08-12,109154.10285895114
2019-08-13,108978.8854118961
2019-08-14,109694.07454860194
2019-08-15,110328.33164407895
2019-08-16,109958.00434446194
2019-08-19,109171.92994576147
2019-08-20,109714.23337410885
2019-08-21,109459.99803968228
2019-08-22,109144.17818266267
2019-08-23,109672.58545868867
2019-08-26,109812.54502851487
2019-08-27,110598.26319846894
2019-08-28,110620.24167145645
2019-08-29,110385.93529228638
2019-08-30,110309.79670060941
2019-09-03,110748.98839515145
2019-09-04,111119.04040327165
2019-09-05,109983.23156708795
2019-09-06,109899.94807724841
2019-09-09,109119.82376923531
2019-09-10,108194.70045189017
2019-09-11,108625.81202949816
2019-09-12,108632.14186529504
2019-09-13,107604.21394069406
2019-09-16,108086.15222006677
2019-09-17,108450.87180751027
2019-09-18,108365.08343286684
2019-09-19,108633.89232769569
2019-09-20,109049.88084336123
2019-09-23,109231.9078040788
2019-09-24,109349.43410717037
2019-09-25,108560.12765246668
2019-09-26,108661.10630592713
2019-09-27,108238.23143885622
2019-09-30,108053.36895610832
2019-10-01,108096.9925833747
2019-10-02,108124.49247373661
2019-10-03,108636.65624131514
2019-10-04,109000.48017874424
2019-10-07,108429.26763623014
2019-10-08,108645.66403306738
2019-10-09,108569.16099734225
2019-10-10,107865.29534636444
2019-10-11,107387.40936977012
2019-10-14,107727.27212750366
2019-10-15,107253.01905867062
2019-10-16,107442.42158122188
2019-10-17,107449.6999287571
2019-10-18,107107.6705893708
2019-10-21,107033.85821495499
2019-10-22,107032.91048571574
2019-10-23,107190.01276491728
2019-10-24,107667.42661111604
2019-10-25,107855.53143903014
2019-10-28,107707.38424311967
2019-10-29,107328.9584610683
2019-10-30,108092.87046318686
2019-10-31,108778.546926707
2019-11-01,109091.61285772371
2019-11-04,108852.71668582341
2019-11-05,108040.04449176282
2019-11-06,108249.65679522521
2019-11-07,107429.12704260103
2019-11-08,107307.25758755364
2019-11-11,107204.57947226313
2019-11-12,107518.47197945102
2019-11-13,107776.66127617106
2019-11-14,108162.44146472489
2019-11-15,108345.98651638752
2019-11-18,108556.42846967097
2019-11-19,108859.90686290304
2019-11-20,108901.18297453722
2019-11-21,108455.09345593237
2019-11-22,108482.6034747787
2019-11-25,108930.1825891556
2019-11-26,109320.63473231762
2019-11-27,109394.3407624681
2019-11-29,109212.22500678385
2019-12-02,108366.03096728161
2019-12-03,108922.92470985348
2019-12-04,108778.96583292783
2019-12-05,108710.25513044914
2019-12-06,108642.0257985146
2019-12-09,108542.34240476802
2019-12-10,108596.2669009467
2019-12-11,109177.36197054581
2019-12-12,108905.75477886136
2019-12-13,109467.84978360246
2019-12-16,109743.9108372319
2019-12-17,109740.73046279364
2019-12-18,109595.59774855991
2019-12-19,110317.22695692079
2019-12-20,110739.38280211062
2019-12-23,111019.25878049302
2019-12-24,111389.72396165576
2019-12-26,112448.45813314647
2019-12-27,112377.92725764643
2019-12-30,111739.08002955327
2019-12-31,111717.74645440425
2020-01-02,113711.91888937508
2020-01-03,113618.91814652704
2020-01-06,114358.96747897458
2020-01-07,114317.86940804806
2020-01-08,114593.77582061401
2020-01-09,115269.3789833199
2020-01-10,115428.37633870817
2020-01-13,116210.58982229707
2020-01-14,115941.73276976959
2020-01-15,116324.01970659752
2020-01-16,117086.67667933986
2020-01-17,117408.57641856554
2020-01-21,117706.41755589757
2020-01-22,118050.65977721577
2020-01-23,118608.38826377183
2020-01-24,118175.52064438316
2020-01-27,116866.40645261278
2020-01-28,117439.65201301669
2020-01-29,117961.3980846662
2020-01-30,118260.30324510674
2020-01-31,117450.21271180312
2020-02-03,118220.80928638781
2020-02-04,118856.29892555263
2020-02-05,118731.9093961982
2020-02-06,119718.8835002971
2020-02-07,119791.7086325641
2020-02-10,120952.92075746498
2020-02-11,120707.84655907657
2020-02-12,121382.67394512153
2020-02-13,121612.19221260262
2020-02-14,122106.69926496892
2020-02-18,122785.12613289492
2020-02-19,123928.8471890641
2020-02-20,123341.12297897917
2020-02-21,122285.27332437692
2020-02-24,119647.71591616917
2020-02-25,118654.69898869007
2020-02-26,118727.94393782245
2020-02-27,118112.61777810121
2020-02-28,117505.9498679472
2020-03-02,118025.63828966342
2020-03-03,119005.37674609642
2020-03-04,119253.96698446572
2020-03-05,120466.398162838
2020-03-06,122075.3864796141
2020-03-09,122129.98840973948
2020-03-10,119753.52916823121
2020-03-11,117822.51151728228
2020-03-12,116178.56312531601
2020-03-13,114972.91514922318
2020-03-16,116274.2612060821
2020-03-17,114166.93280466355
2020-03-18,111420.73027324343
2020-03-19,111833.78465124941
2020-03-20,114196.04236745271
2020-03-23,116594.10119498297
2020-03-24,117389.84928620749
2020-03-25,116965.15276895258
2020-03-26,117888.7449336799
2020-03-27,118460.13639787679
2020-03-30,118493.27331432232
2020-03-31,117036.48485253737
2020-04-01,117462.78420640895
2020-04-02,118354.70654199767
2020-04-03,118481.83952752544
2020-04-06,119791.72355371653
2020-04-07,119242.06988954655
2020-04-08,118939.92400291146
2020-04-09,120036.47704163779
2020-04-13,120229.32068689955
2020-04-14,120761.37226491515
2020-04-15,121352.43916505706
2020-04-16,121946.81001697024
2020-04-17,120854.73806967217
2020-04-20,121193.33016211254
2020-04-21,120684.02284076033
2020-04-22,121422.97625320542
2020-04-23,121994.52713180182
2020-04-24,122047.83706211066
2020-04-27,121190.15767663033
2020-04-28,121400.47210828884
2020-04-29,121868.18854179053
2020-04-30,120770.07908156447
2020-05-01,120540.70202921976
2020-05-04,120685.17100067239
2020-05-05,120797.38900434054
2020-05-06,119825.23802962175
2020-05-07,121227.85145450324
2020-05-08,120826.00590672117
2020-05-11,120588.97929205591
2020-05-12,120503.332320901
2020-05-13,120831.28904472775
2020-05-14,121743.39205819825
2020-05-15,121993.65640233044
2020-05-18,121343.80626762297
2020-05-19,121736.48758975102
2020-05-20,122463.25609564548
2020-05-21,121681.27534491054
2020-05-22,122196.99427632254
2020-05-26,121128.29422468999
2020-05-27,121269.59121131554
2020-05-28,121193.25879404592
2020-05-29,122115.50631993148
2020-06-01,122186.31247651507
2020-06-02,122021.45048011697
2020-06-03,121034.181492584
2020-06-04,120617.6681607235
2020-06-05,120513.29189306987
2020-06-08,121348.49177208368
2020-06-09,122392.85391006274
2020-06-10,123920.88567725528
2020-06-11,122051.31241526216
2020-06-12,122302.02581052396
2020-06-15,122653.76113640382
2020-06-16,122589.58639031593
2020-06-17,122872.73993293819
2020-06-18,123239.44213791844
2020-06-19,123647.44917142537
2020-06-22,124243.07473548292
2020-06-23,124578.2725248798
2020-06-24,124136.08160112362
2020-06-25,124485.06784717114
2020-06-26,124227.91717852006
2020-06-29,124427.45650916155
2020-06-30,125060.68828514969
2020-07-01,125286.40058208947
2020-07-02,125673.15643012426
2020-07-06,126821.44829673265
2020-07-07,126971.55765058522
2020-07-08,128107.08726988887
2020-07-09,129218.43386124371
2020-07-10,129498.87830578236
2020-07-13,127617.70230765209
2020-07-14,127563.70377540014
2020-07-15,127465.31010676915
2020-07-16,127028.56832324123
2020-07-17,127331.92595516374
2020-07-20,128968.15483873838
2020-07-21,128051.18374987143
2020-07-22,129029.6271851507
2020-07-23,128493.14123270601
2020-07-24,128375.6562400861
2020-07-27,129850.66024775735
2020-07-28,129845.067443471
2020-07-29,130617.0815162067
2020-07-30,130836.84466953197
2020-07-31,132069.56655790648
2020-08-03,132769.83985023285
2020-08-04,134467.08048944175
2020-08-05,134787.400962987
2020-08-06,136920.7830545772
2020-08-07,134791.05474254015
2020-08-10,133999.7689973946
2020-08-11,129248.5393200398
2020-08-12,130390.78685726317
2020-08-13,131046.25785246503
2020-08-14,130643.51740005177
2020-08-17,132762.67127640982
2020-08-18,134432.23106518917
2020-08-19,132185.60861875775
2020-08-20,134190.40959192024
2020-08-21,134825.5050264704
2020-08-24,135236.3550120095
2020-08-25,135917.41970816627
2020-08-26,138521.05562781205
2020-08-27,137180.86015241875
2020-08-28,138401.56516711804
2020-08-31,139469.23024534908
2020-09-01,141444.67026345426
2020-09-02,142000.1164049711
2020-09-03,137199.40340685507
2020-09-04,135978.38387086047
2020-09-08,134573.95139327322
2020-09-09,135869.32947715977
2020-09-10,135162.89650165255
2020-09-11,135014.73602355376
2020-09-14,135906.40509870934
2020-09-15,136289.42620486135
2020-09-16,135596.71862724517
2020-09-17,134896.01725125074
2020-09-18,134268.94898016762
2020-09-21,133787.33215723588
2020-09-22,134303.6998721603
2020-09-23,132140.2673421022
2020-09-24,132564.10799952355
2020-09-25,133381.5168009742
2020-09-28,134476.8368927844
2020-09-29,134661.30606170296
2020-09-30,134414.10776600824
2020-10-01,135503.17645268928
2020-10-02,134042.9613666089
2020-10-05,134560.58394487167
2020-10-06,133411.59236390228
2020-10-07,133938.98471387092
2020-10-08,134413.84092005086
2020-10-09,135789.09785340144
2020-10-12,138049.23833169485
2020-10-13,137621.1948650065
2020-10-14,136991.66877611063
2020-10-15,135889.05832484318
2020-10-16,135462.81803515257
2020-10-19,134631.36566501486
2020-10-20,134646.0110044257
2020-10-21,134797.95549674807
2020-10-22,134144.2247811171
2020-10-23,134334.90784592563
2020-10-26,133911.12062975147
2020-10-27,134463.87659687686
2020-10-28,132618.04010178955
2020-10-29,132612.96354565618
2020-10-30,131909.661867207
2020-11-02,132494.7753582478
2020-11-03,132981.8262947385
2020-11-04,134768.15992250215
2020-11-05,136503.3845885407
2020-11-06,136260.2321031568
2020-11-09,131226.91081133654
2020-11-10,129730.28553541939
2020-11-11,130748.49332821065
2020-11-12,131131.02885417588
2020-11-13,131779.10673938814
2020-11-16,132115.5695659574
2020-11-17,131987.30300171388
2020-11-18,131453.02255172483
2020-11-19,131943.59598648825
2020-11-20,131926.41609528466
2020-11-23,131117.74702972046
2020-11-24,131031.54055020981
2020-11-25,131291.08848215404
2020-11-27,131747.67922397776
2020-11-30,131621.05439305524
2020-12-01,132587.8231758671
2020-12-02,132689.48880616366
2020-12-03,133191.18616567165
2020-12-04,133000.19031456346
2020-12-07,133996.7882985355
2020-12-08,134386.54719374294
2020-12-09,132443.40141866836
2020-12-10,132818.50601800036
2020-12-11,132831.84064478893
2020-12-14,132974.47902111072
2020-12-15,133844.28135267048
2020-12-16,134238.0959278373
2020-12-17,134929.12519757525
2020-12-18,134401.26978965502
2020-12-21,133845.67687368655
2020-12-22,133844.57894079815
2020-12-23,133658.52515464125
2020-12-24,134095.63237892932
2020-12-28,134497.9914941996
2020-12-29,134443.19076894358
2020-12-30,134739.01406907322
2020-12-31,135012.57193182467
2021-01-04,134002.31242673815
2021-01-05,134082.84985060006
2021-01-06,132422.897652526
2021-01-07,133197.89891987972
2021-01-08,132580.82686876794
2021-01-11,131678.7900814419
2021-01-12,131773.85538049776
2021-01-13,132191.5885770474
2021-01-14,131734.43467729946
2021-01-15,131042.86682718429
2021-01-19,132060.93242848164
2021-01-20,133708.04897982063
2021-01-21,134219.86317168333
2021-01-22,133711.51777369226
2021-01-25,134984.45337250963
2021-01-26,134921.7050954431
2021-01-27,132011.89606500958
2021-01-28,132272.45890745055
2021-01-29,131385.85627486513
2021-02-01,132506.0187595724
2021-02-02,132619.14601549285
2021-02-03,131657.20222110394
2021-02-04,131799.60400709283
2021-02-05,132077.01757950478
2021-02-08,132798.45778008032
2021-02-09,132866.92752683925
2021-02-10,132829.70678153023
2021-02-11,133074.42537023372
2021-02-12,133384.64875932943
2021-02-16,132436.0224614448
2021-02-17,131748.3810786907
2021-02-18,130846.37040903466
2021-02-19,130508.21016085302
2021-02-22,129363.27483985819
2021-02-23,129123.38935248353
2021-02-24,129411.54815771658
2021-02-25,127084.32131949386
2021-02-26,127242.7740662079
2021-03-01,127456.7791088353
2021-03-02,127407.02908097935
2021-03-03,126901.11351975438
2021-03-04,126482.52166962429
2021-03-05,126789.1724661066
2021-03-08,126488.43218508223
2021-03-09,127117.71598433578
2021-03-10,127302.87571069824
2021-03-11,127401.60548207059
2021-03-12,127424.61339570774
2021-03-15,128105.39107426742
2021-03-16,128386.63559014561
2021-03-17,128692.55000335848
2021-03-18,126800.69207601622
2021-03-19,127148.71511088684
2021-03-22,128138.87852873004
2021-03-23,127825.47772554254
2021-03-24,127023.43832138152
2021-03-25,126820.50050666663
2021-03-26,127589.62147902782
2021-03-29,127318.13056565172
2021-03-30,126822.41091314274
2021-03-31,127770.96128077322
2021-04-01,128981.043360318
2021-04-05,130068.2927917749
2021-04-06,130205.17267453563
2021-04-07,130253.97531698996
2021-04-08,131187.77575026764
2021-04-09,131732.83865985024
2021-04-12,131472.57037286466
2021-04-13,132987.60076587668
2021-04-14,131468.3974417721
2021-04-15,133573.65143365978
2021-04-16,133782.9177546344
2021-04-19,132596.40628364004
2021-04-20,131818.20513289157
2021-04-21,132898.0796209704
2021-04-22,131448.24267414908
2021-04-23,132725.96269284826
2021-04-26,133507.89787199185
2021-04-27,132895.66201733996
2021-04-28,132592.84374486597
2021-04-29,132842.7397611682
2021-04-30,132132.76979327746
2021-05-03,131816.695704364
2021-05-04,129930.38033427825
2021-05-05,130126.07000700397
2021-05-06,130799.06315382407
2021-05-07,131316.60328207334
2021-05-10,130075.57404983693
2021-05-11,129967.13136735054
2021-05-12,128502.73068534225
2021-05-13,128917.87015967359
2021-05-14,130012.82350523851
2021-05-17,130033.71570655078
2021-05-18,129725.36613829687
2021-05-19,129740.81631677915
2021-05-20,130750.3158236815
2021-05-21,130532.6756400944
2021-05-24,131357.76026300853
2021-05-25,131758.27650662925
2021-05-26,131837.7066410348
2021-05-27,131612.65751040072
2021-05-28,131864.7299089037
2021-06-01,131622.90689545812
2021-06-02,131872.86321709794
2021-06-03,130749.63447697466
2021-06-04,132012.55615521438
2021-06-07,132235.2881186007
2021-06-08,131979.91710068827
2021-06-09,132072.49195866266
2021-06-10,132827.32535668596
2021-06-11,132755.4983472313
2021-06-14,133480.37781565354
2021-06-15,132692.46447018927
2021-06-16,131867.84433126965
2021-06-17,132568.22867833675
2021-06-18,131897.8737160467
2021-06-21,132407.76611558258
2021-06-22,133313.28193737654
2021-06-23,133324.92423329
2021-06-24,133990.157075845
2021-06-25,133783.6263229246
2021-06-28,135133.36657298758
2021-06-29,135354.72380131937
2021-06-30,135356.08744027832
2021-07-01,135439.0425761061
2021-07-02,136852.7847434781
2021-07-06,137625.66987445246
2021-07-07,138111.70436716455
2021-07-08,137557.11410765408
2021-07-09,137852.36029813963
2021-07-12,138201.2088111953
2021-07-13,138072.18665627524
2021-07-14,138709.73294270522
2021-07-15,138158.0164856649
2021-07-16,137074.55164332106
2021-07-19,136723.77567355993
2021-07-20,137311.84432916692
2021-07-21,137579.66498821042
2021-07-22,138470.23862136656
2021-07-23,139373.6759698831
2021-07-26,139414.29490339797
2021-07-27,138534.74316230914
2021-07-28,138971.70808388008
2021-07-29,139235.39819654546
2021-07-30,138741.18259552558
2021-08-02,138911.95779910908
2021-08-03,139426.36987255982
2021-08-04,139629.71761263307
2021-08-05,140034.15634660306
2021-08-06,138755.0051377178
2021-08-09,138578.74845789658
2021-08-10,137955.9854197996
2021-08-11,137933.16742185355
2021-08-12,138280.73751264965
2021-08-13,139168.86436224642
2021-08-16,139353.7973732621
2021-08-17,138372.25773669625
2021-08-18,137532.16801309347
2021-08-19,137930.39882215473
2021-08-20,138752.17294965527
2021-08-23,140275.15405409966
2021-08-24,140396.76712617325
2021-08-25,140101.28402536077
2021-08-26,139605.54408294812
2021-08-27,140957.57977934054
2021-08-30,142050.31422544044
2021-08-31,141826.5795463089
2021-09-01,142064.32877994757
2021-09-02,142063.23987434024
2021-09-03,142392.92907503233
2021-09-07,141916.09531580016
2021-09-08,141662.22035592006
2021-09-09,141646.9503891771
2021-09-10,140629.08949471955
2021-09-13,140827.98878378843
2021-09-14,140922.85414070846
2021-09-15,141413.32907957633
2021-09-16,140951.40784868397
2021-09-17,139592.0191922542
2021-09-20,138021.81188948132
2021-09-21,138235.4768996558
2021-09-22,138979.40469191177
2021-09-23,138908.15923795087
2021-09-24,138840.97560041727
2021-09-27,137969.08111132885
2021-09-28,135359.90136169852
2021-09-29,135280.0837436519
2021-09-30,135384.10855441913
2021-10-01,135822.19888016616
2021-10-04,134971.16354815752
2021-10-05,135185.55127202676
2021-10-06,135668.84683355014
2021-10-07,135762.45812169803
2021-10-08,135365.55497821874
2021-10-11,134926.11293284415
2021-10-12,135144.27740149782
2021-10-13,135999.61368004087
2021-10-14,136991.56893559344
2021-10-15,136859.46189866058
2021-10-18,137429.09553167995
2021-10-19,137810.9380589035
2021-10-20,137716.03556985556
2021-10-21,138336.83743795168
2021-10-22,137722.90064878046
2021-10-25,138929.2594875265
2021-10-26,139296.82932837209
2021-10-27,140034.9216643988
2021-10-28,141204.37489001482
2021-10-29,141679.56712343238
2021-11-01,142012.28662128423
2021-11-02,142587.64943158336
2021-11-03,143412.27380420873
2021-11-04,145428.8361396058
2021-11-05,146211.95800374792
2021-11-08,146071.95198242296
2021-11-09,145681.1153070768
2021-11-10,143642.12714173578
2021-11-11,144057.01738807955
2021-11-12,145211.7981771647
2021-11-15,144842.36576043852
2021-11-16,145413.23321257925
2021-11-17,145883.34964144242
2021-11-18,147123.06540056563
2021-11-19,147869.5169030935
2021-11-22,145607.37042272236
2021-11-23,144503.48684244286
2021-11-24,145165.9644537742
2021-11-26,143734.534784397
2021-11-29,145283.19919567803
2021-11-30,144347.25863844345
2021-12-01,143680.4642754238
2021-12-02,143664.60526973204
2021-12-03,142949.34507617014
2021-12-06,142722.21523826665
2021-12-07,143466.96532065852
2021-12-08,143314.0787604362
2021-12-09,141841.3324847998
2021-12-10,142728.39929328236
2021-12-13,142412.49426289933
2021-12-14,141645.92569532743
2021-12-15,142477.84974725885
2021-12-16,141385.37797712968
2021-12-17,141410.8563868299
2021-12-20,140604.52979146864
2021-12-21,141399.43767910294
2021-12-22,142322.0468156694
2021-12-23,142541.54955405765
2021-12-27,143550.7619537465
2021-12-28,142734.71192192764
2021-12-29,142395.55372233372
2021-12-30,142588.4854955094
2021-12-31,142439.00256890833
2022-01-03,141984.24609247022
2022-01-04,141305.1333410806
2022-01-05,139438.22350017505
2022-01-06,139183.5682914937
2022-01-07,138600.24987126226
2022-01-10,138189.72013990034
2022-01-11,138748.227767333
2022-01-12,138777.67693479024
2022-01-13,138652.71917892067
2022-01-14,138270.97296891815
2022-01-18,137649.99091703503
2022-01-19,138024.87276390227
2022-01-20,137917.4612733313
2022-01-21,137802.45880915003
2022-01-24,137807.80580299406
2022-01-25,137714.3781037609
2022-01-26,137087.37391950144
2022-01-27,137054.3230087641
2022-01-28,137269.20931853063
2022-01-31,137518.11653185193
2022-02-01,137556.49878922568
2022-02-02,137835.09737951966
2022-02-03,137284.39437785663
2022-02-04,137096.76370300265
2022-02-07,137229.33280590267
2022-02-08,137300.01965459378
2022-02-09,137614.12410300804
2022-02-10,136994.12036433
2022-02-11,137375.22891421698
2022-02-14,137290.67674313064
2022-02-15,137035.8960803405
2022-02-16,137432.69857903873
2022-02-17,137627.7266565984
2022-02-18,137689.36122654867
2022-02-22,137682.7038096353
2022-02-23,137376.43326961374
2022-02-24,137357.47197915494
2022-02-25,137521.87052904587
2022-02-28,138196.05266832182
2022-03-01,138803.354376113
2022-03-02,137927.81201506598
2022-03-03,138263.3534707987
2022-03-04,139014.69720790925
2022-03-07,139116.97674424434
2022-03-08,139887.72329048347
2022-03-09,138768.0896795278
2022-03-10,138597.4542474125
2022-03-11,138248.74961134605
2022-03-14,137248.4689546179
2022-03-15,136750.36849627495
2022-03-16,137331.71184666108
2022-03-17,137565.84938518828
2022-03-18,137613.93595899432
2022-03-21,137507.82942540932
2022-03-22,137269.31250892035
2022-03-23,137625.6868649046
2022-03-24,138656.9699123218
2022-03-25,138302.2171699151
2022-03-28,138495.0407133931
2022-03-29,139445.71376070043
2022-03-30,139299.893369989
2022-03-31,138647.60256341973
2022-04-01,138429.04744859342
2022-04-04,139420.2188210514
2022-04-05,137804.52595587753
2022-04-06,136770.56291779116
2022-04-07,136855.11813927442
2022-04-08,136464.6589358276
2022-04-11,135674.93944706998
2022-04-12,136236.96718220392
2022-04-13,136550.53100349777
2022-04-14,136107.0175480332
2022-04-18,136179.4136540739
2022-04-19,135764.92061864055
2022-04-20,136069.40845230015
2022-04-21,135701.05569520843
2022-04-22,134979.6035433445
2022-04-25,134508.73961461763
2022-04-26,134368.48820735252
2022-04-27,134087.5784792822
2022-04-28,134460.4577627398
2022-04-29,134015.35686311143
2022-05-02,133424.043013758
2022-05-03,133588.01470103973
2022-05-04,134165.91120650998
2022-05-05,133439.2040358551
2022-05-06,133309.17566617683
2022-05-09,132687.11545667175
2022-05-10,132596.70048088057
2022-05-11,132779.91819153112
2022-05-12,132406.89854744906
2022-05-13,132326.481995193
2022-05-16,132465.95627759525
2022-05-17,132448.1859909932
2022-05-18,132186.35238790244
2022-05-19,132421.15307141573
2022-05-20,132526.82930961237
2022-05-23,132667.6287862421
2022-05-24,132908.96099964346
2022-05-25,132888.15094635444
2022-05-26,132988.37855278
2022-05-27,133266.41162942318
2022-05-31,132829.55870498484
2022-06-01,132883.1103934367
2022-06-02,133341.08072496654
2022-06-03,132918.32830980344
2022-06-06,132549.3231478839
2022-06-07,132979.10646142295
2022-06-08,132719.52625363308
2022-06-09,132021.35164169938
2022-06-10,131708.31504186543
2022-06-13,130545.20823865966
2022-06-14,130327.4165932994
2022-06-15,130752.666206442
2022-06-16,130842.97769427879
2022-06-17,130687.01944642348
2022-06-21,130654.01903619607
2022-06-22,130880.7919158864
2022-06-23,130846.90393542987
2022-06-24,130936.68755760037
2022-06-27,130844.01952050635
2022-06-28,130687.22740749443
2022-06-29,130748.06553120198
2022-06-30,130608.93249208311
2022-07-01,130724.36021513454
2022-07-05,130351.41287387832
2022-07-06,129990.8440902677
2022-07-07,130060.54175046973
2022-07-08,129997.09679893331
2022-07-11,129942.4307431617
2022-07-12,129861.09687447376
2022-07-13,129956.54122126804
2022-07-14,129711.28607716909
2022-07-15,129865.41591008665
2022-07-18,129755.93061465421
2022-07-19,129953.72479324459
2022-07-20,129924.2368589889
2022-07-21,130270.26850120326
2022-07-22,130328.95776748184
2022-07-25,130273.26790385296
2022-07-26,130111.6226237904
2022-07-27,130516.49968011529
2022-07-28,130867.25544026495
2022-07-29,131096.73231568508
2022-08-01,131357.92271468704
2022-08-02,131026.38734532369
2022-08-03,131455.65389320516
2022-08-04,131781.0352496141
2022-08-05,131335.2149137019
2022-08-08,131555.50747901734
2022-08-09,131411.6598926541
2022-08-10,131765.08324922784
2022-08-11,131428.6038084834
2022-08-12,132068.94794791343
2022-08-15,131993.99807554128
2022-08-16,131947.72915383993
2022-08-17,131507.51532694587
2022-08-18,131538.3397859293
2022-08-19,130873.71757071324
2022-08-22,130225.25540360023
2022-08-23,130291.33665828724
2022-08-24,130342.15967953697
2022-08-25,130652.50992661474
2022-08-26,130081.46830294788
2022-08-29,129967.6501083663
2022-08-30,129787.93463675157
2022-08-31,129581.82622115183
2022-09-01,129392.10430998317
2022-09-02,129478.75423937065
2022-09-06,129259.62598181014
2022-09-07,129594.0352330523
2022-09-08,129522.5251641467
2022-09-09,129732.6958239301
2022-09-12,129859.51340288005
2022-09-13,129310.47518716811
2022-09-14,129333.65594171328
2022-09-15,128966.93508558534
2022-09-16,128931.8013789001
2022-09-19,129031.85287663408
2022-09-20,128847.9149869825
2022-09-21,128849.11055842752
2022-09-22,128631.65207889257
2022-09-23,128311.43935510087
2022-09-26,128041.93942186353
2022-09-27,127977.02826589691
2022-09-28,128459.03006895463
2022-09-29,128302.75758557775
2022-09-30,128159.05152014078
2022-10-03,128690.86650458479
2022-10-04,129071.15354266766
2022-10-05,128976.14630980774
2022-10-06,128875.243492136
2022-10-07,128479.53618288366
2022-10-10,128158.1486092587
2022-10-11,128115.65468098532
2022-10-12,128187.83365120084
2022-10-13,128273.28566872739
2022-10-14,127942.27026199119
2022-10-17,128176.84057935135
2022-10-18,128308.41822583249
2022-10-19,128074.50845225938
2022-10-20,127957.35149921631
2022-10-21,128272.71871611456
2022-10-24,128321.42395385026
2022-10-25,128573.6238546664
2022-10-26,128644.91398641485
2022-10-27,128639.84165049886
2022-10-28,128930.87204422447
2022-10-31,128674.6666513099
2022-11-01,128672.37822530535
2022-11-02,128073.36685450011
2022-11-03,127760.0645932935
2022-11-04,128286.80226773088
2022-11-07,128305.11890495828
2022-11-08,128693.87239301647
2022-11-09,128473.66246344979
2022-11-10,129507.45757865137
2022-11-11,129702.19891826247
2022-11-14,129671.1741725087
2022-11-15,129877.2412941473
2022-11-16,129857.74646272753
2022-11-17,129776.45128372921
2022-11-18,129658.99844635715
2022-11-21,129466.04458036623
2022-11-22,129786.75453701994
2022-11-23,130130.17242304588
2022-11-25,130043.05747505953
2022-11-28,129634.11026783708
2022-11-29,129575.09423642347
2022-11-30,130511.05602012537
2022-12-01,131062.2087394654
2022-12-02,131049.46103545144
2022-12-05,130241.05614864963
2022-12-06,130105.66186236302
2022-12-07,130410.30006440132
2022-12-08,130555.97318172223
2022-12-09,130269.62171040173
2022-12-12,130343.56584201095
2022-12-13,131016.60343507995
2022-12-14,130917.60438156061
2022-12-15,130106.92949588897
2022-12-16,130060.89230879693
2022-12-19,129703.77896872556
2022-12-20,129857.6291941494
2022-12-21,129981.33255962771
2022-12-22,129589.87361507743
2022-12-23,129614.57010357294
2022-12-27,129641.92721520828
2022-12-28,129355.80936307448
2022-12-29,129783.64626641179
2022-12-30,129827.69917863068
2023-01-03,130101.91599285402
2023-01-04,130470.21746100487
2023-01-05,130132.2512365886
2023-01-06,131052.83421587343
2023-01-09,131240.5484213809
2023-01-10,131302.07028298237
2023-01-11,131691.63038673322
2023-01-12,132298.72764966352
2023-01-13,132720.97639408195
2023-01-17,132484.55527663138
2023-01-18,132459.60100639972
2023-01-19,132694.0684331564
2023-01-20,132758.512235215
2023-01-23,133075.28311353043
2023-01-24,133361.9628693796
2023-01-25,133511.13706765603
2023-01-26,133517.20250667032
2023-01-27,133629.26435212378
2023-01-30,133090.1770058574
2023-01-31,133618.00764513807
2023-02-01,134604.27467587177
2023-02-02,134675.98098766894
2023-02-03,133214.32815730348
2023-02-06,132982.0086289122
2023-02-07,133394.8794014835
2023-02-08,133058.00755337946
2023-02-09,132584.79914509138
2023-02-10,132381.6846536648
2023-02-13,132658.753028665
2023-02-14,132786.41378610244
2023-02-15,132654.5563435387
2023-02-16,131964.06864708915
2023-02-17,131938.38403439854
2023-02-21,131177.4724605913
2023-02-22,131162.05718380495
2023-02-23,131393.93586508225
2023-02-24,130850.92375969549
2023-02-27,131125.65602095964
2023-02-28,131255.27289817913
2023-03-01,131145.0290148144
2023-03-02,131228.41912116043
2023-03-03,132106.73783407494
2023-03-06,131903.3445697672
2023-03-07,131223.88848634917
2023-03-08,131359.31842282767
2023-03-09,131183.91360228305
2023-03-10,131816.0665221201
2023-03-13,132296.4406408717
2023-03-14,132112.57001066365
2023-03-15,132702.54124598956
2023-03-16,132883.92722509225
2023-03-17,133872.85064415014
2023-03-20,133801.86075889695
2023-03-21,133250.3520089478
2023-03-22,133733.08222350635
2023-03-23,134356.58386253307
2023-03-24,134122.4855528226
2023-03-27,133320.4519341251
2023-03-28,133515.61257109867
2023-03-29,133735.95760842564
2023-03-30,134285.4618649837
2023-03-31,134729.5259042538
2023-04-03,135033.08616288187
2023-04-04,135640.95645489063
2023-04-05,135538.72299164342
2023-04-06,135541.1873170664
2023-04-10,134952.68113087406
2023-04-11,135053.889871732
2023-04-12,134984.136816616
2023-04-13,135750.18287721413
2023-04-14,134937.3945693295
2023-04-17,134595.7422518663
2023-04-18,134801.73047537677
2023-04-19,134625.86408202982
2023-04-20,134687.7763774863
2023-04-21,134275.87666860584
2023-04-24,134516.97183322097
2023-04-25,134505.6387082048
2023-04-26,134249.0270004725
2023-04-27,134636.882542684
2023-04-28,135156.48234239878
2023-05-01,134401.81411183314
2023-05-02,135250.57614530355
2023-05-03,135521.1344686042
2023-05-04,135504.20590522478
2023-05-05,135199.46331721233
2023-05-08,135030.5412457754
2023-05-09,135095.0826721531
2023-05-10,135466.36338609806
2023-05-11,135441.61626222113
2023-05-12,135121.32817777718
2023-05-15,135132.67427586965
2023-05-16,134670.99667699332
2023-05-17,134832.93205750894
2023-05-18,134751.7435933806
2023-05-19,134894.356866858
2023-05-22,134873.74066172147
2023-05-23,134585.310605489
2023-05-24,134094.74379203434
2023-05-25,134380.55808296596
2023-05-26,135319.72273015085
2023-05-30,135780.91321975848
2023-05-31,135784.81777574724
2023-06-01,136410.9550210481
2023-06-02,135953.17181641766
2023-06-05,136148.70924760413
2023-06-06,136295.2839848893
2023-06-07,134934.55119417966
2023-06-08,136037.24414425567
2023-06-09,136106.06511422078
2023-06-12,136860.28644671323
2023-06-13,136785.85941731508
2023-06-14,137263.61138138833
2023-06-15,138229.80398951756
2023-06-16,137805.21055455715
2023-06-20,137571.09400178332
2023-06-21,136954.00443399287
2023-06-22,136913.10914790677
2023-06-23,136771.26922655903
2023-06-26,136254.77114873345
2023-06-27,136736.83078748634
2023-06-28,136852.7133110118
2023-06-29,136345.11699118387
2023-06-30,137377.4011714821
2023-07-03,137405.62417646122
2023-07-05,137121.15791903503
2023-07-06,136425.74020398394
2023-07-07,136390.8395147973
2023-07-10,136467.6976941429
2023-07-11,136887.81576896107
2023-07-12,138046.54623456576
2023-07-13,138997.16753121786
2023-07-14,138783.61735631572
2023-07-17,139268.47935892333
2023-07-18,140136.44652035253
2023-07-19,140355.8210443933
2023-07-20,138799.94834069672
2023-07-21,138586.68502919163
2023-07-24,138450.3030293201
2023-07-25,138923.77719788044
2023-07-26,138964.73698646092
2023-07-27,137977.41500739165
2023-07-28,139148.37691409793
2023-07-31,139315.1339368716
2023-08-01,138613.3539862488
2023-08-02,137232.3589835373
2023-08-03,136761.88289634846
2023-08-04,136877.0995111944
2023-08-07,137058.7978547716
2023-08-08,136668.00278206295
2023-08-09,136148.83402320027
2023-08-10,135992.38940799577
2023-08-11,135711.5473119771
2023-08-14,136103.27411155758
2023-08-15,135528.6748255539
2023-08-16,134875.50007834818
2023-08-17,134381.87695287727
2023-08-18,134358.86261646776
2023-08-21,134864.60586594132
2023-08-22,134915.71358865555
2023-08-23,136014.21163192473
2023-08-24,135031.06324422173
2023-08-25,135356.7209568975
2023-08-28,135751.5480803638
2023-08-29,137117.18392987188
2023-08-30,137461.49777420302
2023-08-31,137633.45854159188
2023-09-01,137414.7110717753
2023-09-05,137078.71773291662
2023-09-06,136544.10988474762
2023-09-07,136267.04672242506
2023-09-08,136387.2701233856
2023-09-11,136918.5481067214
2023-09-12,136330.47557363898
2023-09-13,136434.89731280936
2023-09-14,136740.24692836567
2023-09-15,135988.04173755102
2023-09-18,136268.87429731147
2023-09-19,136067.0637490961
2023-09-20,135454.82501514716
2023-09-21,134093.92600862542
2023-09-22,134315.13057882804
2023-09-25,134113.80650280646
2023-09-26,133300.67503137514
2023-09-27,133023.09603319402
2023-09-28,133220.8879399644
2023-09-29,132986.2512642402
2023-10-02,132909.24953511325
2023-10-03,131974.8200362417
2023-10-04,132578.2223088669
2023-10-05,132402.95703887523
2023-10-06,133018.9851233609
2023-10-09,133784.59362747875
2023-10-10,133998.65362528083
2023-10-11,134635.13898243028
2023-10-12,134127.84326516138
2023-10-13,134493.29353107006
2023-10-16,134712.1931644231
2023-10-17,134599.2589970758
2023-10-18,134298.4881144895
2023-10-19,134160.95095089183
2023-10-20,133756.80770445892
2023-10-23,133863.7185301516
2023-10-24,134323.56850138278
2023-10-25,133328.59742333696
2023-10-26,132868.6322612366
2023-10-27,133368.25879680357
2023-10-30,133500.27694019597
2023-10-31,133474.87316021783
2023-11-01,134253.03232969396
2023-11-02,135320.82918006665
2023-11-03,136059.8610456378
2023-11-06,135913.10574733256
2023-11-07,136433.52411146782
2023-11-08,136389.49971008455
2023-11-09,135773.34181077877
2023-11-10,136720.22970916625
2023-11-13,136685.6236902592
2023-11-14,138366.118644164
2023-11-15,138208.19468356855
2023-11-16,138706.38380369512
2023-11-17,138788.06424358473
2023-11-20,139484.39013501827
2023-11-21,139459.0891489605
2023-11-22,139604.7458229308
2023-11-24,139530.80969205158
2023-11-27,139912.79436942717
2023-11-28,140517.08583828367
2023-11-29,140721.6976078262
2023-11-30,140280.0412764402
2023-12-01,141332.03103738782
2023-12-04,140058.59517877505
2023-12-05,140410.50760509647
2023-12-06,140525.77083586765
2023-12-07,141115.7634957275
2023-12-08,140710.55016851585
2023-12-11,140722.65147104635
2023-12-12,141554.78274414246
2023-12-13,143811.56029793527
2023-12-14,144462.56065642185
2023-12-15,144617.02493045892
2023-12-18,145271.73421900603
2023-12-19,146155.95167819294
2023-12-20,144614.1270718572
2023-12-21,145785.30545757464
2023-12-22,145944.45283968883
2023-12-26,146875.4211069937
2023-12-27,147691.6414435943
2023-12-28,147195.04560904065
2023-12-29,146416.18189997418
2024-01-02,144513.36805614745
2024-01-03,143324.66301954055
2024-01-04,142436.84638458854
2024-01-05,142293.4751400118
2024-01-08,144036.8451177756
2024-01-09,144144.93688616538
2024-01-10,144618.62311664398
2024-01-11,144980.41549134988
2024-01-12,145291.98513971048
2024-01-16,144552.9660861255
2024-01-17,143607.32611425713
2024-01-18,144970.05608280675
2024-01-19,146971.55242465698
2024-01-22,147113.59142718196
2024-01-23,147510.35838626287
2024-01-24,147748.6926030214
2024-01-25,148112.92610139877
2024-01-26,147393.48436922758
2024-01-29,148894.33716095035
2024-01-30,148438.60380556856
2024-01-31,146692.3040909197
2024-02-01,148532.27008841766
2024-02-02,149164.56997571973
2024-02-05,148286.72035064135
2024-02-06,148459.20866414727
2024-02-07,149350.51455473885
2024-02-08,149347.38832383812
2024-02-09,150206.6549916393
2024-02-12,149730.0076910927
2024-02-13,147204.99712524095
2024-02-14,148329.37894062424
2024-02-15,148905.03452092432
2024-02-16,147960.259953996
2024-02-20,147377.07945254835
2024-02-21,146827.02778299566
2024-02-22,149734.14597932826
2024-02-23,149855.65815662054
2024-02-26,149672.75468039786
2024-02-27,149717.50084506324
2024-02-28,149332.8004343877
2024-02-29,150545.8757306286
2024-03-01,152985.01665327596
2024-03-04,153042.00209952812
2024-03-05,151610.02642569854
2024-03-06,152786.1464280761
2024-03-07,154542.9303771227
2024-03-08,153258.22215710147
2024-03-11,152927.33926462202
2024-03-12,153661.33612143656
2024-03-13,152986.24779278855
2024-03-14,152151.96478862298
2024-03-15,150714.0111919521
2024-03-18,151700.57904837752
2024-03-19,151993.09329683898
2024-03-20,153783.03750245436
2024-03-21,154305.08042408674
2024-03-22,154279.14433889565
2024-03-25,153908.51475936038
2024-03-26,153740.10678665232
2024-03-27,154602.4868859374
2024-03-28,154870.57233003995
2024-04-01,155027.54211589938
2024-04-02,154486.3843981265
2024-04-03,155101.02560602265
2024-04-04,153267.76429982152
2024-04-05,154900.12645225748
2024-04-08,155205.50134636796
2024-04-09,155998.00470797028
2024-04-10,154195.0861663475
2024-04-11,156634.49292259297
2024-04-12,154354.83692259665
2024-04-15,153434.2643821058
2024-04-16,153386.99412789592
2024-04-17,152127.81968027898
2024-04-18,152003.5904607429
2024-04-19,151367.47341039518
2024-04-22,150550.82600554015
2024-04-23,151105.17939622857
2024-04-24,151056.65117737232
2024-04-25,150965.90236388159
2024-04-26,151989.46533416744
2024-04-29,152242.04317474487
2024-04-30,150145.9117250222
2024-05-01,150277.61972803256
2024-05-02,150902.7756714193
2024-05-03,152274.26210235865
2024-05-06,154052.197944717
2024-05-07,153974.7502324775
2024-05-08,153669.44553357165
2024-05-09,154647.5361710164
2024-05-10,155157.69370166044
2024-05-13,155011.90524037287
2024-05-14,156252.2801868352
2024-05-15,158954.13755102007
2024-05-16,158509.60149123677
2024-05-17,159000.14511979086
2024-05-20,159969.92109634768
2024-05-21,160247.94424280862
2024-05-22,159395.84225376495
2024-05-23,157769.49652017836
2024-05-24,159025.73749471572
2024-05-28,159589.75538250664
2024-05-29,158016.03667919186
2024-05-30,157153.893650067
2024-05-31,157006.17195752537
2024-06-03,158076.31013578287
2024-06-04,158224.45416752365
2024-06-05,161088.78683661413
2024-06-06,161344.99357302653
2024-06-07,159100.9136846596
2024-06-10,159754.48266924772
2024-06-11,160943.42531468722
2024-06-12,162788.16545574626
2024-06-13,163432.65347253619
2024-06-14,164801.73095300148
2024-06-17,165610.8451079134
2024-06-18,166092.39642823726
2024-06-20,165507.77024836166
2024-06-21,164472.43688613106
2024-06-24,163483.42688644334
2024-06-25,164572.46645839134
2024-06-26,163983.2901094614
2024-06-27,164886.0058097749
2024-06-28,163766.70985994383
2024-07-01,164030.68081329844
2024-07-02,165471.17288093115
2024-07-03,167269.0192050797
2024-07-05,169295.6922925327
2024-07-08,169032.23104098954
2024-07-09,169081.2670789256
2024-07-10,170588.59416771156
2024-07-11,169081.46862049564
2024-07-12,169811.48353648622
2024-07-15,169914.2102279442
2024-07-16,171361.42415256475
2024-07-17,167740.58550119604
2024-07-18,166761.6088886676
2024-07-19,165219.44296529435
2024-07-22,165826.03660123487
2024-07-23,165805.07619890693
2024-07-24,163578.10751996835
2024-07-25,162598.08063035598
2024-07-26,163695.70728957118
2024-07-29,163837.0965120549
2024-07-30,163832.36611404037
2024-07-31,166215.16069266168
2024-08-01,165218.21815657304
2024-08-02,165146.90428357437
2024-08-05,163454.85308785026
2024-08-06,162346.5411074658
2024-08-07,161701.89464207937
2024-08-08,162879.33856631655
2024-08-09,163560.6109551382
2024-08-12,164572.93091388023
2024-08-13,165704.7530808557
2024-08-14,165561.30739976597
2024-08-15,166649.45644113992
2024-08-16,167950.85413303488
2024-08-19,168814.73029540599
2024-08-20,169211.1055740082
2024-08-21,169446.67765923377
2024-08-22,167473.0773548742
2024-08-23,168932.95356464855
2024-08-26,168456.7484032672
2024-08-27,168695.87632701432
2024-08-28,167664.03994540023
2024-08-29,167717.7154843764
2024-08-30,167579.48031939252
2024-09-03,166144.23615811268
2024-09-04,166449.8865203386
2024-09-05,167122.5809514379
2024-09-06,165753.18770794803
2024-09-09,166575.40217056574
2024-09-10,167423.9154549162
2024-09-11,168176.97619430814
2024-09-12,169320.8938164447
2024-09-13,170157.20171478757
2024-09-16,170345.45137769936
2024-09-17,169861.14329851224
2024-09-18,168688.68838942918
2024-09-19,170667.3738434498
2024-09-20,171072.33256495942
2024-09-23,171236.51866375716
2024-09-24,172272.80066161454
2024-09-25,171936.2996057443
2024-09-26,172743.33033036144
2024-09-27,172176.34832872887
2024-09-30,171715.8594552941
2024-10-01,171724.53104896852
2024-10-02,171450.19069233126
2024-10-03,170974.66629172667
2024-10-04,170949.05199575782
2024-10-07,169861.8192652501
2024-10-08,170257.3133753481
2024-10-09,170142.40687455086
2024-10-10,170342.35339636085
2024-10-11,170833.10509000148
2024-10-14,171220.14330415684
2024-10-15,171048.2460382299
2024-10-16,171462.8568364921
2024-10-17,171263.13642229993
2024-10-18,172195.29533808396
2024-10-21,171687.95624879244
2024-10-22,172394.39132287825
2024-10-23,170660.51390149852
2024-10-24,171791.40324863087
2024-10-25,172079.70402017806
2024-10-28,172022.12496594503
2024-10-29,173249.65351447498
2024-10-30,173181.40244092798
2024-10-31,170804.10826487088
2024-11-01,170494.61491078572
2024-11-04,170941.85826399486
2024-11-05,171987.641886177
2024-11-06,171086.350013963
2024-11-07,174127.1940742407
2024-11-08,174271.0262187662
2024-11-11,172806.3060557305
2024-11-12,171622.01493819803
2024-11-13,170669.46542339248
2024-11-14,169661.93893657287
2024-11-15,166881.46369003184
2024-11-18,168283.9365054429
2024-11-19,169333.02869142225
2024-11-20,169491.1159188057
2024-11-21,170127.64792560908
2024-11-22,170883.1965706371
2024-11-25,170218.48555874068
2024-11-26,170575.2939586506
2024-11-27,170384.09959758632
2024-11-29,171730.744151974
2024-12-02,172099.4550932491
2024-12-03,172538.59550565796
2024-12-04,174781.5928157207
2024-12-05,174087.52280320015
2024-12-06,175416.22236846964
2024-12-09,174432.1487775388
2024-12-10,174403.6912108826
2024-12-11,177116.43095516867
2024-12-12,175007.2254709333
2024-12-13,175141.2613414862
2024-12-16,177492.84975922556
2024-12-17,176686.60016942138
2024-12-18,170258.02336899049
2024-12-19,169891.13490225826
2024-12-20,170636.8196665213
2024-12-23,170803.13512161237
2024-12-24,172490.85756111678
2024-12-26,172714.47825915567
2024-12-27,170293.73907146708
2024-12-30,168469.0247651973
2024-12-31,168149.4747936144
2025-01-02,168712.32627305167
2025-01-03,169217.32143512776
2025-01-06,169775.4244297882
2025-01-07,168720.57592755026
2025-01-08,169027.7774563327
2025-01-10,168435.32358444034
2025-01-13,167762.8089697333
2025-01-14,167937.17824900046
2025-01-15,169854.426925736
2025-01-16,169815.75599738368
2025-01-17,170628.79827499125
2025-01-21,171961.72820479987
2025-01-22,172991.55742779563
2025-01-23,172900.63290132736
2025-01-24,172901.03497914848
2025-01-27,170597.94866987027
2025-01-28,171900.3003412005
2025-01-29,171533.85285800058
2025-01-30,172676.9684031878
2025-01-31,172513.8202625863
2025-02-03,172483.64089900025
2025-02-04,173775.05322329648
2025-02-05,174753.45439345593
2025-02-06,174927.3125021683
2025-02-07,174057.56793127273
2025-02-10,175616.90133978103
2025-02-11,175112.8067071726
2025-02-12,174879.230366153
2025-02-13,176724.1176966203
2025-02-14,176255.42611093377
2025-02-18,177038.09868536633
2025-02-19,177109.66070720018
2025-02-20,176966.6605454035
2025-02-21,175832.43618969084
2025-02-24,175634.08217725193
2025-02-25,174707.4097828869
2025-02-26,175097.66462559957
2025-02-27,172746.5770797054
2025-02-28,173391.5607986974
2025-03-03,173321.9847343548
2025-03-04,173031.60248168928
2025-03-05,173092.02188292315
2025-03-06,172444.64068620407
2025-03-07,172504.2581520808
2025-03-10,171905.86871786637
2025-03-11,172224.29399387777
2025-03-12,172374.5407182041
2025-03-13,173381.94080569004
2025-03-14,173547.22801544386
2025-03-17,174103.86724729632
2025-03-18,174622.89821746323
2025-03-19,175178.13657238736
2025-03-20,175106.54891568312
2025-03-21,174481.21232571444
2025-03-24,174248.49238114269
2025-03-25,174543.13635286535
2025-03-26,174119.82294541708
2025-03-27,174773.449074525
2025-03-28,175215.00863185377
2025-03-31,176379.88606673552
2025-04-01,176551.80596618503
2025-04-02,176730.68819023605
2025-04-03,175762.39424480058
2025-04-04,174073.38552768662
2025-04-07,171825.9102037346
2025-04-08,171415.79496815908
2025-04-09,174217.92185735272
2025-04-10,174446.73339204115
2025-04-11,175745.11925609058
2025-04-14,175680.86588697892
2025-04-15,176061.8266190529
2025-04-16,177854.05080063688
2025-04-17,177390.8653619116
2025-04-21,178530.92265388145
2025-04-22,178107.4573746355
2025-04-23,177046.90132868703
2025-04-24,178450.02396149287
2025-04-25,178097.23961149488
2025-04-28,179126.00109915316
2025-04-29,179150.30835031148
2025-04-30,178466.9602072701
2025-05-01,177544.30178113235
2025-05-02,177915.64189204611
2025-05-05,179249.8332847922
2025-05-06,180545.22048426495
2025-05-07,179931.91650069624
2025-05-08,178875.4324114467
2025-05-09,179312.24968726846
2025-05-12,179113.31087648383
2025-05-13,180096.85514776857
2025-05-14,179112.8243545536
2025-05-15,180270.99570562455
2025-05-16,179908.9899244198
2025-05-19,180631.21748089453
2025-05-20,181326.67704656682
2025-05-21,180551.41831149062
2025-05-22,180223.99784488283
2025-05-23,181054.2227671775
2025-05-27,181384.51867773163
2025-05-28,180921.66564466857
2025-05-29,181567.28426228117
2025-05-30,181133.4282510463
2025-06-02,182899.74978137098
2025-06-03,182780.64633711983
2025-06-04,183712.69433853534
2025-06-05,183011.42789021047
2025-06-06,182456.89850158474
2025-06-09,182839.96442774756
2025-06-10,183380.8375263495
2025-06-11,183558.90601019014
2025-06-12,184674.8100918347
2025-06-13,184477.00606058072
2025-06-16,184060.90816447473
2025-06-17,183903.26765320892
2025-06-18,183637.59411939926
2025-06-20,183389.14304928706
2025-06-23,184099.90775789897
2025-06-24,184065.68966071308
2025-06-25,184394.80267681016
2025-06-26,185312.3108590528
2025-06-27,184511.72631943354
2025-06-30,186278.60206500228
2025-07-01,185768.92987673928
2025-07-02,186785.2513139615
2025-07-03,187406.6006707899
2025-07-07,186149.97073604015
2025-07-08,185568.2155804872
2025-07-09,186998.94449112777
2025-07-10,186946.9670009425
2025-07-11,186811.9461164793
2025-07-14,187000.9333122199
2025-07-15,186740.2936425892
2025-07-16,187192.17505431475
2025-07-17,188047.31680755393
2025-07-18,188078.74057141278
2025-07-21,189864.28545183124
2025-07-22,189882.9897505148
2025-07-23,189588.4699304185
2025-07-24,189474.72717659152
2025-07-25,189384.2428286353
2025-07-28,189305.4515537401
2025-07-29,189670.34007199729
2025-07-30,188726.1782537789
2025-07-31,188364.07037482373
2025-08-01,187212.10532383397
2025-08-04,189652.63176117002
2025-08-05,188925.41370799442
2025-08-06,190080.4096291804
2025-08-07,190886.9166328643
2025-08-08,191919.38724191888
2025-08-11,190710.82712280424
2025-08-12,192157.8239114709
2025-08-13,192610.8324264664
2025-08-14,191896.18874806003
2025-08-15,191040.70282470962
2025-08-18,190814.4825193124
2025-08-19,188753.3746128951
2025-08-20,188592.0467888875
2025-08-21,187701.42020704964
2025-08-22,190246.47808370227
2025-08-25,189690.20578134502
2025-08-26,190615.16432967
2025-08-27,190914.54875197524
2025-08-28,192325.6241656653
2025-08-29,191050.1560935538
2025-09-02,191096.30175612855
2025-09-03,192822.4663368054
2025-09-04,193844.30650861096
2025-09-05,195164.31961552618
2025-09-08,196881.18987844946
2025-09-09,196904.58927802532
2025-09-10,197359.0972242012
2025-09-11,198268.1359233104
2025-09-12,198817.3523664938
2025-09-15,200761.7199737739
2025-09-16,200849.11370170757
2025-09-17,199988.7565010429
2025-09-18,200578.96882810091
2025-09-19,202130.82932394498
2025-09-22,203977.91563953596
2025-09-23,203444.18214115608
2025-09-24,202253.85077641794
2025-09-25,201911.6859807613
2025-09-26,202822.68170343252
2025-09-29,204786.28485267772
2025-09-30,205618.32870862063
2025-10-01,206506.45860139886
2025-10-02,206964.73854909124
2025-10-03,206809.37979108174
2025-10-06,208783.12343398988
2025-10-07,208574.8050054715
2025-10-08,211253.8577962176
2025-10-09,209770.61614561485
2025-10-10,206105.59860522932
2025-10-13,210324.4218990896
2025-10-14,210395.44534792122
2025-10-15,212350.36225828668
2025-10-16,213923.97637825442
2025-10-17,212940.62420969643
2025-10-20,216996.168485456
2025-10-21,212359.85880583694
2025-10-22,211112.41287803458
2025-10-23,212156.36011733537
2025-10-24,213314.68739595427
2025-10-27,214084.66933242592
2025-10-28,214961.04795866951
2025-10-29,214972.85199530073
2025-10-30,213392.1744519739
2025-10-31,213718.88123228188
2025-11-03,214454.37952542037
2025-11-04,210120.74468996003
2025-11-05,211280.2043862059
2025-11-06,208860.3440939918
2025-11-07,208527.15868474694
2025-11-10,212206.83037077013
2025-11-11,212332.1494409041
2025-11-12,213444.27033773827
2025-11-13,210676.74145754718
2025-11-14,209101.25855622865
2025-11-17,207913.66585245956
2025-11-18,207751.71249081622
2025-11-19,208044.16423226643
2025-11-20,207153.67749586204
2025-11-21,207489.73390274812
2025-11-24,209971.26061533822
2025-11-25,210437.03144186715
2025-11-26,211738.7889406303
2025-11-28,212917.61930517427
2025-12-01,212541.86577325274
2025-12-02,212738.59634617117
2025-12-03,212991.3940780976
2025-12-04,212476.18861004128
2025-12-05,212803.9737637273
2025-12-08,212167.21350948565
2025-12-09,212480.81594199015
2025-12-10,213236.0511531857
2025-12-11,213667.52945698175
2025-12-12,212106.0301669964
2025-12-15,211824.53047692502
2025-12-16,212194.4298295041
2025-12-17,211417.66912960674
2025-12-18,212472.17826480727
2025-12-19,213285.47437785787
2025-12-22,215114.76909739902
2025-12-23,216514.85754114686
2025-12-24,216672.18712512866
2025-12-26,217362.30141529767
2025-12-29,213947.08766348203
2025-12-30,213718.01126306804
2025-12-31,212302.0137234644
2026-01-02,212414.9569730175
2026-01-05,215017.0117132251
2026-01-06,216380.69204315654
2026-01-07,216014.4097266962
2026-01-08,215752.80515046703
2026-01-09,217296.90946260892
2026-01-12,218613.9013446304
2026-01-13,218446.52765925156
2026-01-14,218550.38795966597
2026-01-15,218428.73996237814
2026-01-16,217700.24254289712
2026-01-20,218262.0914864549
2026-01-21,220516.24854340462
2026-01-22,222575.5692510376
2026-01-23,223998.52442605194
2026-01-26,225662.92162273172
2026-01-27,228041.23150584614
2026-01-28,231079.20397691466
2026-01-29,230806.2281224425
2026-01-30,220773.9513761057
2026-02-02,218023.9466566529
2026-02-03,221546.12498052773
2026-02-04,220161.05021610926
2026-02-05,217596.1683464048
2026-02-06,220541.2885905678
2026-02-09,222615.92476382057
2026-02-10,222230.95634237377
2026-02-11,222910.6352019905
2026-02-12,220355.90680938424
2026-02-13,222648.26481290077
2026-02-17,220226.37100287317
2026-02-18,222168.59548573193
2026-02-19,222235.19950666607
2026-02-20,224179.68747566626
2026-02-23,225777.3728849075
2026-02-24,225316.55409218723
2026-02-25,225963.87799663132
2026-02-26,226034.1684573557
2026-02-27,227151.46631335875
2026-03-02,227715.04497397807
2026-03-03,223253.66907960043
2026-03-04,224499.07531820823
2026-03-05,223287.5602265111
2026-03-06,223359.51212185124
2026-03-09,223995.39222296193
2026-03-10,224379.57448719902
2026-03-11,223568.0459393419
2026-03-12,221105.88292287604
2026-03-13,219954.45717442333
2026-03-16,220398.69606896833
2026-03-17,220379.26528314708
2026-03-18,217559.03824022706
2026-03-19,214844.18241610823
2026-03-20,211842.3614474285
2026-03-23,210915.34030074917
2026-03-24,210704.4710928452
2026-03-25,212874.5061694309
2026-03-26,209970.9835026758
2026-03-27,211439.98770099308
2026-03-30,211821.1747760868
2026-03-31,214639.66905735567
2026-04-01,215867.7357105012
2026-04-02,214949.99953154492
2026-04-06,214721.71124226972
2026-04-07,215409.17050508718
2026-04-08,216531.7094360013
2026-04-09,217435.5843478721
2026-04-10,217334.9076115324
2026-04-13,217976.72561526176
2026-04-14,221233.652263983
2026-04-15,221537.86261914176
2026-04-16,221653.5687135282
2026-04-17,224515.42058310972
2026-04-20,223377.08265476336
2026-04-21,220473.0363038217
2026-04-22,224277.95330655883
2026-04-23,222572.10944766042
2026-04-24,226275.55516561618
2026-04-27,225651.67426602537
2026-04-28,222636.7605820494
2026-04-29,222793.28669669537
2026-04-30,225333.57159864396
2026-05-01,227127.28221901887
2026-05-04,225239.94808737317
2026-05-05,228182.31173735927
2026-05-06,233952.18579279506
2026-05-07,233636.973732292
2026-05-08,238372.71696531255
2026-05-11,238868.06350453143
2026-05-12,236644.6985902348
2026-05-13,238112.24145379406
2026-05-14,239087.42645440027
2026-05-15,233896.01478846645
2026-05-18,233198.08521886822
2026-05-19,230754.5957301088
2026-05-20,234998.1385055835
2026-05-21,235478.450964325
2026-05-22,235982.98826291075
