,hedged
2018-05-24,100000.0
2018-05-25,100145.17880879498
2018-05-29,99236.79114115273
2018-05-30,100476.61295260319
2018-05-31,100362.09502979145
2018-06-01,103078.57549488341
2018-06-04,104772.18816937
2018-06-05,105496.74754756596
2018-06-06,106696.60920170532
2018-06-07,104851.93996416978
2018-06-08,104801.83318568279
2018-06-11,105405.26245903433
2018-06-12,106659.69984190734
2018-06-13,106569.57987429616
2018-06-14,109030.48760179873
2018-06-15,108203.9906805557
2018-06-18,108021.82594362144
2018-06-19,107287.35872379532
2018-06-20,108957.60063782075
2018-06-21,106880.73892197518
2018-06-22,106210.22539705984
2018-06-25,101491.48946370679
2018-06-26,102212.48127630813
2018-06-27,99690.46075118179
2018-06-28,100166.17736516656
2018-06-29,99992.08643225685
2018-07-02,99938.86794663958
2018-07-03,97533.66521428015
2018-07-05,99110.14564410824
2018-07-06,100446.06197787636
2018-07-09,101736.83941270507
2018-07-10,101898.4883998706
2018-07-11,100839.41811601707
2018-07-12,104201.02081826972
2018-07-13,104420.57942281717
2018-07-16,103913.95132298759
2018-07-17,105305.4636720847
2018-07-18,104820.62197985033
2018-07-19,103700.01710088328
2018-07-20,103609.77893951733
2018-07-23,104248.30678804046
2018-07-24,105157.67627973211
2018-07-25,108334.7272836181
2018-07-26,104950.79294665939
2018-07-27,101831.54201245759
2018-07-30,98952.28928813039
2018-07-31,99818.93953174823
2018-08-01,100218.52602545344
2018-08-02,101441.6695803171
2018-08-03,101856.12123603481
2018-08-06,103185.21691326672
2018-08-07,103893.70593721457
2018-08-08,104099.00318938398
2018-08-09,104024.32255814117
2018-08-10,102228.5440788566
2018-08-13,102080.41122402916
2018-08-14,103219.04438423747
2018-08-15,100912.9663592898
2018-08-16,101536.83153919586
2018-08-17,101557.63001978128
2018-08-20,101378.10635181282
2018-08-21,102091.7342951847
2018-08-22,102909.80429754397
2018-08-23,102554.50955229647
2018-08-24,104581.0535536598
2018-08-27,106882.65244317536
2018-08-28,107225.81351670876
2018-08-29,109882.99591618453
2018-08-30,109443.28428232663
2018-08-31,109632.33372548014
2018-09-04,108755.13865735182
2018-09-05,105787.33643944292
2018-09-06,103957.29754038338
2018-09-07,103302.76852911938
2018-09-10,103811.38843533618
2018-09-11,105327.35416985197
2018-09-12,104702.6271855907
2018-09-13,106815.2911296999
2018-09-14,106193.78916478078
2018-09-17,102910.74802172223
2018-09-18,104597.6055619785
2018-09-19,104423.69450295906
2018-09-20,106844.73182537047
2018-09-21,105554.86765307964
2018-09-24,106243.79972210412
2018-09-25,106550.70274259476
2018-09-26,106466.28582988429
2018-09-27,108645.29184949213
2018-09-28,108509.26658302498
2018-10-01,108982.09093777314
2018-10-02,108513.2064475891
2018-10-03,108746.69704729688
2018-10-04,104131.1871929078
2018-10-05,101455.76170502632
2018-10-08,100354.1308737702
2018-10-09,100561.24496633884
2018-10-10,96928.15193482695
2018-10-11,96146.7078365797
2018-10-12,97254.31907049437
2018-10-15,97257.53851070623
2018-10-16,97460.82224002798
2018-10-17,97438.2292206243
2018-10-18,97264.72273690387
2018-10-19,96741.75592308336
2018-10-22,96940.62081993898
2018-10-23,96657.70414157862
2018-10-24,93805.071484968
2018-10-25,94794.4602742145
2018-10-26,94485.22474132197
2018-10-29,94469.43091619098
2018-10-30,94712.7031463997
2018-10-31,94846.0585264371
2018-11-01,95044.78183672173
2018-11-02,94930.10215185177
2018-11-05,95090.0800152217
2018-11-06,95224.91170956871
2018-11-07,95722.23401642051
2018-11-08,95688.92615598884
2018-11-09,95387.31932003671
2018-11-12,94862.57520158273
2018-11-13,94802.65903982292
2018-11-14,93855.86996711163
2018-11-15,94052.7539602901
2018-11-16,94112.02689092387
2018-11-19,93803.46325258094
2018-11-20,93435.06637843316
2018-11-21,93463.79097049883
2018-11-23,93339.61720531358
2018-11-26,93635.65450491365
2018-11-27,93722.05257622869
2018-11-28,94290.18247823305
2018-11-29,94237.6523743521
2018-11-30,94398.01950979346
2018-12-03,94747.20469740752
2018-12-04,93789.21064914104
2018-12-06,94748.16926855178
2018-12-07,92967.73403353147
2018-12-10,92908.62434266416
2018-12-11,92907.21081296478
2018-12-12,93004.00305966193
2018-12-13,92997.17966976918
2018-12-14,92607.35754303292
2018-12-17,92188.83264160463
2018-12-18,92178.50874897257
2018-12-19,91948.59937472195
2018-12-20,91692.44373629721
2018-12-21,91554.48602300459
2018-12-24,91356.0376269002
2018-12-26,91848.562893679
2018-12-27,91942.61001655455
2018-12-28,91909.3776147695
2018-12-31,92026.82107577215
2019-01-02,92107.77220006575
2019-01-03,91688.28541895618
2019-01-04,92277.70785427715
2019-01-07,92450.56285805495
2019-01-08,92663.98076658446
2019-01-09,92774.2502679777
2019-01-10,92860.2283433099
2019-01-11,92875.07133826363
2019-01-14,92387.3680589368
2019-01-15,93439.07481805574
2019-01-16,93445.97688500436
2019-01-17,93860.14660800945
2019-01-18,94413.5851789617
2019-01-22,93225.56972981377
2019-01-23,93304.61178991383
2019-01-24,93618.17502392334
2019-01-25,94270.72826655112
2019-01-28,93673.48800528391
2019-01-29,93178.30189766042
2019-01-30,94396.35914260986
2019-01-31,95146.68679031191
2019-02-01,94881.05108328532
2019-02-04,95590.19416374167
2019-02-05,96172.59787746523
2019-02-06,95972.12773771261
2019-02-07,95058.81763799617
2019-02-08,95115.11787785999
2019-02-11,95074.46106901711
2019-02-12,96038.0602994399
2019-02-13,96061.25505725786
2019-02-14,96148.99119827242
2019-02-15,96495.6790200106
2019-02-19,96678.62156963364
2019-02-20,96668.20171230797
2019-02-21,96357.36425497355
2019-02-22,96958.05388702126
2019-02-25,97264.97396335541
2019-02-26,97353.73930097245
2019-02-27,97241.40229442708
2019-02-28,97071.96675812638
2019-03-01,97558.68825905914
2019-03-04,97527.06518227495
2019-03-05,97586.07940317411
2019-03-06,97155.49448515331
2019-03-07,96266.46557305085
2019-03-08,96054.55478610937
2019-03-11,97394.36310931662
2019-03-12,97798.59341785577
2019-03-13,98378.90311373137
2019-03-14,98250.77137155578
2019-03-15,98939.28866594273
2019-03-18,99204.61413192129
2019-03-19,99518.17352197786
2019-03-20,99880.61694343537
2019-03-21,101313.49737917387
2019-03-22,99112.61326121727
2019-03-25,98897.96938463555
2019-03-26,99280.03013003763
2019-03-27,98683.00069522792
2019-03-28,98840.79178848685
2019-03-29,99437.7736030091
2019-04-01,100662.32410940377
2019-04-02,101053.53363485677
2019-04-03,101702.42718157874
2019-04-04,101600.5907078579
2019-04-05,102622.14589018299
2019-04-08,103184.83031395613
2019-04-09,102411.51941160063
2019-04-10,103498.92351881266
2019-04-11,102961.33930281553
2019-04-12,103816.67341116694
2019-04-15,103873.91590914152
2019-04-16,104610.76098968183
2019-04-17,105350.81314096543
2019-04-18,105591.8920176944
2019-04-22,106208.31913604373
2019-04-23,108978.53392052163
2019-04-24,108248.74561630457
2019-04-25,109113.12296193613
2019-04-26,109401.00950710097
2019-04-29,109799.09058556262
2019-04-30,108108.02572597958
2019-05-01,107415.88071972801
2019-05-02,106656.36216581437
2019-05-03,109473.45488711292
2019-05-06,108795.84038352339
2019-05-07,104951.02772312156
2019-05-08,104351.99554262756
2019-05-09,103634.88534197224
2019-05-10,103622.95220564395
2019-05-13,99873.56102999076
2019-05-14,100270.0051440405
2019-05-15,100943.91893427697
2019-05-16,101521.5590901512
2019-05-17,100850.75581769012
2019-05-20,99729.51370327704
2019-05-21,100271.90946940526
2019-05-22,99979.12671193403
2019-05-23,98914.6477627775
2019-05-24,98905.47259209568
2019-05-28,98737.58659791894
2019-05-29,98245.0294209921
2019-05-30,98470.03192690012
2019-05-31,97555.32402130548
2019-06-03,96583.94367597558
2019-06-04,97734.9644988839
2019-06-05,98050.78664194305
2019-06-06,98498.67925525301
2019-06-07,99737.94122115384
2019-06-10,100573.73720144606
2019-06-11,99968.63291601854
2019-06-12,99321.34486814105
2019-06-13,99740.71542536652
2019-06-14,99391.59454680732
2019-06-17,99861.54143580457
2019-06-18,100978.81613570733
2019-06-19,101298.75949395706
2019-06-20,101653.70077188856
2019-06-21,101397.27001951383
2019-06-24,101379.06119005899
2019-06-25,99787.65853080196
2019-06-26,100169.70825402404
2019-06-27,100435.58923326127
2019-06-28,100536.51747976331
2019-07-01,100977.03774236991
2019-07-02,101285.24734840545
2019-07-03,102416.97838522543
2019-07-05,102039.28750369004
2019-07-08,100799.22781840037
2019-07-09,101203.38250008714
2019-07-10,102351.06313238994
2019-07-11,102187.42917661992
2019-07-12,103188.6267012521
2019-07-15,103699.63951999445
2019-07-16,102809.02357355863
2019-07-17,101915.13751231994
2019-07-18,101553.38819692978
2019-07-19,99646.09969673769
2019-07-22,100505.35967964407
2019-07-23,101023.67540732033
2019-07-24,101699.41783748439
2019-07-25,100243.78649728163
2019-07-26,102003.04555663488
2019-07-29,101482.67692743699
2019-07-30,100417.79649404809
2019-07-31,99363.36063540963
2019-08-01,99130.30848052175
2019-08-02,98273.57061024409
2019-08-05,96775.71731410813
2019-08-06,97091.81067706103
2019-08-07,96969.63198292202
2019-08-08,97044.16731097813
2019-08-09,96985.79913129084
2019-08-12,96922.84077906724
2019-08-13,96891.34365228844
2019-08-14,96669.16684142308
2019-08-15,96677.47944637864
2019-08-16,96667.98776125105
2019-08-19,96715.47945372645
2019-08-20,96560.40897207665
2019-08-21,96638.9466911626
2019-08-22,96622.8112133623
2019-08-23,95120.37990112083
2019-08-26,95430.04188664723
2019-08-27,95346.02177517882
2019-08-28,95498.9875308774
2019-08-29,95767.64870757399
2019-08-30,95771.54270633771
2019-09-03,95650.89206594578
2019-09-04,95893.59666158451
2019-09-05,96590.78492121324
2019-09-06,96495.4526054333
2019-09-09,96302.72187604694
2019-09-10,96090.32041621204
2019-09-11,96855.50522466954
2019-09-12,97217.68626274283
2019-09-13,96909.48780903622
2019-09-16,96510.71838966668
2019-09-17,96895.6262087653
2019-09-18,96885.48871505994
2019-09-19,97018.4091191997
2019-09-20,96103.99354600998
2019-09-23,96135.1834700252
2019-09-24,95010.79993011082
2019-09-25,95730.1329158565
2019-09-26,95491.44434968583
2019-09-27,94675.9941119863
2019-09-30,95212.03533570806
2019-10-01,94727.88846988854
2019-10-02,93788.11821768065
2019-10-03,93895.86892552221
2019-10-04,94106.169848623
2019-10-07,94028.86492368649
2019-10-08,93749.20728993531
2019-10-09,93890.22133921363
2019-10-10,94000.39622896118
2019-10-11,94191.96809691378
2019-10-14,94150.45277127229
2019-10-15,94444.69575958553
2019-10-16,94396.36709158904
2019-10-17,94490.83646166885
2019-10-18,93671.29615795662
2019-10-21,94449.46176481049
2019-10-22,93750.68330526636
2019-10-23,93896.86595688266
2019-10-24,94749.90367349723
2019-10-25,95387.1296629456
2019-10-28,96377.60769342702
2019-10-29,95562.83661322988
2019-10-30,96037.45659096575
2019-10-31,96068.43860027585
2019-11-01,97021.84788052988
2019-11-04,97680.93563370702
2019-11-05,97730.45784350747
2019-11-06,97487.75491531301
2019-11-07,97868.91229446804
2019-11-08,98317.037616732
2019-11-11,98156.63894804278
2019-11-12,98472.36392884026
2019-11-13,98417.77340576937
2019-11-14,98410.1830961763
2019-11-15,99141.4227672736
2019-11-18,99349.3172635835
2019-11-19,99515.31405369416
2019-11-20,98822.24226473518
2019-11-21,98522.02445183763
2019-11-22,98630.41342102269
2019-11-25,99907.10153916
2019-11-26,100132.17272562934
2019-11-27,100928.98261619639
2019-11-29,100166.53696304142
2019-12-02,99028.12611866642
2019-12-03,98244.9253446456
2019-12-04,98691.84480246891
2019-12-05,98816.5788984903
2019-12-06,99737.10408171335
2019-12-09,99327.00987299062
2019-12-10,99247.2964821826
2019-12-11,99712.97029324512
2019-12-12,100438.18999511767
2019-12-13,100779.88242343231
2019-12-16,102197.58631840814
2019-12-17,102303.10704712091
2019-12-18,102484.40056081477
2019-12-19,104142.62222000684
2019-12-20,105136.42004267144
2019-12-23,105762.98052250629
2019-12-24,105874.45427384644
2019-12-26,108030.47822115856
2019-12-27,107801.61965121978
2019-12-30,106136.125353746
2019-12-31,106568.70536769558
2020-01-02,110727.00590540914
2020-01-03,108318.26691374574
2020-01-06,109956.13499588426
2020-01-07,109844.53068586369
2020-01-08,111791.34139460236
2020-01-09,113981.68614871947
2020-01-10,113249.3427543133
2020-01-13,116357.409664548
2020-01-14,115281.18821525479
2020-01-15,115338.26936412798
2020-01-16,117884.56605312882
2020-01-17,119287.6930520959
2020-01-21,119241.4569831516
2020-01-22,119919.70238849659
2020-01-23,120768.76612820015
2020-01-24,118374.19282152393
2020-01-27,112764.14799602097
2020-01-28,115849.3284212894
2020-01-29,115966.76598445638
2020-01-30,116774.20000332067
2020-01-31,113146.69229871867
2020-02-03,115981.42718232815
2020-02-04,120188.66423964703
2020-02-05,120705.331865676
2020-02-06,122677.32842866768
2020-02-07,121590.17878463386
2020-02-10,124473.47227618747
2020-02-11,124527.09238253198
2020-02-12,126997.56032443035
2020-02-13,126801.3875875251
2020-02-14,127456.37839318249
2020-02-18,127627.92320653175
2020-02-19,130396.13117815378
2020-02-20,127607.94854571742
2020-02-21,122298.94564181639
2020-02-24,112568.53708618513
2020-02-25,111000.19022855375
2020-02-26,111277.01402572487
2020-02-27,108738.40580182234
2020-02-28,108350.62098545363
2020-03-02,109780.2457157685
2020-03-03,108360.46697170421
2020-03-04,109859.12810971729
2020-03-05,108720.56449978943
2020-03-06,107706.99908033467
2020-03-09,105218.03069246293
2020-03-10,106504.03348917935
2020-03-11,105810.25630293704
2020-03-12,104709.34510187377
2020-03-13,105536.3893110278
2020-03-16,104444.60724688154
2020-03-17,104830.45259899143
2020-03-18,104174.29015792692
2020-03-19,104139.0384321993
2020-03-20,103697.34484808314
2020-03-23,103313.42342544075
2020-03-24,104115.49037270014
2020-03-25,104388.53181936676
2020-03-26,104948.23939955214
2020-03-27,104501.40035520973
2020-03-30,104955.03162330683
2020-03-31,104639.26712431319
2020-04-01,103727.89138995466
2020-04-02,104152.33169321068
2020-04-03,103846.8657205277
2020-04-06,105155.86255106782
2020-04-07,105179.24861025048
2020-04-08,105896.74125539929
2020-04-09,106237.92849748947
2020-04-13,106017.78016589617
2020-04-14,106677.46495712695
2020-04-15,106179.28731420347
2020-04-16,106712.94802229272
2020-04-17,107156.57278784824
2020-04-20,106524.44094641184
2020-04-21,104538.4026331348
2020-04-22,105660.56163021037
2020-04-23,105658.78196724472
2020-04-24,105989.03957035042
2020-04-27,106335.50420858452
2020-04-28,106194.27616954684
2020-04-29,107316.93569203558
2020-04-30,107420.60572450729
2020-05-01,105463.88207813299
2020-05-04,105961.55141868783
2020-05-05,106475.37337275
2020-05-06,106741.68779710883
2020-05-07,107386.5290148318
2020-05-08,108115.81904857914
2020-05-11,108801.16054259216
2020-05-12,107272.52293581201
2020-05-13,106589.15452698301
2020-05-14,107186.2600862075
2020-05-15,107545.79662323464
2020-05-18,108664.1877005862
2020-05-19,108427.21396606383
2020-05-20,109820.70133704875
2020-05-21,108971.6700075191
2020-05-22,109174.62879170652
2020-05-26,109049.49135068146
2020-05-27,109458.13527792227
2020-05-28,109292.49312909156
2020-05-29,110327.77153964207
2020-06-01,110712.66889336576
2020-06-02,111220.32584554162
2020-06-03,111601.21603228663
2020-06-04,110790.42491012713
2020-06-05,112978.63953482891
2020-06-08,113962.81378848775
2020-06-09,114954.0841561011
2020-06-10,116468.02186695667
2020-06-11,110534.46686248545
2020-06-12,111916.43505348724
2020-06-15,112955.08269149985
2020-06-16,114272.02453168412
2020-06-17,114467.55758592239
2020-06-18,114700.87811196691
2020-06-19,114653.4912716793
2020-06-22,115612.46539345493
2020-06-23,116298.67166964493
2020-06-24,114491.42528851467
2020-06-25,115233.95616620054
2020-06-26,113094.08576023598
2020-06-29,113854.05126121895
2020-06-30,115570.41336398986
2020-07-01,116812.73132655867
2020-07-02,117535.01676023795
2020-07-06,120481.09431851194
2020-07-07,118861.46570515622
2020-07-08,121739.00604901815
2020-07-09,123506.1789911969
2020-07-10,125053.6824743342
2020-07-13,119406.79607946888
2020-07-14,118608.1987401469
2020-07-15,118702.04204667738
2020-07-16,117999.3961309086
2020-07-17,118182.14002281976
2020-07-20,121955.58130382973
2020-07-21,118080.12435488244
2020-07-22,118864.06863492708
2020-07-23,115228.64782581956
2020-07-24,113963.20088832406
2020-07-27,116193.46027134148
2020-07-28,114579.39531390446
2020-07-29,115957.46857941388
2020-07-30,116644.83161372543
2020-07-31,118967.98785091858
2020-08-03,121237.59027009396
2020-08-04,122428.46252746084
2020-08-05,123163.45214444432
2020-08-06,126761.33746541393
2020-08-07,123567.93845615335
2020-08-10,122289.72803202957
2020-08-11,116828.49427417766
2020-08-12,121249.39319364012
2020-08-13,121491.58043732055
2020-08-14,121212.08197182871
2020-08-17,124321.50166796251
2020-08-18,127184.93965550058
2020-08-19,125222.30576458247
2020-08-20,129072.81841084835
2020-08-21,131127.38084364813
2020-08-24,132990.0866178309
2020-08-25,135378.85063855734
2020-08-26,142040.57221078212
2020-08-27,141267.98179942812
2020-08-28,142744.4685189611
2020-08-31,145020.79289276435
2020-09-01,149674.98730238597
2020-09-02,151999.96803841024
2020-09-03,138551.90425932454
2020-09-04,136546.7134038626
2020-09-08,132105.6464713777
2020-09-09,134875.8696701621
2020-09-10,132693.23985073503
2020-09-11,132030.80366468505
2020-09-14,133621.92496074268
2020-09-15,135238.0366204411
2020-09-16,133190.68174777096
2020-09-17,131489.50340843346
2020-09-18,129813.10776353351
2020-09-21,130284.2910116626
2020-09-22,132348.87720894287
2020-09-23,128491.22582910534
2020-09-24,128919.53676881033
2020-09-25,131531.7991887535
2020-09-28,133892.75762561787
2020-09-29,133423.08846209047
2020-09-30,134281.13860596146
2020-10-01,136288.41955708578
2020-10-02,132510.64658293792
2020-10-05,135173.0365711403
2020-10-06,132801.45087665232
2020-10-07,134920.6286693819
2020-10-08,135464.02736169216
2020-10-09,137469.66759935225
2020-10-12,144118.52234007124
2020-10-13,144131.84626557888
2020-10-14,141734.05149252483
2020-10-15,138262.16229723644
2020-10-16,137634.37963605943
2020-10-19,135469.71803752487
2020-10-20,135760.21408904015
2020-10-21,135646.62926186927
2020-10-22,135644.8578995295
2020-10-23,135891.21936718925
2020-10-26,134018.31586008362
2020-10-27,134811.44214591535
2020-10-28,131189.2186245154
2020-10-29,132375.4001942272
2020-10-30,130672.02748431482
2020-11-02,130731.6449985862
2020-11-03,131927.2127998744
2020-11-04,135577.42398905655
2020-11-05,138122.24299401738
2020-11-06,138290.98047761765
2020-11-09,130305.50045102823
2020-11-10,125868.20984569471
2020-11-11,129078.43143217459
2020-11-12,128318.6460491782
2020-11-13,129636.54538906692
2020-11-16,130830.90865632621
2020-11-17,130332.33075599968
2020-11-18,129097.11894080209
2020-11-19,130381.45682469108
2020-11-20,129299.30690716078
2020-11-23,129310.29210579404
2020-11-24,131382.33993241173
2020-11-25,132377.4072727721
2020-11-27,133864.20088319233
2020-11-30,134150.88545597933
2020-12-01,136370.7582249731
2020-12-02,136601.3598663415
2020-12-03,136824.45678774422
2020-12-04,137487.3580381012
2020-12-07,138423.58413419648
2020-12-08,138931.45203697178
2020-12-09,135123.77340586288
2020-12-10,135766.45612271532
2020-12-11,135380.5411587578
2020-12-14,136472.02514505715
2020-12-15,137995.3531470906
2020-12-16,138838.41249313098
2020-12-17,140090.37975869095
2020-12-18,138921.19149640505
2020-12-21,137303.85632259306
2020-12-22,137743.04195533355
2020-12-23,137023.78937274698
2020-12-24,137633.7400973601
2020-12-28,139161.45494322115
2020-12-29,138723.66796964055
2020-12-30,138690.4604253005
2020-12-31,139039.6474668796
2021-01-04,133839.11773677656
2021-01-05,134277.6175270929
2021-01-06,132577.78753391208
2021-01-07,135757.30303532898
2021-01-08,137663.59207645446
2021-01-11,135291.78273984854
2021-01-12,135055.1890314964
2021-01-13,136031.68173093957
2021-01-14,135235.8676186633
2021-01-15,133981.66209975453
2021-01-19,136139.19576072274
2021-01-20,139797.29563797027
2021-01-21,141830.17146397155
2021-01-22,140803.5819649762
2021-01-25,143916.39704440517
2021-01-26,144052.45258049315
2021-01-27,135422.52187134986
2021-01-28,136377.95494988028
2021-01-29,134074.05107628123
2021-02-01,136592.73697716356
2021-02-02,138309.82231719178
2021-02-03,135898.29506988634
2021-02-04,138324.66553264562
2021-02-05,138868.49669212828
2021-02-08,140139.94798645313
2021-02-09,140081.38861676876
2021-02-10,139272.33168572353
2021-02-11,141083.85425692264
2021-02-12,143024.90957678424
2021-02-16,142049.3831891755
2021-02-17,140424.85121779924
2021-02-18,137702.71623720057
2021-02-19,136953.2825039437
2021-02-22,132674.35732269092
2021-02-23,132197.52484904238
2021-02-24,133389.56375623986
2021-02-25,127932.72377394144
2021-02-26,128745.69996295722
2021-03-01,129707.4433818657
2021-03-02,129341.89084734846
2021-03-03,128767.22010885134
2021-03-04,128202.06553635639
2021-03-05,128970.4190949339
2021-03-08,128799.91483820451
2021-03-09,129361.66052369824
2021-03-10,129654.31800778056
2021-03-11,130091.66356569032
2021-03-12,130708.82753917904
2021-03-15,132380.58456205227
2021-03-16,133271.30884772027
2021-03-17,133961.1928327278
2021-03-18,128813.95862598326
2021-03-19,129450.91491528715
2021-03-22,132191.66900773384
2021-03-23,131476.12431765706
2021-03-24,128753.70390593573
2021-03-25,128471.7750272932
2021-03-26,130721.17234319013
2021-03-29,130702.51358625513
2021-03-30,129946.91932553868
2021-03-31,132214.93919689595
2021-04-01,134927.17297729684
2021-04-05,138346.6110268613
2021-04-06,138197.75221851974
2021-04-07,138636.57369693893
2021-04-08,140749.7310513633
2021-04-09,142890.55350063997
2021-04-12,142414.06764488356
2021-04-13,146525.8713905331
2021-04-14,142162.76819416834
2021-04-15,147457.1266594027
2021-04-16,147985.1424809267
2021-04-19,144554.53547641987
2021-04-20,141877.4230523741
2021-04-21,144620.81165135643
2021-04-22,140427.62618475864
2021-04-23,144610.20759906116
2021-04-26,146891.6580934889
2021-04-27,145349.58604721777
2021-04-28,144154.64378208815
2021-04-29,145277.69799017636
2021-04-30,143132.47112902853
2021-05-03,141298.2167067296
2021-05-04,135552.21517116946
2021-05-05,135875.38579917193
2021-05-06,136903.73615589336
2021-05-07,138073.4952628725
2021-05-10,134295.62131786047
2021-05-11,134061.95902148716
2021-05-12,130622.82407059504
2021-05-13,131474.07717465106
2021-05-14,133809.93742716938
2021-05-17,133045.79652981195
2021-05-18,131988.65497101707
2021-05-19,132022.2189713637
2021-05-20,134502.64786348498
2021-05-21,133655.8732599848
2021-05-24,135984.7942352155
2021-05-25,136208.90009284805
2021-05-26,136721.0593879504
2021-05-27,136117.03117071232
2021-05-28,136578.24653417984
2021-06-01,136100.38103751282
2021-06-02,136335.6324888103
2021-06-03,134773.25182759046
2021-06-04,137215.86886297137
2021-06-07,137661.80967297193
2021-06-08,136850.7068462041
2021-06-09,136970.2078381483
2021-06-10,138667.87235575187
2021-06-11,139472.08507967737
2021-06-14,142546.73403644684
2021-06-15,140454.33711928586
2021-06-16,139264.5345721028
2021-06-17,143128.32660607414
2021-06-18,140526.94665805635
2021-06-21,142232.31489762198
2021-06-22,145216.18574409396
2021-06-23,145406.3984503235
2021-06-24,147432.61362167023
2021-06-25,147080.70922763133
2021-06-28,150965.25387637317
2021-06-29,152250.8298638229
2021-06-30,151733.798900046
2021-07-01,151775.7120206423
2021-07-02,155664.41834418374
2021-07-06,157283.32417375222
2021-07-07,158117.38936456916
2021-07-08,156128.85638377297
2021-07-09,157725.34128431164
2021-07-12,158964.51978500152
2021-07-13,158901.99823918522
2021-07-14,159582.9978340496
2021-07-15,157099.8451373806
2021-07-16,154329.47943507312
2021-07-19,151631.314497889
2021-07-20,154429.89381869874
2021-07-21,156539.50765637375
2021-07-22,158737.90338164044
2021-07-23,162361.79077218272
2021-07-26,162845.88324977158
2021-07-27,159132.93416068016
2021-07-28,160232.71899454118
2021-07-29,160778.1164533588
2021-07-30,159284.99022104472
2021-08-02,159326.56138346207
2021-08-03,161054.53657348658
2021-08-04,161564.6622211383
2021-08-05,163577.9164096854
2021-08-06,162102.34872378927
2021-08-09,162715.64467989202
2021-08-10,160896.99130672342
2021-08-11,160279.4515988876
2021-08-12,161527.10326648806
2021-08-13,162731.96591226023
2021-08-16,162943.7513108939
2021-08-17,159710.11344542858
2021-08-18,156545.65558806475
2021-08-19,157498.29537608326
2021-08-20,160216.5915186833
2021-08-23,164760.59437525764
2021-08-24,165870.15856636886
2021-08-25,166005.9458780672
2021-08-26,164039.36621924888
2021-08-27,167093.0201819885
2021-08-30,171033.59717167477
2021-08-31,170677.2844439187
2021-09-01,171360.08346818385
2021-09-02,171174.22735606393
2021-09-03,172290.60657877094
2021-09-07,172817.98123888668
2021-09-08,171536.05288449253
2021-09-09,170228.9726793695
2021-09-10,167729.9404758346
2021-09-13,167658.33156368893
2021-09-14,166554.18266719452
2021-09-15,168970.08009407812
2021-09-16,169279.4023916962
2021-09-17,165023.61464791838
2021-09-20,158079.84804923396
2021-09-21,158468.54513692932
2021-09-22,160695.27378067572
2021-09-23,163261.64924688943
2021-09-24,163940.11357053157
2021-09-27,161079.9144113029
2021-09-28,154092.72432275655
2021-09-29,153867.65320110557
2021-09-30,153277.5876593437
2021-10-01,154008.29612344873
2021-10-04,151139.9855051423
2021-10-05,152654.52118892412
2021-10-06,153695.60627463888
2021-10-07,154960.63284076136
2021-10-08,154044.86732087846
2021-10-11,152833.2885971641
2021-10-12,152271.55172709853
2021-10-13,153416.5698295993
2021-10-14,156346.85436928668
2021-10-15,157399.31265623396
2021-10-18,159179.36290359127
2021-10-19,161360.83762091715
2021-10-20,160945.07066996748
2021-10-21,163277.68858360228
2021-10-22,159915.26560020322
2021-10-25,163799.70172003348
2021-10-26,165027.40142653786
2021-10-27,166081.39863389437
2021-10-28,170443.88648461775
2021-10-29,172475.1380495865
2021-11-01,173852.12615615255
2021-11-02,175643.24633831857
2021-11-03,180041.73917059717
2021-11-04,185401.22014455986
2021-11-05,185958.19749684253
2021-11-08,185359.08936160055
2021-11-09,182404.1056496452
2021-11-10,176255.1828645766
2021-11-11,177322.6232480289
2021-11-12,181608.22530538685
2021-11-15,181562.42405757468
2021-11-16,184451.92978001136
2021-11-17,184620.2422626984
2021-11-18,188995.4535021281
2021-11-19,191492.2592176621
2021-11-22,186604.32712778097
2021-11-23,184726.82880933426
2021-11-24,185928.14339399475
2021-11-26,178520.6523799447
2021-11-29,185038.44036948803
2021-11-30,180514.40592830774
2021-12-01,177030.83919800355
2021-12-02,177217.3235501782
2021-12-03,172491.13609238673
2021-12-06,173358.88950168292
2021-12-07,176632.42091224494
2021-12-08,178040.6197368478
2021-12-09,172291.14991185066
2021-12-10,175501.06011122905
2021-12-13,172597.9529035326
2021-12-14,170697.80020046103
2021-12-15,174488.566942489
2021-12-16,169391.73547479545
2021-12-17,168447.53460386753
2021-12-20,166612.0648357355
2021-12-21,169944.7333423357
2021-12-22,172111.93431321872
2021-12-23,173675.7006214444
2021-12-27,176838.63427600675
2021-12-28,174608.67762128846
2021-12-29,174443.0453994552
2021-12-30,173793.42128594997
2021-12-31,172521.18498289626
2022-01-03,174420.5695168813
2022-01-04,171777.73207777392
2022-01-05,165897.50954230793
2022-01-06,165682.43723446058
2022-01-07,163829.80281649818
2022-01-10,161882.4011369623
2022-01-11,162230.61511111833
2022-01-12,162320.7833872999
2022-01-13,161750.8410220536
2022-01-14,161649.65201074842
2022-01-18,160909.59469318553
2022-01-19,160513.58985751067
2022-01-20,160144.8332815272
2022-01-21,159769.75538111987
2022-01-24,159851.94973363515
2022-01-25,159795.33708748166
2022-01-26,159797.32736563194
2022-01-27,159617.71556173565
2022-01-28,160417.76527586638
2022-01-31,161134.35263310323
2022-02-01,161412.06135527953
2022-02-02,161878.12558545286
2022-02-03,160660.57632841094
2022-02-04,160851.6419534109
2022-02-07,160700.08185512864
2022-02-08,161068.68800247088
2022-02-09,161755.27066960547
2022-02-10,160853.16990558984
2022-02-11,159944.16835244172
2022-02-14,159788.40696528164
2022-02-15,160388.83208494916
2022-02-16,160457.86130068765
2022-02-17,159497.45915926635
2022-02-18,159240.0060778389
2022-02-22,158808.7316621567
2022-02-23,158141.6723360363
2022-02-24,158660.14311581824
2022-02-25,159446.9507366042
2022-02-28,159407.11062792703
2022-03-01,158820.58848970706
2022-03-02,159416.62748446493
2022-03-03,159197.75445001753
2022-03-04,158906.33244937615
2022-03-07,157997.47183692319
2022-03-08,157730.2788146509
2022-03-09,158490.86441845744
2022-03-10,158343.55609283983
2022-03-11,157963.6613502165
2022-03-14,157794.53253455888
2022-03-15,158396.21816660304
2022-03-16,159040.10574865478
2022-03-17,159647.21149580297
2022-03-18,160145.675231088
2022-03-21,160129.7368671688
2022-03-22,160762.0196298496
2022-03-23,159472.43517189127
2022-03-24,162543.44551391844
2022-03-25,162439.76299758308
2022-03-28,164838.55648531858
2022-03-29,167701.38926117384
2022-03-30,165882.54607963553
2022-03-31,163457.23621390908
2022-04-01,163245.10605879175
2022-04-04,166416.35181102832
2022-04-05,162613.7374641809
2022-04-06,159176.96085695346
2022-04-07,159377.04163250205
2022-04-08,157757.18860866615
2022-04-11,155184.83167609316
2022-04-12,156263.2824382974
2022-04-13,156546.97309349533
2022-04-14,156181.99585472327
2022-04-18,156179.95229831518
2022-04-19,156674.15342588018
2022-04-20,156670.53358922974
2022-04-21,156128.07856884025
2022-04-22,155127.0289124778
2022-04-25,155089.09032633484
2022-04-26,154570.8180083584
2022-04-27,154639.9376597937
2022-04-28,155263.84775791588
2022-04-29,154183.35795038738
2022-05-02,154328.4715356303
2022-05-03,154454.28256240135
2022-05-04,155361.71897961287
2022-05-05,154080.45926474416
2022-05-06,153856.01733448455
2022-05-09,152978.14557771836
2022-05-10,152987.6842928652
2022-05-11,152598.81028090286
2022-05-12,152571.1565204928
2022-05-13,153132.6300929093
2022-05-16,153033.85589125863
2022-05-17,153561.9517437718
2022-05-18,152294.1978234415
2022-05-19,152053.91240113403
2022-05-20,152071.2701623463
2022-05-23,152511.35311548915
2022-05-24,152396.29360001683
2022-05-25,152562.57100392156
2022-05-26,153064.78701427043
2022-05-27,153834.18237292525
2022-05-31,153637.8272775157
2022-06-01,153348.16936103487
2022-06-02,153997.50513016828
2022-06-03,153390.70213347883
2022-06-06,152874.51731999818
2022-06-07,153581.73326328048
2022-06-08,152961.61736118695
2022-06-09,150743.98580390596
2022-06-10,148881.08792481996
2022-06-13,147845.52782669733
2022-06-14,147805.8496896648
2022-06-15,147945.41634328658
2022-06-16,147447.72581650343
2022-06-17,147413.36591641838
2022-06-21,147765.80361128194
2022-06-22,147719.07621704508
2022-06-23,147846.79157007913
2022-06-24,148414.008398125
2022-06-27,148310.03162372563
2022-06-28,147919.56805944123
2022-06-29,147892.9426342358
2022-06-30,147748.2281319677
2022-07-01,147953.641063395
2022-07-05,147944.56604997782
2022-07-06,147991.98989150464
2022-07-07,148293.5727378396
2022-07-08,148255.25087171054
2022-07-11,148036.47950817482
2022-07-12,147852.69555535866
2022-07-13,147724.40692279342
2022-07-14,147643.64099259203
2022-07-15,148044.88291257486
2022-07-18,147864.81024435934
2022-07-19,148471.77951256584
2022-07-20,148624.34982190703
2022-07-21,148884.0937042038
2022-07-22,148658.2640687916
2022-07-25,148698.81315750416
2022-07-26,148158.55578378757
2022-07-27,149225.73643102363
2022-07-28,149614.23980329747
2022-07-29,150236.8369579474
2022-08-01,150235.978196071
2022-08-02,150000.57143595832
2022-08-03,150838.58941457875
2022-08-04,150982.6890763474
2022-08-05,150682.1861246508
2022-08-08,150500.10327459325
2022-08-09,149930.20595080857
2022-08-10,151399.74374737372
2022-08-11,150981.76471044484
2022-08-12,152289.7045503144
2022-08-15,152883.87023427172
2022-08-16,152716.23507728396
2022-08-17,151844.23542210917
2022-08-18,152047.56682345294
2022-08-19,150583.40696766792
2022-08-22,148814.8853118368
2022-08-23,148739.50019517163
2022-08-24,148862.5872434269
2022-08-25,149480.96079699212
2022-08-26,148253.33950162164
2022-08-29,148010.27278515676
2022-08-30,147818.26708921895
2022-08-31,147691.17156420884
2022-09-01,147747.25961239383
2022-09-02,147585.63149058344
2022-09-06,147552.99700622607
2022-09-07,147795.3930632831
2022-09-08,147915.81321365974
2022-09-09,148163.69773925113
2022-09-12,148411.17354055584
2022-09-13,147440.88247386846
2022-09-14,147527.79182712632
2022-09-15,147237.72287157158
2022-09-16,147083.83129318772
2022-09-19,147238.53330058767
2022-09-20,147028.4304117524
2022-09-21,146674.98304452503
2022-09-22,146501.7936553149
2022-09-23,146228.37633997505
2022-09-26,146041.07335375334
2022-09-27,145984.67466220757
2022-09-28,146421.33499490676
2022-09-29,145978.58554528744
2022-09-30,145644.09176882988
2022-10-03,146152.72872336503
2022-10-04,146721.3954255688
2022-10-05,146725.27719839176
2022-10-06,146490.87447096084
2022-10-07,145879.8696194102
2022-10-10,145735.74446608286
2022-10-11,145631.08829559627
2022-10-12,145553.5752270721
2022-10-13,146120.9206461278
2022-10-14,145641.92925722565
2022-10-17,146170.32977911277
2022-10-18,146444.33957602762
2022-10-19,146274.56396162434
2022-10-20,146071.0252198997
2022-10-21,146648.49700883657
2022-10-24,146968.31286211507
2022-10-25,147399.25982817708
2022-10-26,147268.30004459692
2022-10-27,147208.56239230977
2022-10-28,148476.02961720206
2022-10-31,147941.25133438138
2022-11-01,147468.2813694185
2022-11-02,145793.07075613635
2022-11-03,144951.17168589152
2022-11-04,145751.49866260192
2022-11-07,145987.53554076573
2022-11-08,146127.88596773444
2022-11-09,145640.29307565006
2022-11-10,146958.63459540284
2022-11-11,147220.67249023975
2022-11-14,146986.87689028293
2022-11-15,147238.47583106754
2022-11-16,147028.4686927241
2022-11-17,147290.9031882865
2022-11-18,147353.329010618
2022-11-21,146930.15493306477
2022-11-22,147748.26263567878
2022-11-23,148333.45053042693
2022-11-25,147979.06416749273
2022-11-28,147052.45676043964
2022-11-29,146775.4562871618
2022-11-30,148795.25371141333
2022-12-01,148851.637168117
2022-12-02,148605.9442873666
2022-12-05,147545.21940834203
2022-12-06,146595.20973857233
2022-12-07,146423.70192735942
2022-12-08,146781.20103916444
2022-12-09,146528.5411720462
2022-12-12,147090.6269683872
2022-12-13,147772.4334381288
2022-12-14,147463.97109158247
2022-12-15,145985.32183235785
2022-12-16,145591.1401520191
2022-12-19,145208.02198262664
2022-12-20,145129.5489619695
2022-12-21,145406.99944123256
2022-12-22,145223.4962732803
2022-12-23,145355.84211701492
2022-12-27,145340.28322276165
2022-12-28,144818.2521728994
2022-12-29,145455.42903626352
2022-12-30,145397.759774859
2023-01-03,145341.1357258697
2023-01-04,145526.4346143459
2023-01-05,145293.8216254256
2023-01-06,146119.9849974394
2023-01-09,146293.60104334465
2023-01-10,146659.55174085047
2023-01-11,147412.62202256173
2023-01-12,147631.15386902477
2023-01-13,148178.24147085182
2023-01-17,148310.36756338668
2023-01-18,147430.7459080074
2023-01-19,146851.80801072778
2023-01-20,148176.02670488946
2023-01-23,149249.29610497205
2023-01-24,149192.82950624765
2023-01-25,149058.99735306975
2023-01-26,150258.0277413233
2023-01-27,150824.4285004416
2023-01-30,149538.78798953732
2023-01-31,150434.34603735208
2023-02-01,151687.2829751905
2023-02-02,154082.9117849591
2023-02-03,152630.58002553074
2023-02-06,151995.9025103514
2023-02-07,153609.92455653808
2023-02-08,152019.8942019698
2023-02-09,151595.16091474678
2023-02-10,151175.86277560683
2023-02-13,152166.72225692795
2023-02-14,152567.04858267977
2023-02-15,153389.1722234474
2023-02-16,151702.64761781666
2023-02-17,151119.43088804316
2023-02-21,149501.05131797362
2023-02-22,149553.61157522706
2023-02-23,149997.6262120087
2023-02-24,149111.29622018637
2023-02-27,149613.48742704227
2023-02-28,149503.43165131236
2023-03-01,149017.07165521002
2023-03-02,149549.61100540357
2023-03-03,150847.56599081433
2023-03-06,150844.83604906165
2023-03-07,149788.72561493554
2023-03-08,150190.57203538436
2023-03-09,148830.93072103613
2023-03-10,148207.41230319146
2023-03-13,148244.73321434384
2023-03-14,148842.80368405403
2023-03-15,149081.46983002467
2023-03-16,149987.3014008218
2023-03-17,149625.9789119234
2023-03-20,149826.93542960702
2023-03-21,150512.1265707768
2023-03-22,149594.0925324163
2023-03-23,150351.63255126344
2023-03-24,150591.01561949772
2023-03-27,150271.05863109676
2023-03-28,149953.14237908096
2023-03-29,151190.1165795703
2023-03-30,151819.8789612641
2023-03-31,153032.9400218188
2023-04-03,152954.1161474407
2023-04-04,152654.42557682903
2023-04-05,151759.72326590138
2023-04-06,152338.58713438752
2023-04-10,152268.92780406852
2023-04-11,151759.86867509628
2023-04-12,151041.91472470365
2023-04-13,152593.5721050874
2023-04-14,152427.9125258309
2023-04-17,152505.88925162217
2023-04-18,152549.86567531934
2023-04-19,152505.85409434748
2023-04-20,151784.0080715225
2023-04-21,151840.5262415128
2023-04-24,151678.29942329117
2023-04-25,150115.49467738462
2023-04-26,150593.24613136594
2023-04-27,152568.89509531812
2023-04-28,153133.05829821285
2023-05-01,153040.17991817108
2023-05-02,152321.72248313358
2023-05-03,151942.1197100336
2023-05-04,151735.0337265876
2023-05-05,152688.46593038764
2023-05-08,152905.98796480632
2023-05-09,152493.0164687407
2023-05-10,153224.3281286508
2023-05-11,153458.33397517595
2023-05-12,153155.60529695023
2023-05-15,153635.07080449793
2023-05-16,153738.22601464484
2023-05-17,154849.45729211715
2023-05-18,156541.69831575715
2023-05-19,156323.7470608066
2023-05-22,156671.6748540014
2023-05-23,155378.25783312457
2023-05-24,154853.92053019986
2023-05-25,156964.11105338673
2023-05-26,159281.4909961898
2023-05-30,159631.8288502736
2023-05-31,158966.70001996172
2023-06-01,159958.7340395948
2023-06-02,160630.87786058354
2023-06-05,160740.42825663512
2023-06-06,160704.4135104085
2023-06-07,158230.1839473823
2023-06-08,159834.3766795024
2023-06-09,160421.9701101448
2023-06-12,162938.0722546353
2023-06-13,164091.46313259215
2023-06-14,165126.71768678678
2023-06-15,167149.19170836447
2023-06-16,166071.97427226522
2023-06-20,165828.40894029007
2023-06-21,163612.13852103392
2023-06-22,165420.19000341077
2023-06-23,163799.58169524217
2023-06-26,161693.7342781867
2023-06-27,164026.12359581742
2023-06-28,164320.00683006938
2023-06-29,164019.80681641612
2023-06-30,166064.82769181643
2023-07-03,166414.16055492163
2023-07-05,166382.42479245612
2023-07-06,165172.41743708722
2023-07-07,164636.75619592535
2023-07-10,164701.34365807686
2023-07-11,165434.09222423958
2023-07-12,167365.7584862294
2023-07-13,169988.228278618
2023-07-14,169954.8907125648
2023-07-17,171539.3382436405
2023-07-18,172959.781530084
2023-07-19,172951.8061576438
2023-07-20,168807.99795248342
2023-07-21,168332.9479640385
2023-07-24,168579.0359906397
2023-07-25,169718.32376231148
2023-07-26,169158.08493815863
2023-07-27,168704.35175278797
2023-07-28,171664.72965459726
2023-07-31,171786.32534997351
2023-08-01,171344.51032876226
2023-08-02,167648.91108419676
2023-08-03,167194.93107888594
2023-08-04,166511.4838325411
2023-08-07,167617.1296163736
2023-08-08,166439.90440583054
2023-08-09,164889.78763582202
2023-08-10,165072.27313486557
2023-08-11,164143.47101091573
2023-08-14,165760.8626360513
2023-08-15,164247.09421889784
2023-08-16,162792.60422036165
2023-08-17,161413.7701462736
2023-08-18,161118.1767559393
2023-08-21,162825.1099112096
2023-08-22,162525.56537591352
2023-08-23,164471.17083361995
2023-08-24,161337.90838056596
2023-08-25,162234.9970266497
2023-08-28,163090.55121967616
2023-08-29,166423.37589213112
2023-08-30,167391.9029110352
2023-08-31,167928.4838771633
2023-09-01,167732.11437113266
2023-09-05,167945.2208915015
2023-09-06,166364.0305583487
2023-09-07,165107.9095256407
2023-09-08,165275.76916952425
2023-09-11,167243.34462024955
2023-09-12,165358.18022545206
2023-09-13,165900.29275641928
2023-09-14,167204.58638216785
2023-09-15,164108.38289612986
2023-09-18,164256.78482277124
2023-09-19,163910.72146025163
2023-09-20,161485.9399155762
2023-09-21,158473.79340406184
2023-09-22,158577.96073442162
2023-09-25,159152.4185123144
2023-09-26,157127.78271941846
2023-09-27,157414.74463731592
2023-09-28,158350.0602223045
2023-09-29,158344.71165925122
2023-10-02,159417.84563802273
2023-10-03,157086.9985571992
2023-10-04,158687.00448309307
2023-10-05,158278.13992016143
2023-10-06,160307.4466092132
2023-10-09,161175.75657938066
2023-10-10,161987.53025940224
2023-10-11,163081.4489996702
2023-10-12,162454.0980295713
2023-10-13,160457.24609282095
2023-10-16,162062.35898022808
2023-10-17,161772.25631002415
2023-10-18,159529.99963772998
2023-10-19,158326.08378245085
2023-10-20,156412.1758990197
2023-10-23,156757.76799254114
2023-10-24,157960.5634969226
2023-10-25,154643.08655205858
2023-10-26,152234.4510226088
2023-10-27,152801.30563046937
2023-10-30,153949.98095501037
2023-10-31,154547.72163249078
2023-11-01,156822.10019867637
2023-11-02,159353.00773582482
2023-11-03,161296.09296772978
2023-11-06,161985.49977673186
2023-11-07,163670.5064369199
2023-11-08,163801.55177877104
2023-11-09,162374.9225314536
2023-11-10,166364.27648316493
2023-11-13,165809.92170311353
2023-11-14,169788.0203403556
2023-11-15,170050.26529034504
2023-11-16,170174.9118346992
2023-11-17,170239.80152348525
2023-11-20,172491.91547446634
2023-11-21,171341.0300955721
2023-11-22,172102.70374281454
2023-11-24,171806.5327669856
2023-11-27,171641.10541784894
2023-11-28,172119.34860429325
2023-11-29,172017.434215945
2023-11-30,171555.90276601026
2023-12-01,172019.19600582225
2023-12-04,170444.0647949296
2023-12-05,170832.71248411364
2023-12-06,169947.28523946877
2023-12-07,172147.2468864913
2023-12-08,172785.6198083959
2023-12-11,174245.50023500857
2023-12-12,177092.79515608496
2023-12-13,181432.850849513
2023-12-14,181215.60108042415
2023-12-15,182692.87564757577
2023-12-18,185306.96278199847
2023-12-19,187201.59803277833
2023-12-20,181502.81578237805
2023-12-21,185555.76697928007
2023-12-22,186023.51587785955
2023-12-26,188227.77004795452
2023-12-27,188905.30750261495
2023-12-28,188587.3834371872
2023-12-29,186880.29936235482
2024-01-02,180839.05469743386
2024-01-03,177227.32335067613
2024-01-04,175379.81191376748
2024-01-05,175684.98585718733
2024-01-08,182081.8350025846
2024-01-09,182945.28304324712
2024-01-10,185331.74453429115
2024-01-11,185894.99433138527
2024-01-12,186046.67659217003
2024-01-16,185940.68383405433
2024-01-17,183791.65881051298
2024-01-18,188641.1366920346
2024-01-19,195651.38825689047
2024-01-22,196116.25248978098
2024-01-23,197743.42735313505
2024-01-24,200014.4987262845
2024-01-25,200424.80983143862
2024-01-26,197849.69913808946
2024-01-29,201936.01131281274
2024-01-30,199216.86298768836
2024-01-31,191573.78349108656
2024-02-01,195576.49841136014
2024-02-02,201391.5087913895
2024-02-05,200748.36024533183
2024-02-06,199935.208162853
2024-02-07,203855.54478318832
2024-02-08,204430.25281780103
2024-02-09,208524.62047345372
2024-02-12,206808.1900765926
2024-02-13,199956.09095086931
2024-02-14,204090.31069006101
2024-02-15,205176.8663993442
2024-02-16,201345.49337687582
2024-02-20,198208.77720753785
2024-02-21,196518.963508905
2024-02-22,207748.59951549894
2024-02-23,206359.41304020523
2024-02-26,206131.62459432875
2024-02-27,207077.28543488533
2024-02-28,204647.5123036554
2024-02-29,208102.21260853103
2024-03-01,214778.0442856028
2024-03-04,212970.92366563302
2024-03-05,204789.81088562091
2024-03-06,207566.04612704366
2024-03-07,213860.7304992996
2024-03-08,207404.22564210554
2024-03-11,205768.7429293966
2024-03-12,211526.07870954895
2024-03-13,208056.97476387804
2024-03-14,206877.29467255506
2024-03-15,201577.72301829414
2024-03-18,205520.26915792795
2024-03-19,206598.34018652447
2024-03-20,212026.09129418904
2024-03-21,214104.66820624017
2024-03-22,214450.12016343235
2024-03-25,212800.1341047062
2024-03-26,211306.0359664431
2024-03-27,212759.0660930825
2024-03-28,211783.8713611012
2024-04-01,212762.07416059345
2024-04-02,208731.42936614054
2024-04-03,209587.46406778033
2024-04-04,202739.29875293013
2024-04-05,207237.43845721797
2024-04-08,207262.04218383433
2024-04-09,208601.9033417786
2024-04-10,204870.18486426878
2024-04-11,211347.11077121794
2024-04-12,204287.541388836
2024-04-15,198453.63085620143
2024-04-16,198362.95850562883
2024-04-17,194074.8513654954
2024-04-18,193255.24937466296
2024-04-19,190338.68927111095
2024-04-22,191474.20734391487
2024-04-23,193651.80468700407
2024-04-24,194134.94701572566
2024-04-25,193066.59590620056
2024-04-26,195926.79135621383
2024-04-29,196796.60438395434
2024-04-30,192690.43628675732
2024-05-01,191306.3414134205
2024-05-02,193687.1524210504
2024-05-03,198204.2160945174
2024-05-06,203044.54342429392
2024-05-07,203033.47505510002
2024-05-08,202744.5016842601
2024-05-09,203578.93999831704
2024-05-10,204625.01571901873
2024-05-13,205658.9319300961
2024-05-14,208570.74691655356
2024-05-15,215744.09267536557
2024-05-16,214768.34224605956
2024-05-17,214426.15005004633
2024-05-20,217722.4376015367
2024-05-21,218567.6206007256
2024-05-22,218478.0572869151
2024-05-23,216324.57000317733
2024-05-24,220678.91652796025
2024-05-28,222430.74855306602
2024-05-29,218948.788477317
2024-05-30,214236.26331997983
2024-05-31,214045.65063869322
2024-06-03,215301.41358312033
2024-06-04,216362.7040692382
2024-06-05,225074.065275791
2024-06-06,224886.2681749928
2024-06-07,224311.638314282
2024-06-10,226062.26797820925
2024-06-11,229378.30850900893
2024-06-12,235731.74694308176
2024-06-13,238315.11644647171
2024-06-14,240626.89782772213
2024-06-17,246158.66158153708
2024-06-18,246253.09145710446
2024-06-20,242336.6532871581
2024-06-21,240900.07176098172
2024-06-24,235537.7978557735
2024-06-25,240731.3950973663
2024-06-26,241741.24293769515
2024-06-27,242912.40181825135
2024-06-28,240361.49107920186
2024-07-01,242925.93880030455
2024-07-02,248260.34807193297
2024-07-03,252453.4357742293
2024-07-05,257624.7195140545
2024-07-08,258782.93540218196
2024-07-09,259147.24557435737
2024-07-10,264540.576971438
2024-07-11,252934.01079778868
2024-07-12,255621.64572979748
2024-07-15,256911.912027238
2024-07-16,257043.02538740306
2024-07-17,242239.6278399163
2024-07-18,240408.17650637284
2024-07-19,238413.55843239772
2024-07-22,241077.1219513439
2024-07-23,240351.31289818799
2024-07-24,233041.18488577334
2024-07-25,231303.08078917747
2024-07-26,232594.92544603528
2024-07-29,232718.7226776226
2024-07-30,230060.36440332208
2024-07-31,235109.11993904394
2024-08-01,230670.19025010677
2024-08-02,226659.53179114006
2024-08-05,222047.9644583917
2024-08-06,222533.55549409735
2024-08-07,221190.61059745867
2024-08-08,223667.68448929902
2024-08-09,224365.91135215416
2024-08-12,224616.46367543135
2024-08-13,228466.70593307278
2024-08-14,228481.30480596866
2024-08-15,233549.78219393644
2024-08-16,233841.9982364116
2024-08-19,236960.91761290657
2024-08-20,236475.86251386823
2024-08-21,237636.6763323756
2024-08-22,233657.94679058695
2024-08-23,236153.09821700075
2024-08-26,233863.31769700543
2024-08-27,234548.85993826078
2024-08-28,231943.46281617368
2024-08-29,231510.71691149528
2024-08-30,233966.21224853498
2024-09-03,226772.19794290033
2024-09-04,225912.64033959416
2024-09-05,225993.10072670196
2024-09-06,222207.6531821586
2024-09-09,223749.57881840007
2024-09-10,225004.41801435422
2024-09-11,228321.01643036262
2024-09-12,230184.9004174839
2024-09-13,231015.74773262846
2024-09-16,230164.85754470684
2024-09-17,230230.2637747398
2024-09-18,229303.73280473144
2024-09-19,234606.99292232713
2024-09-20,234135.19891777445
2024-09-23,234756.4769231531
2024-09-24,235929.98080270505
2024-09-25,236245.1616052719
2024-09-26,238022.24733841556
2024-09-27,236596.51789043646
2024-09-30,237228.12567690253
2024-10-01,233905.27874785828
2024-10-02,234090.4891128127
2024-10-03,233986.86787480125
2024-10-04,236311.66982726796
2024-10-07,234047.20574556402
2024-10-08,236813.106415046
2024-10-09,238323.63347957467
2024-10-10,238168.96113022714
2024-10-11,238350.3100888182
2024-10-14,240183.7649313388
2024-10-15,237070.6068242906
2024-10-16,237024.11470905173
2024-10-17,237217.3801634783
2024-10-18,238501.12180419095
2024-10-21,239034.3226946997
2024-10-22,239304.97415078734
2024-10-23,235279.22069127407
2024-10-24,237283.03983763963
2024-10-25,238755.9764935459
2024-10-28,238863.57741604227
2024-10-29,241205.38158735583
2024-10-30,239292.10869865277
2024-10-31,232914.52704517692
2024-11-01,234440.65854464314
2024-11-04,233743.89849997684
2024-11-05,236644.01515135146
2024-11-06,243233.4113571587
2024-11-07,250745.05298671292
2024-11-08,251248.037024628
2024-11-11,250874.4252440761
2024-11-12,249737.79362267052
2024-11-13,248827.66600234382
2024-11-14,244456.66857714328
2024-11-15,233576.8188880057
2024-11-18,235492.04640686183
2024-11-19,237445.79069764452
2024-11-20,237350.75937677236
2024-11-21,238394.13167201466
2024-11-22,238762.17511408002
2024-11-25,239215.02705721097
2024-11-26,240688.82288672574
2024-11-27,238491.8611719348
2024-11-29,240716.18321101862
2024-12-02,243702.49200472806
2024-12-03,246237.24061905537
2024-12-04,253494.19407400323
2024-12-05,251791.230941063
2024-12-06,257054.94002161492
2024-12-09,252159.48820022025
2024-12-10,249926.53571576526
2024-12-11,260572.08881816507
2024-12-12,256483.77242114957
2024-12-13,260839.59529669664
2024-12-16,269860.68718999415
2024-12-17,266973.5038346738
2024-12-18,245161.42220703358
2024-12-19,244728.4383387959
2024-12-20,245204.271750054
2024-12-23,247490.17203936758
2024-12-24,253873.0987494592
2024-12-26,253537.569563851
2024-12-27,245246.862591142
2024-12-30,237510.73971344778
2024-12-31,235420.29761197884
2025-01-02,234950.44345390692
2025-01-03,238643.23495044626
2025-01-06,241496.71951930967
2025-01-07,236913.97094102862
2025-01-08,236964.19551950984
2025-01-10,233163.13234692003
2025-01-13,232355.46928533504
2025-01-14,232051.5010434209
2025-01-15,237066.09821388507
2025-01-16,235185.64524649552
2025-01-17,239470.4509095547
2025-01-21,241008.70012401513
2025-01-22,244719.4759239623
2025-01-23,245345.6632016026
2025-01-24,243556.9014176731
2025-01-27,234998.1384889534
2025-01-28,238586.65002249976
2025-01-29,238036.25007562837
2025-01-30,239177.0121020525
2025-01-31,238721.503423271
2025-02-03,236693.47496714533
2025-02-04,239408.86146487528
2025-02-05,240528.56007834245
2025-02-06,241788.23588447872
2025-02-07,238535.59468064076
2025-02-10,241441.58250774594
2025-02-11,240835.67182308793
2025-02-12,241012.25328833368
2025-02-13,244651.98151557494
2025-02-14,245719.205476113
2025-02-18,246318.19621647193
2025-02-19,246346.99401357386
2025-02-20,245237.18842706905
2025-02-21,239586.0857372901
2025-02-24,237130.25447609602
2025-02-25,234518.70242646206
2025-02-26,234945.32758232552
2025-02-27,229888.32437269893
2025-02-28,232149.66679813064
2025-03-03,228125.29707398496
2025-03-04,226739.27722471056
2025-03-05,227332.43636520172
2025-03-06,226434.0670828001
2025-03-07,226722.3485702051
2025-03-10,225478.13729675108
2025-03-11,225047.24140493912
2025-03-12,225152.38329160685
2025-03-13,224685.28199973973
2025-03-14,225440.6863172868
2025-03-17,225845.35200028113
2025-03-18,225347.54137666992
2025-03-19,225845.63583161743
2025-03-20,225712.58949206534
2025-03-21,225696.34879504447
2025-03-24,226783.7364581564
2025-03-25,226935.52190550207
2025-03-26,226178.27461877407
2025-03-27,226019.73782709974
2025-03-28,224862.12963131303
2025-03-31,225127.05121633498
2025-04-01,225067.9134509022
2025-04-02,225385.71180213068
2025-04-03,223064.02619931262
2025-04-04,221346.3567538793
2025-04-07,221024.0782174451
2025-04-08,220871.88344142804
2025-04-09,222300.46287133853
2025-04-10,221458.12125637315
2025-04-11,221729.47659706065
2025-04-14,221836.37988044575
2025-04-15,221651.78945455543
2025-04-16,221087.09419135278
2025-04-17,221081.39827899143
2025-04-21,220497.148661179
2025-04-22,221137.8380992975
2025-04-23,221481.5211163704
2025-04-24,222348.26330220822
2025-04-25,222681.23116806013
2025-04-28,222695.25342988377
2025-04-29,224017.01148256456
2025-04-30,224025.5144638272
2025-05-01,225743.35844715947
2025-05-02,227868.61166426915
2025-05-05,227139.5733834976
2025-05-06,225526.45419266695
2025-05-07,226108.7003519262
2025-05-08,227578.74143641817
2025-05-09,227456.29090680278
2025-05-12,233649.87686777976
2025-05-13,236804.26758336683
2025-05-14,238157.38077308313
2025-05-15,238420.2817614422
2025-05-16,239395.89167091073
2025-05-19,239619.59002195057
2025-05-20,238826.6570399615
2025-05-21,235649.65172057788
2025-05-22,236037.6299697256
2025-05-23,234249.3096133486
2025-05-27,238296.8189454215
2025-05-28,237323.94210872924
2025-05-29,237700.58533233334
2025-05-30,237354.49787978156
2025-06-02,238992.52232797618
2025-06-03,240578.28209740497
2025-06-04,241159.92945120033
2025-06-05,239613.11789704993
2025-06-06,241535.4972286704
2025-06-09,241883.61527078526
2025-06-10,243396.1034360592
2025-06-11,242599.84358127494
2025-06-12,243041.36697050792
2025-06-13,240325.90280098908
2025-06-16,242858.45773026196
2025-06-17,241047.61375691288
2025-06-18,241004.98292596426
2025-06-20,240263.80266061798
2025-06-23,241953.9262726862
2025-06-24,244603.41314792493
2025-06-25,245055.12922514655
2025-06-26,248345.27325218348
2025-06-27,249938.2829375395
2025-06-30,253145.21774543397
2025-07-01,248870.39044596188
2025-07-02,252312.20279968838
2025-07-03,257162.24773951885
2025-07-07,253102.75214722697
2025-07-08,253347.2314470793
2025-07-09,256805.61472071506
2025-07-10,255956.65865426208
2025-07-11,254619.93169892696
2025-07-14,256447.95891307306
2025-07-15,257021.67188398345
2025-07-16,257490.69392278654
2025-07-17,261383.8116676291
2025-07-18,260715.3086055132
2025-07-21,263419.31977088784
2025-07-22,260617.8003888479
2025-07-23,262897.38381743076
2025-07-24,264033.3384727323
2025-07-25,265111.3177848245
2025-07-28,266977.9653088017
2025-07-29,265946.5222798424
2025-07-30,266652.71339751873
2025-07-31,263542.1407001321
2025-08-01,252658.95144817026
2025-08-04,260624.47054908003
2025-08-05,257137.9937098658
2025-08-06,262884.4360992456
2025-08-07,264334.98244004295
2025-08-08,269008.5461117348
2025-08-11,267356.70987082785
2025-08-12,273968.52760459884
2025-08-13,274055.00194658485
2025-08-14,273526.18337497377
2025-08-15,270756.06628730585
2025-08-18,270500.94086038764
2025-08-19,262802.6797791973
2025-08-20,259605.61780723577
2025-08-21,257262.73152308873
2025-08-22,264347.73318070866
2025-08-25,262908.07272723794
2025-08-26,265049.36201656214
2025-08-27,265893.79664544045
2025-08-28,269215.8187797171
2025-08-29,262592.76573706977
2025-09-02,258030.51493611708
2025-09-03,261825.1121856975
2025-09-04,266055.5703709402
2025-09-05,266390.74245200295
2025-09-08,268827.75599248166
2025-09-09,270234.08539317833
2025-09-10,270326.0634952193
2025-09-11,273366.2485877978
2025-09-12,275671.1776989661
2025-09-15,280529.36309604894
2025-09-16,280043.3664742677
2025-09-17,278882.3985979056
2025-09-18,283741.0623250366
2025-09-19,287570.0001329443
2025-09-22,291056.6595927865
2025-09-23,286888.7472255523
2025-09-24,284931.3587004289
2025-09-25,282445.06847769715
2025-09-26,284722.16558467096
2025-09-29,287232.62651694246
2025-09-30,288726.7861678082
2025-10-01,291503.6976857311
2025-10-02,293867.3576070166
2025-10-03,291279.7836408115
2025-10-06,295502.2975853995
2025-10-07,292258.42198251863
2025-10-08,298544.0402583517
2025-10-09,297750.71641255805
2025-10-10,277384.180388131
2025-10-13,287762.97228339495
2025-10-14,285453.10735862545
2025-10-15,288803.83673305495
2025-10-16,287131.38517798897
2025-10-17,288843.9918577412
2025-10-20,293989.29012258607
2025-10-21,293768.8421909669
2025-10-22,288348.86551791005
2025-10-23,292814.00070304004
2025-10-24,298569.46308730636
2025-10-27,309384.32859772345
2025-10-28,314625.6160871554
2025-10-29,317714.17508526833
2025-10-30,306548.0835835486
2025-10-31,310049.5193647272
2025-11-03,313068.44758120517
2025-11-04,299368.4551334001
2025-11-05,302946.8416193757
2025-11-06,291501.75257521454
2025-11-07,288650.3881566182
2025-11-10,296110.5948424366
2025-11-11,294629.0912698823
2025-11-12,294203.7247909772
2025-11-13,286548.7821566229
2025-11-14,286201.72564086213
2025-11-17,284215.64461103035
2025-11-18,281655.9832468867
2025-11-19,282543.130275035
2025-11-20,278610.6712687028
2025-11-21,279594.6807660173
2025-11-24,283896.3074953504
2025-11-25,285342.7047870456
2025-11-26,287530.5136833965
2025-11-28,289652.38985324564
2025-12-01,288880.7873364907
2025-12-02,291290.5953272218
2025-12-03,292035.7643848727
2025-12-04,290591.4496957663
2025-12-05,293086.58994915104
2025-12-08,291731.96591066406
2025-12-09,291395.2065848108
2025-12-10,292617.90601193404
2025-12-11,291547.1892566782
2025-12-12,285224.6256484384
2025-12-15,283686.14289632963
2025-12-16,284265.8402703833
2025-12-17,278967.162225307
2025-12-18,282808.58107918705
2025-12-19,286216.755486441
2025-12-22,287382.18572287227
2025-12-23,288941.3985111259
2025-12-24,289835.60394803755
2025-12-26,289757.269747699
2025-12-29,288130.73666293913
2025-12-30,287369.9233705352
2025-12-31,284749.71713223326
2026-01-02,284075.6721725805
2026-01-05,286400.3792900398
2026-01-06,289007.2711728835
2026-01-07,289329.3202618268
2026-01-08,287506.5601080127
2026-01-09,290411.5415777943
2026-01-12,290805.1099649351
2026-01-13,290248.31126990815
2026-01-14,286777.2344735636
2026-01-15,288079.5695091694
2026-01-16,287548.196938113
2026-01-20,281340.31536190864
2026-01-21,284539.19742585806
2026-01-22,286384.8975183267
2026-01-23,287344.38377735706
2026-01-26,288631.2997137145
2026-01-27,291312.8358668961
2026-01-28,291119.26757815096
2026-01-29,289040.25136292144
2026-01-30,285309.841693406
2026-02-02,287364.9772377534
2026-02-03,282913.2419262857
2026-02-04,278399.40810605814
2026-02-05,275060.0552314352
2026-02-06,276802.91430669994
2026-02-09,277065.5142633492
2026-02-10,276843.9977126519
2026-02-11,276767.2853867003
2026-02-12,275716.47036024986
2026-02-13,276155.16661992617
2026-02-17,275929.06570931105
2026-02-18,277335.4394258496
2026-02-19,276569.01701171
2026-02-20,278370.3043893593
2026-02-23,275663.02185486647
2026-02-24,277698.04169592744
2026-02-25,280768.4376679315
2026-02-26,277610.358748274
2026-02-27,276612.0685409063
2026-03-02,276492.37437001534
2026-03-03,273999.2402077291
2026-03-04,276831.69584975194
2026-03-05,276407.16678014566
2026-03-06,273250.3624936248
2026-03-09,274476.0755055245
2026-03-10,274438.2945976077
2026-03-11,274391.6110199157
2026-03-12,271310.36689395434
2026-03-13,271299.3745293448
2026-03-16,271824.60552222916
2026-03-17,271909.00368427375
2026-03-18,270949.1561859829
2026-03-19,270746.81772375543
2026-03-20,269834.115712772
2026-03-23,270533.3930291064
2026-03-24,270368.7920267424
2026-03-25,270656.63773289544
2026-03-26,269680.775939337
2026-03-27,268819.91303329065
2026-03-30,268696.648596036
2026-03-31,270030.0058815197
2026-04-01,270355.88877977803
2026-04-02,270305.37224020326
2026-04-06,270669.0513160219
2026-04-07,270741.47861674323
2026-04-08,272609.6387501243
2026-04-09,274233.0955388589
2026-04-10,274623.6529127862
2026-04-13,277638.43237198424
2026-04-14,283220.73743316
2026-04-15,287783.8541534699
2026-04-16,289387.55121648364
2026-04-17,295224.8733158773
2026-04-20,293277.98010547564
2026-04-21,290678.111151074
2026-04-22,301239.6079159834
2026-04-23,297562.8772253577
2026-04-24,309942.8425855068
2026-04-27,310242.1400301769
2026-04-28,303353.20809593884
2026-04-29,307591.0472141973
2026-04-30,313754.0629259809
2026-05-01,320302.0294006207
2026-05-04,318847.226404616
2026-05-05,327842.55969702447
2026-05-06,342782.4898860648
2026-05-07,341940.7837385174
2026-05-08,359630.62306232535
2026-05-11,362084.3902815503
2026-05-12,354904.44792499713
2026-05-13,363083.5685818848
2026-05-14,369212.35399856936
2026-05-15,356276.3353849384
2026-05-18,352598.3235184136
2026-05-19,347611.69071920175
2026-05-20,360462.34158508293
2026-05-21,362197.92313730955
2026-05-22,365484.7244028324
