,sleeve_equity
2018-05-24,100000.0
2018-05-25,99802.84712623061
2018-05-29,99797.9851613986
2018-05-30,99877.07615539845
2018-05-31,99767.28572440454
2018-06-01,99514.71791075038
2018-06-04,99480.95199222269
2018-06-05,99672.1850155885
2018-06-06,99703.41999049598
2018-06-07,99683.89378436626
2018-06-08,99746.32782687314
2018-06-11,99836.08214286479
2018-06-12,99679.8369255364
2018-06-13,99828.17390021664
2018-06-14,99906.24435548905
2018-06-15,99091.12883402343
2018-06-18,99007.1934213152
2018-06-19,98894.56717575146
2018-06-20,98695.44669035843
2018-06-21,98620.45068067819
2018-06-22,98733.55436717905
2018-06-25,98568.23452297827
2018-06-26,98334.76769763115
2018-06-27,98100.24871284609
2018-06-28,97978.05852056661
2018-06-29,98126.20353198357
2018-07-02,97745.65463725646
2018-07-03,98135.15285774882
2018-07-05,98271.58925395262
2018-07-06,98209.49882763883
2018-07-09,98315.10876688984
2018-07-10,98242.54878228248
2018-07-11,97796.18042885842
2018-07-12,97971.70324018688
2018-07-13,97794.35626939838
2018-07-16,97777.73150238083
2018-07-17,97338.35798033123
2018-07-18,97339.0748781799
2018-07-19,97191.76345621794
2018-07-20,97424.74741919606
2018-07-23,97259.11552454188
2018-07-24,97276.00733032178
2018-07-25,97475.55316261336
2018-07-26,97203.47882978978
2018-07-27,97226.51970827344
2018-07-30,97176.5369781364
2018-07-31,97269.8520533595
2018-08-01,97039.21980497651
2018-08-02,96872.36269571261
2018-08-03,96988.38612623124
2018-08-06,96829.80604150228
2018-08-07,96907.00493510296
2018-08-08,97000.95306573261
2018-08-09,96958.98900414724
2018-08-10,96950.30430892206
2018-08-13,96475.6313028969
2018-08-14,96518.30317089258
2018-08-15,96092.72560469381
2018-08-16,96077.73674658118
2018-08-17,96319.66309270749
2018-08-20,96453.71727756767
2018-08-21,96535.00175533019
2018-08-22,96598.05367629271
2018-08-23,96358.29797861268
2018-08-24,96813.62094883552
2018-08-27,96918.00102468395
2018-08-28,96683.13435607385
2018-08-29,96822.85419854331
2018-08-30,96683.92716668296
2018-08-31,96655.88750693097
2018-09-04,96505.68628426219
2018-09-05,96601.07261587046
2018-09-06,96657.4668206155
2018-09-07,96592.07523663876
2018-09-10,96579.54417416538
2018-09-11,96601.45990821112
2018-09-12,96825.61066293438
2018-09-13,96737.3180877582
2018-09-14,96573.1782842854
2018-09-17,96714.61419909302
2018-09-18,96681.46696115247
2018-09-19,96788.5034436906
2018-09-20,96884.04081093078
2018-09-21,96728.04495824277
2018-09-24,96728.53316747522
2018-09-25,96780.85688278465
2018-09-26,96631.14192078027
2018-09-27,96377.73404842429
2018-09-28,96550.83999260962
2018-10-01,96512.57827110776
2018-10-02,96821.40579803444
2018-10-03,96705.74180060327
2018-10-04,96727.52610481411
2018-10-05,96818.95297587366
2018-10-08,96487.14821150522
2018-10-09,96508.91878309028
2018-10-10,96589.67198302035
2018-10-11,97372.31123579563
2018-10-12,97220.96081216953
2018-10-15,97452.53191355882
2018-10-16,97399.44467061858
2018-10-17,97402.19609166536
2018-10-18,97446.03725335619
2018-10-19,97478.12848043491
2018-10-22,97395.7673845137
2018-10-23,97601.02861749372
2018-10-24,97686.03881296908
2018-10-25,97609.0991931252
2018-10-26,97734.10471049542
2018-10-29,97590.85019364266
2018-10-30,97431.40730990189
2018-10-31,97226.77113954743
2018-11-01,97710.51232173294
2018-11-02,97722.3837609637
2018-11-05,97637.3055571269
2018-11-06,97536.05556318545
2018-11-07,97538.32605456663
2018-11-08,97463.0327093061
2018-11-09,97048.3776562784
2018-11-12,96799.99841693071
2018-11-13,96817.35987112985
2018-11-14,97093.79333141922
2018-11-15,97137.12873351361
2018-11-16,97387.6943163837
2018-11-19,97413.39703469124
2018-11-20,97418.93790032185
2018-11-21,97484.85579143163
2018-11-23,97461.95779945803
2018-11-26,97426.3647164103
2018-11-27,97213.05743791886
2018-11-28,97355.1777103677
2018-11-29,97475.04259373524
2018-11-30,97417.1474809139
2018-12-03,97698.78384980976
2018-12-04,97929.59962293184
2018-12-06,97930.61557821091
2018-12-07,98275.3875738724
2018-12-10,98132.438288843
2018-12-11,98083.16793052477
2018-12-12,98184.7901208707
2018-12-13,98089.21089688886
2018-12-14,97912.402692454
2018-12-17,98230.57006564515
2018-12-18,98343.73164156661
2018-12-19,98070.17938591166
2018-12-20,98774.97170977523
2018-12-21,98562.76815543957
2018-12-24,99111.12580452068
2018-12-26,98965.05466339258
2018-12-27,99350.35890375212
2018-12-28,99559.90057975057
2018-12-31,99650.2642199281
2019-01-02,99690.0734656676
2019-01-03,100184.46075669045
2019-01-04,99747.63152800698
2019-01-07,99939.03250039511
2019-01-08,99796.26197707205
2019-01-09,100148.13826334593
2019-01-10,99831.67117004635
2019-01-11,99929.54276554944
2019-01-14,100063.04375996202
2019-01-15,99973.75521039349
2019-01-16,100151.83833544905
2019-01-17,100084.8349106003
2019-01-18,99603.4519311263
2019-01-22,99799.2952509801
2019-01-23,99727.80393732873
2019-01-24,99647.41461170309
2019-01-25,100440.22052177301
2019-01-28,100636.02915158753
2019-01-29,100947.69130868561
2019-01-30,101292.00906061589
2019-01-31,101324.57340521527
2019-02-01,101209.09166870505
2019-02-04,100955.15245929486
2019-02-05,101111.80340832243
2019-02-06,100714.67675939505
2019-02-07,100861.82734210868
2019-02-08,101090.12916077909
2019-02-11,100811.97601099162
2019-02-12,100946.15148492383
2019-02-13,100703.82897355416
2019-02-14,101053.86007094452
2019-02-15,101428.99707044255
2019-02-19,102386.44853037864
2019-02-20,102279.66290729158
2019-02-21,101565.4648979753
2019-02-22,101795.05171003536
2019-02-25,101733.47642688252
2019-02-26,101842.58099016912
2019-02-27,101399.49312850021
2019-02-28,101051.77298103165
2019-03-01,99996.21423858902
2019-03-04,99837.58856033527
2019-03-05,99914.85886982766
2019-03-06,99868.82705259239
2019-03-07,99827.3737210925
2019-03-08,100439.16901862949
2019-03-11,100169.27959743877
2019-03-12,100511.52383767598
2019-03-13,100908.60893367564
2019-03-14,100261.09490785202
2019-03-15,100542.39720347011
2019-03-18,100578.87049221923
2019-03-19,100740.02867434741
2019-03-20,101125.67412908087
2019-03-21,100886.21468998869
2019-03-22,101031.24495270917
2019-03-25,101497.47606896887
2019-03-26,101199.5876735984
2019-03-27,100887.1199095278
2019-03-28,100039.24537407786
2019-03-29,100122.72027823047
2019-04-01,99914.4916427976
2019-04-02,100117.95122020275
2019-04-03,100042.60592874934
2019-04-04,100184.17934742676
2019-04-05,100130.97028016127
2019-04-08,100369.92941473656
2019-04-09,100657.57499860597
2019-04-10,100837.70182470599
2019-04-11,100098.41195957822
2019-04-12,100048.71846144556
2019-04-15,99951.64447607749
2019-04-16,99475.25743531756
2019-04-17,99382.03853779526
2019-04-18,99424.00546727906
2019-04-22,99428.65634464793
2019-04-23,99329.75690309085
2019-04-24,99479.455787957
2019-04-25,99525.55518926936
2019-04-26,99861.63443797073
2019-04-29,99640.1140522083
2019-04-30,99808.2311346517
2019-05-01,99458.41373189703
2019-05-02,99259.1024255706
2019-05-03,99577.76276302955
2019-05-06,99652.9304762742
2019-05-07,99834.33878688746
2019-05-08,99705.8711692949
2019-05-09,99838.59296809706
2019-05-10,99944.75790389898
2019-05-13,100498.04326726281
2019-05-14,100409.38526034442
2019-05-15,100382.71025402672
2019-05-16,99997.44787940977
2019-05-17,99621.01632804725
2019-05-20,99620.86100040289
2019-05-21,99501.16143110453
2019-05-22,99452.31011713826
2019-05-23,99868.27247770457
2019-05-24,99930.04967509938
2019-05-28,99726.17974077648
2019-05-29,99748.10418348803
2019-05-30,100115.33095708647
2019-05-31,100845.59030727608
2019-06-03,101673.97004618216
2019-06-04,101704.90155522368
2019-06-05,101872.72978949064
2019-06-06,102086.78537736417
2019-06-07,102454.94420127245
2019-06-10,101810.82253979717
2019-06-11,101737.04478756576
2019-06-12,102074.31421416692
2019-06-13,102473.16850046905
2019-06-14,102455.7932805971
2019-06-17,102417.84671662081
2019-06-18,102749.8665775898
2019-06-19,103185.31717951171
2019-06-20,104951.50895945125
2019-06-21,105439.88114893538
2019-06-24,106621.12131215792
2019-06-25,106756.30885029677
2019-06-26,105979.3747730702
2019-06-27,105898.87609418869
2019-06-28,106128.60310161924
2019-07-01,104496.91160169628
2019-07-02,106199.84218405443
2019-07-03,106334.15477374573
2019-07-05,105394.31629263578
2019-07-08,104858.97814566607
2019-07-09,105141.40462474196
2019-07-10,106399.22464374194
2019-07-11,105694.64168895349
2019-07-12,106219.71732004706
2019-07-15,106221.54533857167
2019-07-16,105511.00369139701
2019-07-17,106887.14038457948
2019-07-18,108086.7275670609
2019-07-19,106785.05598225933
2019-07-22,106773.10967786412
2019-07-23,106268.34659709003
2019-07-24,106728.31364181067
2019-07-25,106127.5622108637
2019-07-26,106268.8465821413
2019-07-29,106835.04978956905
2019-07-30,107122.19033133882
2019-07-31,106001.3964705033
2019-08-01,108032.58373178449
2019-08-02,107716.65146731169
2019-08-05,108973.20446988608
2019-08-06,109714.47004428382
2019-08-07,111109.74932257764
2019-08-08,111610.06717809998
2019-08-09,111282.7324527083
2019-08-12,112240.73069540132
2019-08-13,111647.92212471971
2019-08-14,112326.49601605632
2019-08-15,112991.07245291909
2019-08-16,112349.32850922813
2019-08-19,111183.66098585262
2019-08-20,111952.99923301736
2019-08-21,111639.59342583419
2019-08-22,111389.07944227726
2019-08-23,113325.04020249659
2019-08-26,113339.9703443661
2019-08-27,114304.94256494648
2019-08-28,114019.50667886937
2019-08-29,113293.97849805308
2019-08-30,113036.48928951191
2019-09-03,114434.56033866723
2019-09-04,115071.20134598872
2019-09-05,112567.83664934622
2019-09-06,111686.88190320747
2019-09-09,111330.14729138321
2019-09-10,110489.73328023801
2019-09-11,111081.78767275589
2019-09-12,111284.4380965736
2019-09-13,110471.82762267497
2019-09-16,111286.39818433944
2019-09-17,111482.10489694927
2019-09-18,110864.2294916847
2019-09-19,111261.55465415571
2019-09-20,112423.78981811424
2019-09-23,112981.04176487477
2019-09-24,113510.47056041575
2019-09-25,111647.86258611931
2019-09-26,111620.99548426426
2019-09-27,111114.29509777702
2019-09-30,109592.3330340012
2019-10-01,110066.47931347103
2019-10-02,111144.91762443053
2019-10-03,111569.094828082
2019-10-04,111570.27040775359
2019-10-07,110771.79972563064
2019-10-08,111585.84048284973
2019-10-09,111672.92472512466
2019-10-10,110854.60002114043
2019-10-11,110340.28060421348
2019-10-14,110711.50896878152
2019-10-15,110065.00840707352
2019-10-16,110594.84427515602
2019-10-17,110728.15591874262
2019-10-18,110630.17849978313
2019-10-21,110188.5391884743
2019-10-22,110460.64390603185
2019-10-23,110679.87133508117
2019-10-24,111341.87622230139
2019-10-25,111561.10945156706
2019-10-28,110756.00361054094
2019-10-29,110499.40168411541
2019-10-30,110996.26369433689
2019-10-31,111893.9613976199
2019-11-01,111985.87663651473
2019-11-04,111715.59860507847
2019-11-05,110194.64523755634
2019-11-06,110579.52850317225
2019-11-07,109215.76097265487
2019-11-08,108666.05843203198
2019-11-11,108478.04519918485
2019-11-12,108698.81051273123
2019-11-13,109026.2054882587
2019-11-14,109371.36920790093
2019-11-15,109169.1865817036
2019-11-18,109423.62279989582
2019-11-19,109468.26522738882
2019-11-20,109512.90022237436
2019-11-21,109045.37803881388
2019-11-22,108886.39603219808
2019-11-25,108485.96894570778
2019-11-26,108877.08880274493
2019-11-27,108448.06866488593
2019-11-29,108951.31937609799
2019-12-02,108911.69956089596
2019-12-03,109692.23966518408
2019-12-04,109581.81613870556
2019-12-05,109630.66177055993
2019-12-06,108818.04200739457
2019-12-09,108796.06638171326
2019-12-10,109027.82276573134
2019-12-11,109590.01793883875
2019-12-12,109302.56196768157
2019-12-13,109670.06903696131
2019-12-16,109665.832463316
2019-12-17,109649.80389767724
2019-12-18,109657.38749256819
2019-12-19,109871.46606722608
2019-12-20,109955.75202325181
2019-12-23,110211.13977084766
2019-12-24,110991.66165870556
2019-12-26,111648.29136407808
2019-12-27,111621.21016588825
2019-12-30,111807.77162088071
2019-12-31,111975.78541896644
2020-01-02,112625.15088054276
2020-01-03,113805.20316735766
2020-01-06,114750.73825410748
2020-01-07,115123.98244486075
2020-01-08,114396.62845624742
2020-01-09,113853.01587847415
2020-01-10,114431.58289478775
2020-01-13,113717.35526748924
2020-01-14,113633.12092151433
2020-01-15,114182.71853433941
2020-01-16,114038.80069685941
2020-01-17,114210.58009799075
2020-01-21,114312.91200633356
2020-01-22,114345.7652959541
2020-01-23,114555.42171995608
2020-01-24,115099.70904984964
2020-01-27,115738.68731145884
2020-01-28,114900.24874135136
2020-01-29,115406.66811748299
2020-01-30,115414.28564554977
2020-01-31,115958.5845471724
2020-02-03,115347.4467422628
2020-02-04,114130.18961275522
2020-02-05,114245.16553014178
2020-02-06,114745.25684392524
2020-02-07,114992.80984146298
2020-02-10,115234.04229134155
2020-02-11,114913.35128037131
2020-02-12,114838.9028983088
2020-02-13,115370.58793325147
2020-02-14,115763.36828115703
2020-02-18,116970.62199697795
2020-02-19,117527.54848601128
2020-02-20,117920.33699000887
2020-02-21,119367.51028835049
2020-02-24,120151.14133201074
2020-02-25,118282.35159019464
2020-02-26,118732.27090684777
2020-02-27,118753.28658884506
2020-02-28,114987.90157394388
2020-03-02,115582.29560540566
2020-03-03,118452.35799413362
2020-03-04,118601.4236512342
2020-03-05,120836.421291401
2020-03-06,120877.04032567875
2020-03-09,121051.75872387277
2020-03-10,118817.3653982738
2020-03-11,118448.52135892413
2020-03-12,114328.5070601448
2020-03-13,111809.55128541205
2020-03-16,110616.69468149325
2020-03-17,111514.54795146626
2020-03-18,110063.57979843685
2020-03-19,108714.832398231
2020-03-20,109729.71696504805
2020-03-23,112459.80199380757
2020-03-24,115686.1321794676
2020-03-25,114429.67496637435
2020-03-26,115651.70154812885
2020-03-27,115028.08736965778
2020-03-30,115450.12579327158
2020-03-31,112382.47792867229
2020-04-01,113192.73007488438
2020-04-02,114600.48196599372
2020-04-03,115047.28255487133
2020-04-06,117656.36610552105
2020-04-07,117166.42719295427
2020-04-08,116250.23191785131
2020-04-09,118896.48110806818
2020-04-13,120686.02117543077
2020-04-14,121529.09544762447
2020-04-15,120978.30933414825
2020-04-16,120881.92105264906
2020-04-17,118719.13009967824
2020-04-20,119497.50606263305
2020-04-21,118746.74267702979
2020-04-22,120866.53040572119
2020-04-23,121938.63676615928
2020-04-24,121459.14384692814
2020-04-27,120713.11936639427
2020-04-28,120215.77923059496
2020-04-29,120830.61770656807
2020-04-30,118806.62388629385
2020-05-01,119430.29450924249
2020-05-04,119800.8435311476
2020-05-05,120250.7906438628
2020-05-06,118881.31886424286
2020-05-07,120495.70074069635
2020-05-08,119853.99270774797
2020-05-11,119192.4372678737
2020-05-12,119602.68763807412
2020-05-13,120621.6352773145
2020-05-14,121567.79127505356
2020-05-15,122176.52581256478
2020-05-18,121356.19547216223
2020-05-19,122394.97062486286
2020-05-20,122654.42429814127
2020-05-21,121012.65854387867
2020-05-22,121669.43360799992
2020-05-26,120082.38271585458
2020-05-27,120237.67381205228
2020-05-28,120594.27695428845
2020-05-29,121380.02631477754
2020-06-01,121875.26798662539
2020-06-02,121175.49747105513
2020-06-03,119194.89114845193
2020-06-04,120299.20015830183
2020-06-05,118226.3226846708
2020-06-08,119310.46368859471
2020-06-09,120286.83256648207
2020-06-10,121751.35417385303
2020-06-11,120975.69055575266
2020-06-12,121127.8967235638
2020-06-15,120936.17010146854
2020-06-16,120883.33873697401
2020-06-17,121088.46349267545
2020-06-18,120876.90315325846
2020-06-19,122060.91603475335
2020-06-22,122762.0966991701
2020-06-23,123681.54558636158
2020-06-24,123297.9961082961
2020-06-25,123231.93284365062
2020-06-26,123721.4472400571
2020-06-29,123781.05432936519
2020-06-30,124270.5660343176
2020-07-01,123774.57366347524
2020-07-02,124012.75529368283
2020-07-06,124674.24698731361
2020-07-07,125375.41957910749
2020-07-08,126069.98806515006
2020-07-09,125765.81317131156
2020-07-10,125474.85295140374
2020-07-13,125613.81013167235
2020-07-14,126136.40495472762
2020-07-15,126235.68554564702
2020-07-16,125170.86612108347
2020-07-17,126090.29509153373
2020-07-20,126632.72094144233
2020-07-21,127995.30123203293
2020-07-22,129734.89850542851
2020-07-23,130760.1454039499
2020-07-24,131753.78223169042
2020-07-27,134172.84824476356
2020-07-28,135214.50776040772
2020-07-29,136160.23248804687
2020-07-30,135221.4279600623
2020-07-31,136365.8720157329
2020-08-03,136509.81557260858
2020-08-04,139216.68963913803
2020-08-05,140422.81849006237
2020-08-06,142163.45459171897
2020-08-07,140052.830110568
2020-08-10,139600.57669858757
2020-08-11,132603.92847314477
2020-08-12,132028.33449916574
2020-08-13,134927.09363417132
2020-08-14,134385.75149773085
2020-08-17,137099.48872410494
2020-08-18,138250.7817949646
2020-08-19,134180.2772147528
2020-08-20,135043.75854490927
2020-08-21,134036.43177303261
2020-08-24,133330.6289150087
2020-08-25,133481.42222522007
2020-08-26,134947.95138335042
2020-08-27,133495.20005601543
2020-08-28,135642.174663477
2020-08-31,135932.70196045088
2020-09-01,136077.9918360833
2020-09-02,134473.83737625083
2020-09-03,133496.84908843864
2020-09-04,133826.98752135775
2020-09-08,133595.9821119885
2020-09-09,134757.94111750447
2020-09-10,134368.50331550126
2020-09-11,134361.95207710014
2020-09-14,135312.65022816882
2020-09-15,135022.23060193623
2020-09-16,135365.57518567008
2020-09-17,134698.8659301354
2020-09-18,134857.3463624444
2020-09-21,132427.9845479968
2020-09-22,131853.67707408164
2020-09-23,129305.4828244202
2020-09-24,129676.03963706174
2020-09-25,129371.9203246757
2020-09-28,130442.79684212441
2020-09-29,131349.40808486575
2020-09-30,130675.01579053556
2020-10-01,131693.99473884943
2020-10-02,131590.8645640017
2020-10-05,132151.97888795234
2020-10-06,130791.32133413735
2020-10-07,130739.78660625138
2020-10-08,131152.3775848215
2020-10-09,133162.41993749645
2020-10-12,132837.1642751274
2020-10-13,130992.8941128827
2020-10-14,131369.14257666847
2020-10-15,131775.20791213395
2020-10-16,131388.03473094624
2020-10-19,131444.31790844814
2020-10-20,131981.5453949017
2020-10-21,132824.8340562543
2020-10-22,131719.36172263368
2020-10-23,131600.7538218216
2020-10-26,131544.6080976784
2020-10-27,131838.23420350658
2020-10-28,130033.21344411047
2020-10-29,129566.69513075374
2020-10-30,130046.80217694388
2020-11-02,131072.93998286233
2020-11-03,131679.04849360895
2020-11-04,131619.137710637
2020-11-05,134085.3380278889
2020-11-06,134229.82457988124
2020-11-09,129008.36340731484
2020-11-10,129444.28734637839
2020-11-11,129000.82447965675
2020-11-12,129619.56829012294
2020-11-13,130320.00468908489
2020-11-16,130314.25144445823
2020-11-17,129934.98032164075
2020-11-18,129345.60997703852
2020-11-19,129153.0935200736
2020-11-20,129462.47700076111
2020-11-23,127443.20016475525
2020-11-24,125887.53711314479
2020-11-25,125859.00570479094
2020-11-27,124990.54473269434
2020-11-30,124424.13050579396
2020-12-01,126114.20997250092
2020-12-02,126750.76449212793
2020-12-03,127433.25629559415
2020-12-04,127171.95227366578
2020-12-07,128540.14114207748
2020-12-08,128863.38038786541
2020-12-09,127190.79366210925
2020-12-10,127027.82133944654
2020-12-11,127196.46489807617
2020-12-14,126696.2028638187
2020-12-15,127960.33472395924
2020-12-16,128466.04739020352
2020-12-17,129435.2593912717
2020-12-18,129267.08954370962
2020-12-21,128950.3555744269
2020-12-22,128164.0326578593
2020-12-23,128801.49494298155
2020-12-24,129175.67092777931
2020-12-28,128833.7725110674
2020-12-29,129175.88582383623
2020-12-30,129897.41770775057
2020-12-31,130250.20702515607
2021-01-04,132371.7834476765
2021-01-05,132657.5303263825
2021-01-06,130913.07666053872
2021-01-07,130671.54312537095
2021-01-08,127265.24239942865
2021-01-11,127010.19676877477
2021-01-12,127549.97365161456
2021-01-13,127188.74573381443
2021-01-14,127145.52210578378
2021-01-15,126109.73765761677
2021-01-19,126811.43511336048
2021-01-20,128060.32023895223
2021-01-21,128017.58554809108
2021-01-22,127333.95193214528
2021-01-25,127424.74685030745
2021-01-26,127221.616706171
2021-01-27,126701.79635373724
2021-01-28,126812.31659070833
2021-01-29,126780.91320407383
2021-02-01,127510.32985464651
2021-02-02,126555.99971866602
2021-02-03,126439.04733534335
2021-02-04,124773.3765826555
2021-02-05,125474.59434760729
2021-02-08,126153.80524726551
2021-02-09,126356.97238289044
2021-02-10,126629.68996199234
2021-02-11,125980.60126069392
2021-02-12,125755.62907645544
2021-02-16,124695.40654539378
2021-02-17,123893.26013153383
2021-02-18,123909.22675497094
2021-02-19,124154.3845104812
2021-02-22,125042.49853272823
2021-02-23,124894.82599839795
2021-02-24,124849.56966875875
2021-02-25,123648.82248926722
2021-02-26,122263.94478605292
2021-03-01,122234.1373086751
2021-03-02,122491.30095026453
2021-03-03,121967.35302191194
2021-03-04,121517.82153278944
2021-03-05,121546.19856082098
2021-03-08,121107.97041243159
2021-03-09,121964.29698954537
2021-03-10,122173.99254211833
2021-03-11,122138.3614845738
2021-03-12,122129.72312676074
2021-03-15,122332.19191827229
2021-03-16,122378.11414562694
2021-03-17,122775.33390803938
2021-03-18,122450.06097885624
2021-03-19,122682.91450967194
2021-03-22,122622.46467107107
2021-03-23,122177.06631702482
2021-03-24,122376.53430304927
2021-03-25,122215.0214628776
2021-03-26,122353.42824993952
2021-03-29,121772.95507614937
2021-03-30,120948.83114633031
2021-03-31,121588.94548996382
2021-04-01,122129.54131827786
2021-04-05,122111.57082137742
2021-04-06,122501.49804777536
2021-04-07,122363.58137998955
2021-04-08,122888.45243562234
2021-04-09,122516.58200484561
2021-04-12,122219.6785703448
2021-04-13,122564.60201183456
2021-04-14,122351.71251052275
2021-04-15,123096.46990585577
2021-04-16,123365.15759582391
2021-04-19,123228.02954926106
2021-04-20,123403.98146081471
2021-04-21,123895.97726116079
2021-04-22,123565.36291462608
2021-04-23,123368.90391897025
2021-04-26,123509.16112508693
2021-04-27,123375.34287078673
2021-04-28,123531.52056508894
2021-04-29,123311.66019798987
2021-04-30,123133.22841531054
2021-05-03,123818.37416041084
2021-05-04,123426.42605610572
2021-05-05,123646.3366678044
2021-05-06,124535.44462281032
2021-05-07,125023.43624954873
2021-05-10,125213.87873455035
2021-05-11,125261.81258451955
2021-05-12,124594.32702797715
2021-05-13,124867.60289633038
2021-05-14,125476.57319899551
2021-05-17,126261.19486561535
2021-05-18,126393.92544401764
2021-05-19,126439.80039380075
2021-05-20,126776.54446151335
2021-05-21,126810.21831728298
2021-05-24,126940.71376329247
2021-05-25,127614.18083376806
2021-05-26,127447.8211880943
2021-05-27,127480.50465888286
2021-05-28,127793.22284675829
2021-06-01,127569.2006659089
2021-06-02,127975.27971807745
2021-06-03,126341.74545276664
2021-06-04,127208.42289955704
2021-06-07,127520.31659436288
2021-06-08,127280.25664016728
2021-06-09,127117.20961347077
2021-06-10,127457.3255344652
2021-06-11,126542.82336918892
2021-06-14,126071.8694235326
2021-06-15,125792.50919453659
2021-06-16,124545.42263511155
2021-06-17,122359.60591036972
2021-06-18,122089.64635266845
2021-06-21,122720.3032639199
2021-06-22,122501.87144223497
2021-06-23,122467.6393597453
2021-06-24,122436.53283509743
2021-06-25,122608.34605588758
2021-06-28,122605.34657759307
2021-06-29,122059.16658143324
2021-06-30,122309.01312134479
2021-07-01,122487.05784592737
2021-07-02,122827.43069000973
2021-07-06,123086.6362526785
2021-07-07,123286.53494684154
2021-07-08,123252.31687503625
2021-07-09,123427.25481503966
2021-07-12,123368.76589346831
2021-07-13,123443.68454996048
2021-07-14,124062.64740143536
2021-07-15,124075.83542715313
2021-07-16,123474.54313397748
2021-07-19,123547.09164944428
2021-07-20,123467.48820505253
2021-07-21,123239.36100258934
2021-07-22,123334.73500472575
2021-07-23,123162.63321581096
2021-07-26,123032.78080919519
2021-07-27,123130.00646395709
2021-07-28,123384.55309577947
2021-07-29,123947.4005335141
2021-07-30,123543.44061877337
2021-08-02,123480.69743817401
2021-08-03,123444.89049612639
2021-08-04,123456.9910159776
2021-08-05,123256.57895901511
2021-08-06,121993.5845444626
2021-08-09,121213.52688494543
2021-08-10,121214.0814750084
2021-08-11,121657.01973316856
2021-08-12,121683.38884867981
2021-08-13,122276.05637032076
2021-08-16,122485.47643843235
2021-08-17,122410.46854143633
2021-08-18,122447.70471282092
2021-08-19,122308.22508278303
2021-08-20,122334.00013699499
2021-08-23,122912.64175027568
2021-08-24,122879.85890745709
2021-08-25,122519.7454864096
2021-08-26,122578.3749333426
2021-08-27,123354.41852243827
2021-08-30,123087.17033928458
2021-08-31,123200.182065937
2021-09-01,123203.60729347733
2021-09-02,123054.2718728722
2021-09-03,123655.46827696997
2021-09-07,122543.06073255104
2021-09-08,122425.2603950465
2021-09-09,122647.61706710671
2021-09-10,122392.44789650425
2021-09-13,122560.7425531157
2021-09-14,122885.20287156412
2021-09-15,122587.9798018492
2021-09-16,121446.84442547665
2021-09-17,121370.90625422035
2021-09-20,121663.40096033714
2021-09-21,121938.38989653983
2021-09-22,121763.75896908189
2021-09-23,121213.9254726136
2021-09-24,121153.54061413553
2021-09-27,121251.50213408368
2021-09-28,120793.80159330051
2021-09-29,120621.35646600857
2021-09-30,121345.15346535406
2021-10-01,121444.56560102181
2021-10-04,121656.68817664972
2021-10-05,121444.73475891622
2021-10-06,121566.00505233232
2021-10-07,121326.55315476746
2021-10-08,121345.94787199154
2021-10-11,121260.70389903011
2021-10-12,121464.6018850981
2021-10-13,122271.56210317826
2021-10-14,122373.69994257268
2021-10-15,121517.51699791985
2021-10-18,121400.20480515886
2021-10-19,121553.74103196891
2021-10-20,121973.59533056646
2021-10-21,121930.32478773949
2021-10-22,122248.08908958966
2021-10-25,122609.44391106808
2021-10-26,122212.63704770996
2021-10-27,122363.31310637886
2021-10-28,122349.75800407528
2021-10-29,121860.60243966995
2021-11-01,122158.40112595295
2021-11-02,122035.32937238847
2021-11-03,121559.85506502623
2021-11-04,122195.09527930152
2021-11-05,122886.78518776385
2021-11-08,123085.4867226143
2021-11-09,123371.14605962488
2021-11-10,124001.81549308132
2021-11-11,124375.27719378959
2021-11-12,124509.11040236874
2021-11-15,124399.77106831351
2021-11-16,123889.18383374672
2021-11-17,124529.6346979001
2021-11-18,124302.76705968163
2021-11-19,123763.82121445029
2021-11-22,122195.43101518793
2021-11-23,121601.04401887636
2021-11-24,121545.04601285375
2021-11-26,121450.49061683184
2021-11-29,121369.93731073412
2021-11-30,120977.27014190379
2021-12-01,121208.84140104061
2021-12-02,120886.33952455068
2021-12-03,121334.87525615653
2021-12-06,121204.65886417212
2021-12-07,121392.32511699272
2021-12-08,121421.09074194019
2021-12-09,121097.01671413315
2021-12-10,121319.67738224009
2021-12-13,121453.32315930075
2021-12-14,120957.54366764233
2021-12-15,121183.3678519612
2021-12-16,121822.43715617605
2021-12-17,121683.13031998988
2021-12-20,121439.43297551699
2021-12-21,121415.49852290886
2021-12-22,121954.70467058531
2021-12-23,122085.340763593
2021-12-27,122222.82208500511
2021-12-28,121972.29476846015
2021-12-29,121955.2538526385
2021-12-30,122370.81182471626
2021-12-31,122769.15090470781
2022-01-03,121852.35761709545
2022-01-04,122272.77907566105
2022-01-05,122110.53703986612
2022-01-06,121451.39112336948
2022-01-07,121693.72387626217
2022-01-10,121856.41610643436
2022-01-11,122551.77635906197
2022-01-12,122718.73962528256
2022-01-13,122505.62033938995
2022-01-14,122325.60036904912
2022-01-18,122222.86449530082
2022-01-19,123212.87163915412
2022-01-20,123055.05654327273
2022-01-21,122849.42316444466
2022-01-24,123195.6417966306
2022-01-25,123398.36582184481
2022-01-26,122326.69523085523
2022-01-27,121472.66143207642
2022-01-28,121273.35915345408
2022-01-31,121603.65368629419
2022-02-01,121650.748922104
2022-02-02,121854.51690381608
2022-02-03,121775.03873215886
2022-02-04,121883.67084259668
2022-02-07,122335.61312594089
2022-02-08,122523.88907669265
2022-02-09,122734.00552526052
2022-02-10,122499.92505548682
2022-02-11,123674.46797250511
2022-02-14,124061.44725989996
2022-02-15,123370.71446251459
2022-02-16,124112.97694293642
2022-02-17,125121.7951568563
2022-02-18,125064.9270803107
2022-02-22,125238.51901618802
2022-02-23,125613.23762067605
2022-02-24,125075.93880957286
2022-02-25,124800.46332235911
2022-02-28,125656.88054767618
2022-03-01,127246.15451894524
2022-03-02,126294.322986451
2022-03-03,126857.45893485175
2022-03-04,128372.49296896975
2022-03-07,129857.25596727786
2022-03-08,132741.92089433214
2022-03-09,129466.69068216393
2022-03-10,129828.96601042859
2022-03-11,129099.06429530209
2022-03-14,127544.12847618526
2022-03-15,125647.80777592727
2022-03-16,126209.45948686879
2022-03-17,126645.8097400654
2022-03-18,125859.09133412201
2022-03-21,126537.97482044216
2022-03-22,125890.03083973523
2022-03-23,127103.85268854897
2022-03-24,127777.46956774018
2022-03-25,127386.74280445243
2022-03-28,125655.05292207946
2022-03-29,125697.44684692452
2022-03-30,126449.5389470148
2022-03-31,126486.73161757547
2022-04-01,125887.30390662162
2022-04-04,126337.80086102149
2022-04-05,125774.12265352193
2022-04-06,125984.88059739672
2022-04-07,126325.50371112823
2022-04-08,126890.91242375894
2022-04-11,127341.43768604985
2022-04-12,128041.74762237136
2022-04-13,128485.42519971814
2022-04-14,128161.98544204596
2022-04-18,128465.95098194072
2022-04-19,126983.45413001184
2022-04-20,127420.12829536253
2022-04-21,127096.43632025851
2022-04-22,126213.0525866278
2022-04-25,124595.03915323666
2022-04-26,124762.71952088279
2022-04-27,124168.03848509805
2022-04-28,124592.18143391676
2022-04-29,124584.71689936433
2022-05-02,123126.85238534244
2022-05-03,123321.22883346525
2022-05-04,124004.78212337711
2022-05-05,123673.48638879595
2022-05-06,123798.35878436206
2022-05-09,122719.9520655158
2022-05-10,122225.58257200893
2022-05-11,122747.8103314921
2022-05-12,121765.22206229053
2022-05-13,121239.14507493889
2022-05-16,121743.59383352727
2022-05-17,121405.88521791117
2022-05-18,121437.29287886393
2022-05-19,122231.98436580303
2022-05-20,122280.45159013008
2022-05-23,122560.04798985159
2022-05-24,123012.90851931955
2022-05-25,122656.80821684764
2022-05-26,122541.55820126613
2022-05-27,122577.07076817544
2022-05-31,121950.54142010899
2022-06-01,122350.8690994365
2022-06-02,123045.3814438298
2022-06-03,122420.68841285756
2022-06-06,122165.19995984301
2022-06-07,122556.22088240809
2022-06-08,122503.81521380687
2022-06-09,122316.27386162558
2022-06-10,123119.88874351133
2022-06-13,121484.17838418504
2022-06-14,121030.79763677146
2022-06-15,121739.36670974884
2022-06-16,122405.43209965539
2022-06-17,121882.10158670042
2022-06-21,121638.34248450276
2022-06-22,121912.14842837921
2022-06-23,121544.18669441785
2022-06-24,121487.79748781613
2022-06-27,121424.41907944396
2022-06-28,121329.2658790042
2022-06-29,121287.47391800754
2022-06-30,120926.98433381031
2022-07-01,120881.31370018897
2022-07-05,119680.77812773142
2022-07-06,118928.02153083603
2022-07-07,118963.53586343315
2022-07-08,118986.75703567042
2022-07-11,118775.68743380686
2022-07-12,118632.25216767887
2022-07-13,118830.73000707373
2022-07-14,118272.26827874177
2022-07-15,118197.90088965712
2022-07-18,118237.41024307795
2022-07-19,118326.07709376674
2022-07-20,118014.09111796494
2022-07-21,118498.04610631883
2022-07-22,118591.31952480538
2022-07-25,118505.27745962338
2022-07-26,118472.7264333542
2022-07-27,118828.93601772768
2022-07-28,119265.96033297558
2022-07-29,119385.41240984417
2022-08-01,119619.45120025161
2022-08-02,119332.87115648435
2022-08-03,119450.83118679278
2022-08-04,120210.96724954604
2022-08-05,119704.91601999706
2022-08-08,120124.1805201667
2022-08-09,120265.30447854288
2022-08-10,120139.8933053124
2022-08-11,120008.08734155225
2022-08-12,120496.73696716879
2022-08-15,119823.02082439214
2022-08-16,119738.40785601335
2022-08-17,119427.0531677639
2022-08-18,119308.81675126254
2022-08-19,118965.81530860858
2022-08-22,118657.1099446023
2022-08-23,118964.24983598583
2022-08-24,119099.46654160193
2022-08-25,119240.01035247976
2022-08-26,118721.37846525456
2022-08-29,118756.15233929177
2022-08-30,118407.1665958893
2022-08-31,118093.062964354
2022-09-01,117774.06975964695
2022-09-02,118110.2045658562
2022-09-06,117926.98552485066
2022-09-07,118270.26975901888
2022-09-08,118063.51722121154
2022-09-09,118271.48843974872
2022-09-12,118472.42399405107
2022-09-13,117987.98667833146
2022-09-14,117853.87789631945
2022-09-15,117166.59759486569
2022-09-16,117327.33763415122
2022-09-19,117361.19129948613
2022-09-20,117199.2204717645
2022-09-21,117365.9072747284
2022-09-22,117357.00298976953
2022-09-23,116784.82168094654
2022-09-26,116409.64669655649
2022-09-27,116510.2395210732
2022-09-28,117095.08063137424
2022-09-29,117116.19234988187
2022-09-30,117129.05978839859
2022-10-03,117944.4835215777
2022-10-04,118475.94101026663
2022-10-05,118285.0168743802
2022-10-06,118248.05082602358
2022-10-07,117801.3433999597
2022-10-10,117194.59509879799
2022-10-11,117135.6800990334
2022-10-12,117324.48889012648
2022-10-13,117105.0497908545
2022-10-14,116703.81021803812
2022-10-17,116857.83072222059
2022-10-18,116930.67174758564
2022-10-19,116570.87295391108
2022-10-20,116541.13660726981
2022-10-21,117044.22640504104
2022-10-24,116967.3456267819
2022-10-25,117044.61779438128
2022-10-26,117236.25291061978
2022-10-27,117206.66089944282
2022-10-28,116934.21255903604
2022-10-31,116721.71618655992
2022-11-01,117016.70140173225
2022-11-02,116837.11382089925
2022-11-03,116746.24672582085
2022-11-04,117605.06015115563
2022-11-07,117490.35113635483
2022-11-08,118298.89995948592
2022-11-09,118118.69149594745
2022-11-10,119306.69955504856
2022-11-11,119605.5769937892
2022-11-14,119718.93698922035
2022-11-15,119894.37871057676
2022-11-16,119791.2824610832
2022-11-17,119436.229129582
2022-11-18,119102.5161106681
2022-11-21,118852.59849091468
2022-11-22,118916.60461836093
2022-11-23,119204.73897283038
2022-11-25,119264.03070274458
2022-11-28,118888.89264860656
2022-11-29,119140.43653284232
2022-11-30,119775.9656198648
2022-12-01,120704.77466483106
2022-12-02,120569.98899812144
2022-12-05,119518.6186466228
2022-12-06,119709.8883896975
2022-12-07,120199.08905544855
2022-12-08,120250.82473157009
2022-12-09,120466.13388981926
2022-12-12,119996.89536225336
2022-12-13,120990.68956217368
2022-12-14,120846.97598179153
2022-12-15,119815.9024881993
2022-12-16,120339.01270779804
2022-12-19,120189.65892945201
2022-12-20,121138.95594667169
2022-12-21,121040.07192908498
2022-12-22,120254.88450235396
2022-12-23,120444.22018602402
2022-12-27,120955.54684706347
2022-12-28,120690.76459306807
2022-12-29,121058.35800022229
2022-12-30,121368.75390683816
2023-01-03,121918.88942235662
2023-01-04,122535.40062529937
2023-01-05,121661.84930238285
2023-01-06,123001.29590965666
2023-01-09,123150.02459294409
2023-01-10,123443.05235104122
2023-01-11,123397.89785612836
2023-01-12,124305.39342326754
2023-01-13,125305.87953150712
2023-01-17,124759.72656200996
2023-01-18,124525.76560757509
2023-01-19,125862.22659393577
2023-01-20,125591.60367832237
2023-01-23,125770.0036656968
2023-01-24,126105.32682180649
2023-01-25,126531.83129324639
2023-01-26,125707.87882304277
2023-01-27,125587.60136159003
2023-01-30,125361.01764380673
2023-01-31,125696.35418433734
2023-02-01,126846.78315163148
2023-02-02,124944.50294842909
2023-02-03,122703.0362616039
2023-02-06,122905.91476161838
2023-02-07,122985.4087094808
2023-02-08,123185.34861569648
2023-02-09,122578.3926389777
2023-02-10,122733.82920857702
2023-02-13,122349.87214366691
2023-02-14,122416.20856121126
2023-02-15,121650.15786459812
2023-02-16,121588.66090899093
2023-02-17,121801.95966894925
2023-02-21,121556.64984394268
2023-02-22,121183.73914439495
2023-02-23,121162.75814279018
2023-02-24,120714.38595731914
2023-02-27,120973.42515742306
2023-02-28,121273.7752727659
2023-03-01,121653.2428886102
2023-03-02,121626.38236527488
2023-03-03,122325.71365182241
2023-03-06,121989.3161143169
2023-03-07,120791.4516235111
2023-03-08,120770.54264969379
2023-03-09,121354.66429119332
2023-03-10,122631.26702168418
2023-03-13,124076.22789977495
2023-03-14,123656.89346198188
2023-03-15,124264.35683120837
2023-03-16,124429.04224810103
2023-03-17,126763.21017788224
2023-03-20,126788.4617815904
2023-03-21,125078.74509786878
2023-03-22,126538.03250758866
2023-03-23,127633.96844851642
2023-03-24,126583.07822931648
2023-03-27,125726.43074295571
2023-03-28,126445.20111850253
2023-03-29,126024.11642159759
2023-03-30,126808.3265099166
2023-03-31,126338.3256642314
2023-04-03,127001.72398869153
2023-04-04,128720.30252794939
2023-04-05,128652.24156253778
2023-04-06,127991.84577919243
2023-04-10,127311.54461072668
2023-04-11,127900.64503349486
2023-04-12,128360.39744126619
2023-04-13,129626.4489188393
2023-04-14,127960.84529563301
2023-04-17,127554.57492849596
2023-04-18,127919.82212844027
2023-04-19,127483.86912620853
2023-04-20,127854.19428310177
2023-04-21,126945.28003118535
2023-04-24,127230.93125065904
2023-04-25,127705.61726029974
2023-04-26,127209.83788540488
2023-04-27,127221.78724558899
2023-04-28,127253.67256582843
2023-05-01,126847.4436740781
2023-05-02,128621.20965485844
2023-05-03,129419.66118713157
2023-05-04,130147.4332522476
2023-05-05,128555.07851890326
2023-05-08,128684.06118807034
2023-05-09,129402.90966086878
2023-05-10,129263.82516512816
2023-05-11,128400.7654773201
2023-05-12,128234.74968373333
2023-05-15,128454.84722159173
2023-05-16,127205.62077641158
2023-05-17,126868.06540183733
2023-05-18,125597.28544147813
2023-05-19,126524.00373525065
2023-05-22,126310.80081566733
2023-05-23,126429.85121950993
2023-05-24,125680.02609485899
2023-05-25,124820.73519300546
2023-05-26,125175.23444664993
2023-05-30,125696.69105383019
2023-05-31,125830.9274319461
2023-06-01,126528.67524745461
2023-06-02,125238.5864925982
2023-06-05,125768.64750656905
2023-06-06,125872.30546196435
2023-06-07,124831.21873567306
2023-06-08,125979.08207317845
2023-06-09,125752.17958936427
2023-06-12,125683.34362977283
2023-06-13,125049.29812516307
2023-06-14,125132.12811530959
2023-06-15,125714.61300968517
2023-06-16,125585.09017642046
2023-06-20,124680.9510087474
2023-06-21,124547.83918348668
2023-06-22,123759.59711949178
2023-06-23,123988.05737562093
2023-06-26,124135.90819247198
2023-06-27,123777.68203517796
2023-06-28,123603.13039016536
2023-06-29,123497.93759567227
2023-06-30,124010.11669953502
2023-07-03,124105.0909818038
2023-07-05,123846.74210157184
2023-07-06,123631.05689350024
2023-07-07,124207.16516339945
2023-07-10,124289.63807193158
2023-07-11,124607.76078485578
2023-07-12,125738.86948163506
2023-07-13,125807.41816980728
2023-07-14,125527.51738017984
2023-07-17,125599.29197729853
2023-07-18,126636.97883830991
2023-07-19,126659.26753473424
2023-07-20,126206.04427494855
2023-07-21,125936.08057529907
2023-07-24,125557.1606160824
2023-07-25,126064.88379496735
2023-07-26,126513.18545526273
2023-07-27,125094.10971874447
2023-07-28,125804.51755146301
2023-07-31,126043.92801158388
2023-08-01,125161.05357875393
2023-08-02,124763.88905125923
2023-08-03,124739.2849773184
2023-08-04,125035.55601508115
2023-08-07,124864.16326149018
2023-08-08,124370.7254300017
2023-08-09,124005.25601616291
2023-08-10,123950.43340269156
2023-08-11,123961.23981947926
2023-08-14,123752.33893059348
2023-08-15,123571.93316058221
2023-08-16,123190.70598111744
2023-08-17,123098.7627453174
2023-08-18,123121.96674873713
2023-08-21,123317.91070231539
2023-08-22,123440.9323497976
2023-08-23,124139.77940865426
2023-08-24,124140.48888180792
2023-08-25,124055.49072551975
2023-08-28,124278.00211627263
2023-08-29,125011.59651100358
2023-08-30,125209.19297958138
2023-08-31,125085.78739816131
2023-09-01,125134.96119114588
2023-09-05,124499.76776083349
2023-09-06,124154.11432279677
2023-09-07,124252.77540904845
2023-09-08,124288.2339151754
2023-09-11,124435.75296123239
2023-09-12,124064.58647735302
2023-09-13,123905.06854743793
2023-09-14,123953.02795302312
2023-09-15,124449.11655792687
2023-09-18,124895.4213965639
2023-09-19,124825.12363305563
2023-09-20,124892.25963777327
2023-09-21,124326.36350568144
2023-09-22,124588.27028604678
2023-09-25,124190.58262984807
2023-09-26,123583.74542088616
2023-09-27,122682.6462459598
2023-09-28,122346.87663462923
2023-09-29,121663.66782113098
2023-10-02,120994.60312725249
2023-10-03,120836.74768579933
2023-10-04,120843.35941610191
2023-10-05,120757.04407250232
2023-10-06,121036.99067372936
2023-10-09,121978.06329166271
2023-10-10,121925.83787882321
2023-10-11,122372.6733363689
2023-10-12,122182.45110975474
2023-10-13,124249.3966163813
2023-10-16,123944.61092545051
2023-10-17,124095.35700120291
2023-10-18,125204.5959251565
2023-10-19,126219.32255318682
2023-10-20,126458.4988450488
2023-10-23,126169.96688185327
2023-10-24,126168.50767130134
2023-10-25,126545.07401683481
2023-10-26,126691.97862971615
2023-10-27,127724.04718495416
2023-10-30,127216.67082359569
2023-10-31,126713.7876940956
2023-11-01,126428.04565849714
2023-11-02,126743.1637240646
2023-11-03,127088.53852492318
2023-11-06,126368.46614926321
2023-11-07,125983.34476390446
2023-11-08,125138.59629330123
2023-11-09,125478.82592180482
2023-11-10,124596.89892600974
2023-11-13,125020.05314824484
2023-11-14,125701.91748232051
2023-11-15,125512.09507680291
2023-11-16,126377.46575433566
2023-11-17,126371.05384099498
2023-11-20,126248.01578956816
2023-11-21,127131.54506663891
2023-11-22,126766.92536904814
2023-11-24,127224.34546555256
2023-11-27,127817.36979072337
2023-11-28,128990.31257587855
2023-11-29,129141.31748598855
2023-11-30,128750.49430884968
2023-12-01,130399.18383343404
2023-12-04,128316.28354695845
2023-12-05,127976.40409155376
2023-12-06,128310.6653890179
2023-12-07,128465.37203114969
2023-12-08,127287.58830551888
2023-12-11,126344.9811513578
2023-12-12,126316.34071105102
2023-12-13,128090.85997024395
2023-12-14,128561.39441811609
2023-12-15,127755.70112526735
2023-12-18,128163.85671870598
2023-12-19,128774.31566590385
2023-12-20,128297.99623969101
2023-12-21,128931.98461398928
2023-12-22,129335.42117442042
2023-12-26,130025.84032590286
2023-12-27,130467.24334357306
2023-12-28,129912.27893320388
2023-12-29,129768.74942746456
2024-01-02,129549.90628202181
2024-01-03,128759.07909343847
2024-01-04,128850.67137889468
2024-01-05,128873.08454015455
2024-01-08,128192.65624422827
2024-01-09,128229.02282950937
2024-01-10,128053.03142170556
2024-01-11,128224.79855137184
2024-01-12,129041.25007849952
2024-01-16,128261.29064884015
2024-01-17,127362.92832445727
2024-01-18,127999.83210965208
2024-01-19,128233.56354973555
2024-01-22,127960.31566433859
2024-01-23,128281.93347992291
2024-01-24,127630.00865583745
2024-01-25,127959.72077120532
2024-01-26,127918.5653219102
2024-01-29,128458.29512555897
2024-01-30,128548.85041330142
2024-01-31,128499.9471130681
2024-02-01,129336.43348002952
2024-02-02,128599.54546648715
2024-02-05,128124.88875838075
2024-02-06,128546.56768630663
2024-02-07,128535.65035943038
2024-02-08,128469.39264584497
2024-02-09,128154.29487826943
2024-02-12,127945.84146476848
2024-02-13,126808.72113194363
2024-02-14,126759.9313909431
2024-02-15,127266.23659828579
2024-02-16,127548.85100863953
2024-02-20,127996.43224305374
2024-02-21,128010.6319572261
2024-02-22,128054.73583740715
2024-02-23,128516.83474002764
2024-02-26,128358.67048181308
2024-02-27,128275.95532339162
2024-02-28,128440.32599070878
2024-02-29,128892.97035997757
2024-03-01,130539.88298593798
2024-03-04,132040.75988214556
2024-03-05,132622.42530699814
2024-03-06,133468.99805920117
2024-03-07,134061.42313281386
2024-03-08,134965.66871625502
2024-03-11,135174.19554628653
2024-03-12,133963.44989611514
2024-03-13,134738.6113407159
2024-03-14,134281.52235445264
2024-03-15,133938.2606352971
2024-03-18,134113.06231253495
2024-03-19,133997.62229728457
2024-03-20,135180.83015309734
2024-03-21,135082.36063081765
2024-03-22,134252.16148758653
2024-03-25,134597.14963865126
2024-03-26,134931.94657392675
2024-03-27,135675.3977098193
2024-03-28,137004.06234270157
2024-04-01,138044.86703620804
2024-04-02,139684.2535827706
2024-04-03,140719.01458721323
2024-04-04,140048.72028080182
2024-04-05,142056.48569784363
2024-04-08,142802.6949043935
2024-04-09,143465.91783253435
2024-04-10,142330.85011071796
2024-04-11,144654.0522760617
2024-04-12,143048.6778990972
2024-04-15,145299.93591450868
2024-04-16,145454.1244382655
2024-04-17,144521.55867391595
2024-04-18,144957.68795302842
2024-04-19,145359.22929874973
2024-04-22,142215.07076946698
2024-04-23,141913.22984574645
2024-04-24,141686.3511854946
2024-04-25,142428.0591891473
2024-04-26,142835.36805021804
2024-04-29,142585.42031153897
2024-04-30,140104.27962030927
2024-05-01,141187.24511075323
2024-05-02,140832.3225620675
2024-05-03,140744.6905593813
2024-05-06,141971.76195311223
2024-05-07,141436.80909805128
2024-05-08,141098.24069366502
2024-05-09,142941.76922328322
2024-05-10,143907.00912747253
2024-05-13,142575.58718692505
2024-05-14,143579.0115334947
2024-05-15,145111.59050325042
2024-05-16,144643.46016562794
2024-05-17,146712.2469611495
2024-05-20,147228.21350657602
2024-05-21,147031.85328790327
2024-05-22,144605.2826304197
2024-05-23,142019.48834654587
2024-05-24,142173.08738710464
2024-05-28,143440.50026468575
2024-05-29,142315.78886452172
2024-05-30,142548.47404997563
2024-05-31,141846.55589930748
2024-06-03,142919.26126294516
2024-06-04,141839.0550014267
2024-06-05,143262.23491025993
2024-06-06,144162.47602198002
2024-06-07,139811.17618333764
2024-06-10,140895.00024426077
2024-06-11,141238.93815967263
2024-06-12,141560.63895321486
2024-06-13,140591.69936464156
2024-06-14,142131.7059721871
2024-06-17,141513.24267842897
2024-06-18,141996.27124952996
2024-06-20,143497.3391619089
2024-06-21,141621.60312451576
2024-06-24,142099.0499389793
2024-06-25,141508.37369147086
2024-06-26,140411.47561385896
2024-06-27,141756.77821991785
2024-06-28,141772.49037738156
2024-07-01,142088.61447596995
2024-07-02,142087.6355641801
2024-07-03,143444.06876696573
2024-07-05,145084.21042815348
2024-07-08,143533.09564464004
2024-07-09,143750.2493189538
2024-07-10,144215.54231061373
2024-07-11,146463.9010952879
2024-07-12,146386.75357418344
2024-07-15,146805.86532646412
2024-07-16,149383.1146910892
2024-07-17,148775.08614199283
2024-07-18,147942.01278591313
2024-07-19,145608.61985668342
2024-07-22,145652.6565289708
2024-07-23,146106.38843071717
2024-07-24,145659.92133170567
2024-07-25,143661.20207038935
2024-07-26,144966.25428838618
2024-07-29,144803.41837871488
2024-07-30,146001.06341873892
2024-07-31,148190.61013001998
2024-08-01,147737.95522815984
2024-08-02,147493.96121623737
2024-08-05,145850.737925236
2024-08-06,144829.3928016112
2024-08-07,144778.67257963412
2024-08-08,146691.73610320294
2024-08-09,146999.76373072097
2024-08-12,149173.41124858338
2024-08-13,148976.8534484356
2024-08-14,147916.2478296285
2024-08-15,148326.2340856493
2024-08-16,151236.78830519642
2024-08-19,151060.6919502896
2024-08-20,151572.529596267
2024-08-21,151389.20224810322
2024-08-22,149725.70234313438
2024-08-23,151316.18959767176
2024-08-26,151762.07060685675
2024-08-27,152142.04149798644
2024-08-28,151161.67951312155
2024-08-29,151883.20284250003
2024-08-30,150890.8526237167
2024-09-03,150294.01696985774
2024-09-04,150366.38466779448
2024-09-05,151482.48248884472
2024-09-06,150488.9001656712
2024-09-09,151054.36700541657
2024-09-10,151648.79759759043
2024-09-11,151437.58541295386
2024-09-12,153805.51808855322
2024-09-13,155170.75279699062
2024-09-16,155158.85270693753
2024-09-17,154363.2721640827
2024-09-18,153259.5131506851
2024-09-19,155473.14945773943
2024-09-20,157312.1319597497
2024-09-23,157598.10574118004
2024-09-24,159648.5481266012
2024-09-25,159445.043441329
2024-09-26,160202.33235273836
2024-09-27,159019.91096548148
2024-09-30,157837.4867920744
2024-10-01,159380.33471656474
2024-10-02,159412.50036892755
2024-10-03,159311.722255656
2024-10-04,159017.5700954514
2024-10-07,158517.9860177203
2024-10-08,157432.2681062384
2024-10-09,156636.60822030972
2024-10-10,157708.1446396599
2024-10-11,159311.4307983535
2024-10-14,159071.69384753064
2024-10-15,159587.28716594892
2024-10-16,160332.50518025216
2024-10-17,161228.79510153047
2024-10-18,162826.0371048406
2024-10-21,162797.79010423663
2024-10-22,164437.328245602
2024-10-23,162590.22610428103
2024-10-24,163758.43843041002
2024-10-25,164074.6199669451
2024-10-28,164082.6281572438
2024-10-29,165752.36769934004
2024-10-30,166606.34739251903
2024-10-31,164197.25505237392
2024-11-01,163570.75416920593
2024-11-04,163790.21432566483
2024-11-05,164136.57427588783
2024-11-06,159485.62830835828
2024-11-07,161874.43062334007
2024-11-08,160855.15420889572
2024-11-11,157340.23108551026
2024-11-12,156108.8958238294
2024-11-13,154711.03836276333
2024-11-14,154344.31316120873
2024-11-15,154113.92601784854
2024-11-18,156627.52827775243
2024-11-19,157836.07793508391
2024-11-20,158604.0293338784
2024-11-21,159753.04649788045
2024-11-22,161595.51338928618
2024-11-25,157341.08811020644
2024-11-26,157615.94708866335
2024-11-27,157931.29577944297
2024-11-29,159149.01514226187
2024-12-02,157908.30912651232
2024-12-03,158214.3688716887
2024-12-04,158631.04870386407
2024-12-05,157625.05265416397
2024-12-06,157679.0650666441
2024-12-09,159027.39703767706
2024-12-10,160833.2076754086
2024-12-11,162190.00294715576
2024-12-12,160066.00206215633
2024-12-13,158340.77341336105
2024-12-16,158696.17098181695
2024-12-17,158180.53999297935
2024-12-18,155597.7838458391
2024-12-19,155789.57168391097
2024-12-20,157094.32069202285
2024-12-23,156506.96808713238
2024-12-24,156761.70076968442
2024-12-26,157614.19825237847
2024-12-27,156751.34338760911
2024-12-30,156356.28225966482
2024-12-31,157141.1825904016
2025-01-02,158856.5666665066
2025-01-03,157833.15642560367
2025-01-06,157674.84715060954
2025-01-07,158421.72699314877
2025-01-08,159130.68299369077
2025-01-10,160408.77641220682
2025-01-13,159074.28334671192
2025-01-14,159777.83130241127
2025-01-15,160784.9193910026
2025-01-16,161721.53325453945
2025-01-17,160994.39722524438
2025-01-21,163170.67673217366
2025-01-22,163905.8992540695
2025-01-23,163706.71903134286
2025-01-24,164599.57039113142
2025-01-27,163105.68478026032
2025-01-28,164341.8931680882
2025-01-29,163793.68370573042
2025-01-30,165964.3285086511
2025-01-31,166242.26128721933
2025-02-03,167050.69144993118
2025-02-04,168548.21604933613
2025-02-05,169502.65733122383
2025-02-06,169096.41249569767
2025-02-07,169373.43502052204
2025-02-10,171986.38936934952
2025-02-11,171408.07214598617
2025-02-12,171579.3185230105
2025-02-13,173180.67927773987
2025-02-14,170746.19857952214
2025-02-18,173420.15752010758
2025-02-19,173512.61962444958
2025-02-20,173599.01809623756
2025-02-21,173449.08790700653
2025-02-24,174341.4479531898
2025-02-25,172167.52887504204
2025-02-26,172417.5424568813
2025-02-27,169934.56733615464
2025-02-28,168930.19528259756
2025-03-03,170999.67469373165
2025-03-04,172361.79054780665
2025-03-05,172692.42832375865
2025-03-06,171891.9716930171
2025-03-07,171976.47427724057
2025-03-10,170601.6639273517
2025-03-11,172432.62178390034
2025-03-12,173120.75249505692
2025-03-13,175936.32049819254
2025-03-14,176003.22075878477
2025-03-17,176878.91150038835
2025-03-18,178774.3316706204
2025-03-19,179450.74955976423
2025-03-20,179267.1609497603
2025-03-21,177896.1787821951
2025-03-24,177144.62624680778
2025-03-25,177886.95453590152
2025-03-26,177748.7326115398
2025-03-27,180015.32047205797
2025-03-28,181285.97443842352
2025-03-31,183765.1106660327
2025-04-01,183420.42360761788
2025-04-02,183780.1758910922
2025-04-03,182724.99604110065
2025-04-04,178657.7323377827
2025-04-07,175120.84986766893
2025-04-08,175995.39880088367
2025-04-09,181956.10297931524
2025-04-10,186038.06697743706
2025-04-11,189306.45382172804
2025-04-14,188327.31459161305
2025-04-15,189270.29385121338
2025-04-16,195158.1643330944
2025-04-17,194339.46249802544
2025-04-21,200093.68894942402
2025-04-22,197373.5754833462
2025-04-23,192843.18719205423
2025-04-24,195529.65295765875
2025-04-25,193502.0710190019
2025-04-28,196139.92354514785
2025-04-29,194312.8007086405
2025-04-30,192923.0628485748
2025-05-01,189091.26563777705
2025-05-02,189408.56009531877
2025-05-05,194816.52230143317
2025-05-06,200042.24840657113
2025-05-07,197170.26771672902
2025-05-08,193453.9025233492
2025-05-09,194797.83087976658
2025-05-12,189544.54460195755
2025-05-13,190317.46319450912
2025-05-14,186491.7804816934
2025-05-15,189336.20741495147
2025-05-16,187150.6988142429
2025-05-19,189454.46340087702
2025-05-20,192827.37995579402
2025-05-21,194189.563393136
2025-05-22,192544.6948933722
2025-05-23,196579.77809985183
2025-05-27,193391.9246661509
2025-05-28,192974.16597832198
2025-05-29,194069.0320684048
2025-05-30,192849.42445585682
2025-06-02,197753.19960801653
2025-06-03,196077.9652231516
2025-06-04,197288.2581278562
2025-06-05,196335.92858545674
2025-06-06,193816.3085099717
2025-06-09,194692.4949982412
2025-06-10,194748.58381445077
2025-06-11,195758.42295755804
2025-06-12,198086.50029269067
2025-06-13,200572.51252161164
2025-06-16,197834.1944125244
2025-06-17,197932.81509290973
2025-06-18,196913.6665253001
2025-06-20,196836.10516346467
2025-06-23,197414.6040071007
2025-06-24,194445.43311302477
2025-06-25,195011.78515824451
2025-06-26,194806.64757636227
2025-06-27,191430.46990287837
2025-06-30,193624.86739543016
2025-07-01,195278.61595624973
2025-07-02,196312.75440673268
2025-07-03,195032.39827598885
2025-07-07,195173.52857406146
2025-07-08,193224.9495052609
2025-07-09,194052.53806341693
2025-07-10,194467.06233797106
2025-07-11,196254.47548844665
2025-07-14,195569.44320715137
2025-07-15,194793.28997619075
2025-07-16,195699.56557091093
2025-07-17,195308.2468974807
2025-07-18,195780.84909619694
2025-07-21,198568.9087818138
2025-07-22,200316.7699380584
2025-07-23,198015.48154904778
2025-07-24,196895.4506899059
2025-07-25,195211.25114634825
2025-07-28,194044.21714083402
2025-07-29,194540.31667856936
2025-07-30,191433.90561164124
2025-07-31,192644.93226157918
2025-08-01,196129.99189267962
2025-08-04,197152.80976465516
2025-08-05,197301.61791289187
2025-08-06,196917.88227803845
2025-08-07,198453.62178978787
2025-08-08,198415.1509349023
2025-08-11,195784.20563122697
2025-08-12,195622.84971423648
2025-08-13,196175.442121656
2025-08-14,195030.92016032434
2025-08-15,195138.73790919123
2025-08-18,194860.33380134703
2025-08-19,193879.6608750268
2025-08-20,195669.0551307405
2025-08-21,195071.64198420988
2025-08-22,196923.52061207232
2025-08-25,196505.83708406074
2025-08-26,197773.4601864248
2025-08-27,198131.01931265238
2025-08-28,199437.94200424774
2025-08-29,201149.3490422843
2025-09-02,205476.64404366686
2025-09-03,206965.79448120028
2025-09-04,206122.943592637
2025-09-05,208667.27327422547
2025-09-08,210888.57120737655
2025-09-09,210431.86711531822
2025-09-10,211156.62709969145
2025-09-11,210856.65237969087
2025-09-12,211255.9020454406
2025-09-15,213361.00605985505
2025-09-16,213772.29502592364
2025-09-17,212194.42000400054
2025-09-18,211382.05892865997
2025-09-19,213529.34541396998
2025-09-22,217069.04749587667
2025-09-23,217920.35349346293
2025-09-24,216029.02530441905
2025-09-25,216892.3842708645
2025-09-26,218093.30676645873
2025-09-29,221542.59038286374
2025-09-30,223358.3516032038
2025-10-01,223697.29266952554
2025-10-02,222951.24059885414
2025-10-03,224670.55033163176
2025-10-06,228734.6614019851
2025-10-07,229869.280328806
2025-10-08,233511.43433396623
2025-10-09,229371.7385587114
2025-10-10,231597.38261331696
2025-10-13,237005.69488451083
2025-10-14,238634.5948623605
2025-10-15,242614.32623846148
2025-10-16,248076.88878225352
2025-10-17,243581.5425847589
2025-10-20,252118.26850718548
2025-10-21,236501.6566485821
2025-10-22,236527.1411774169
2025-10-23,237438.7116427089
2025-10-24,236674.5413406437
2025-10-27,230340.716190397
2025-10-28,228756.75149704705
2025-10-29,227926.26043867224
2025-10-30,232225.42131371493
2025-10-31,231015.1908518032
2025-11-03,231414.3722864283
2025-11-04,227521.79981818146
2025-11-05,230048.8150114922
2025-11-06,229784.96272890587
2025-11-07,231136.54268072027
2025-11-10,237207.88403844123
2025-11-11,238107.38801412017
2025-11-12,241797.7580677161
2025-11-13,239918.46210734788
2025-11-14,235754.63737185276
2025-11-17,233158.03795307325
2025-11-18,234786.9138013276
2025-11-19,235155.96729024028
2025-11-20,235091.0383606941
2025-11-21,234742.78585271916
2025-11-24,238318.63102509518
2025-11-25,238247.6354074598
2025-11-26,240081.44033707457
2025-11-28,242952.0322769879
2025-12-01,244080.56635212406
2025-12-02,242568.9278425116
2025-12-03,242353.26968766242
2025-12-04,242505.28414609726
2025-12-05,242090.67749031927
2025-12-08,241477.15905129316
2025-12-09,242671.96236431904
2025-12-10,243667.8622502353
2025-12-11,246194.80985824775
2025-12-12,247522.22589423478
2025-12-15,247740.4984628837
2025-12-16,247796.05084826567
2025-12-17,249846.78183632408
2025-12-18,249414.06915961488
2025-12-19,249686.58918474684
2025-12-22,255239.47044341982
2025-12-23,258501.78597913973
2025-12-24,257472.3125820055
2025-12-26,260372.96772165337
2025-12-29,249439.87070308853
2025-12-30,249615.969311474
2025-12-31,248062.08002756612
2026-01-02,249250.84518581638
2026-01-05,255569.25354447926
2026-01-06,258234.8028917753
2026-01-07,255855.12229115103
2026-01-08,257218.6689403439
2026-01-09,259016.23226716832
2026-01-12,263695.07687689055
2026-01-13,263334.6938838852
2026-01-14,265933.9639368995
2026-01-15,264362.0011401276
2026-01-16,263133.6467170737
2026-01-20,272743.22929138114
2026-01-21,276584.2260137704
2026-01-22,281522.28944191034
2026-01-23,285266.8456566833
2026-01-26,289306.7736809734
2026-01-27,296179.7457003422
2026-01-28,307308.328491311
2026-01-29,308117.3565130997
2026-01-30,276997.7407392811
2026-02-02,265916.0056601968
2026-02-03,282806.1137811024
2026-02-04,282607.15204867476
2026-02-05,275088.7549463809
2026-02-06,283533.8205135271
2026-02-09,290728.93490514916
2026-02-10,287849.70319797966
2026-02-11,291102.1466444539
2026-02-12,281002.98151430825
2026-02-13,287986.642588217
2026-02-17,279019.2903475494
2026-02-18,285287.80150799407
2026-02-19,286083.84018378356
2026-02-20,291718.0480069456
2026-02-23,299591.00153146946
2026-02-24,295443.14409602614
2026-02-25,294703.1751463191
2026-02-26,297228.0191616681
2026-02-27,301127.19664650003
2026-03-02,305013.94339687546
2026-03-03,291419.85640340415
2026-03-04,293695.9362426669
2026-03-05,290169.97065955837
2026-03-06,294759.43679543555
2026-03-09,294150.0366676058
2026-03-10,297464.6523501262
2026-03-11,296457.26383706665
2026-03-12,290636.5863774496
2026-03-13,286880.51208917354
2026-03-16,286625.5844019836
2026-03-17,285904.2521819653
2026-03-18,276868.48433801817
2026-03-19,265469.60770053975
2026-03-20,257745.17134586483
2026-03-23,252199.12893494032
2026-03-24,252165.91981050753
2026-03-25,258919.4779935356
2026-03-26,250032.71998753527
2026-03-27,257857.42552061426
2026-03-30,257634.1491859746
2026-03-31,266641.42987409147
2026-04-01,270960.2154399131
2026-04-02,266318.5150961807
2026-04-06,265266.855191646
2026-04-07,267757.1191247008
2026-04-08,269385.83321719593
2026-04-09,271409.4191551218
2026-04-10,270944.08913694695
2026-04-13,269886.43616926495
2026-04-14,275709.20417914836
2026-04-15,272940.44219157204
2026-04-16,272714.43647292483
2026-04-17,276215.81803234824
2026-04-20,273919.71073487704
2026-04-21,266430.4019146041
2026-04-22,269861.21954777883
2026-04-23,267460.35493430553
2026-04-24,268722.4372044395
2026-04-27,266811.49330680823
2026-04-28,262268.67699383275
2026-04-29,259692.45277960438
2026-04-30,263132.55327493744
2026-05-01,262872.979590526
2026-05-04,258221.0811033595
2026-05-05,260223.505048068
2026-05-06,266907.9958723572
2026-05-07,267158.7704966719
2026-05-08,268331.3238115656
2026-05-11,268827.15852146305
2026-05-12,267868.8845423185
2026-05-13,266513.53479998605
2026-05-14,264677.1984977864
2026-05-15,259132.88198563433
2026-05-18,259824.20861241722
2026-05-19,256229.08905008633
2026-05-20,259170.3153037965
2026-05-21,258974.60874288925
2026-05-22,257411.74574391296
