,w_tqqq,w_spy,w_cash
2018-05-24,0.0,0.0,0.0
2018-05-25,0.5005406331428173,0.0,0.4994593668571826
2018-05-29,0.5002280362883034,0.0,0.49977196371169663
2018-05-30,0.5027376213826845,0.0,0.49726237861731554
2018-05-31,0.49982113702541353,0.0,0.5001788629745865
2018-06-01,0.5079902731517314,0.0,0.4920097268482687
2018-06-04,0.5045840698259316,0.0,0.4954159301740685
2018-06-05,0.4005551309019843,0.0,0.5994448690980156
2018-06-06,0.40318042553283906,0.0,0.596819574467161
2018-06-07,0.3940673869408359,0.0,0.6059326130591641
2018-06-08,0.5038116773710092,0.0,0.4961883226289908
2018-06-11,0.5025704764515675,0.0,0.4974295235484326
2018-06-12,0.5028996123609527,0.0,0.4971003876390473
2018-06-13,0.39883268778487535,0.0,0.6011673122151246
2018-06-14,0.5039363732157834,0.0,0.4960636267842166
2018-06-15,0.4003829060178613,0.0,0.5996170939821387
2018-06-18,0.40426218334501923,0.0,0.5957378166549808
2018-06-19,0.5075677096283515,0.0,0.49243229037164854
2018-06-20,0.5019017414395186,0.0,0.49809825856048134
2018-06-21,0.49171183445989214,0.0,0.5082881655401078
2018-06-22,0.4949756975346979,0.0,0.5050243024653022
2018-06-25,0.5899305372984985,0.0,0.4100694627015016
2018-06-26,0.7002907345080457,0.0,0.2997092654919544
2018-06-27,0.6886446268358809,0.0,0.31135537316411915
2018-06-28,0.8046139615924687,0.0,0.1953860384075313
2018-06-29,0.6979468646329251,0.0,0.3020531353670749
2018-07-02,0.709958137058242,0.0,0.290041862941758
2018-07-03,0.690302947889803,0.0,0.30969705211019716
2018-07-05,0.7034661773003466,0.0,0.2965338226996534
2018-07-06,0.6090540466486517,0.0,0.3909459533513483
2018-07-09,0.6026879882812499,0.0,0.39731201171875
2018-07-10,0.49952373816351486,0.0,0.5004762618364852
2018-07-11,0.5020646033862195,0.0,0.4979353966137805
2018-07-12,0.5089956165297064,0.0,0.49100438347029374
2018-07-13,0.40066306593730255,0.0,0.5993369340626974
2018-07-16,0.39819394461758234,0.0,0.6018060553824177
2018-07-17,0.5124980496389793,0.0,0.48750195036102073
2018-07-18,0.39854191422993795,0.0,0.6014580857700621
2018-07-19,0.3987782988605783,0.0,0.6012217011394216
2018-07-20,0.49760985842444244,0.0,0.5023901415755576
2018-07-23,0.5043774589606019,0.0,0.4956225410393982
2018-07-24,0.4954162864295271,0.0,0.5045837135704728
2018-07-25,0.5098738074327184,0.0,0.4901261925672817
2018-07-26,0.3991249470077899,0.0,0.6008750529922101
2018-07-27,0.48497458058830467,0.0,0.5150254194116954
2018-07-30,0.5893538554316211,0.0,0.41064614456837883
2018-07-31,0.7019196286212683,0.0,0.29808037137873156
2018-08-01,0.7009117383434083,0.0,0.29908826165659175
2018-08-02,0.6146179342646255,0.0,0.3853820657353744
2018-08-03,0.6008829953503194,0.0,0.3991170046496806
2018-08-06,0.6046532719930838,0.0,0.39534672800691617
2018-08-07,0.5004842332197231,0.0,0.49951576678027676
2018-08-08,0.5014889872200258,0.0,0.4985110127799742
2018-08-09,0.5,0.0,0.5
2018-08-10,0.49912675327179296,0.0,0.500873246728207
2018-08-13,0.5979927174086844,0.0,0.4020072825913156
2018-08-14,0.6017669784805544,0.0,0.3982330215194457
2018-08-15,0.5965866997883918,0.0,0.4034133002116082
2018-08-16,0.5969467734848924,0.0,0.4030532265151076
2018-08-17,0.6018919332172792,0.0,0.39810806678272087
2018-08-20,0.597784933596805,0.0,0.402215066403195
2018-08-21,0.6003669948752867,0.0,0.39963300512471334
2018-08-22,0.6043822166098934,0.0,0.3956177833901065
2018-08-23,0.6,0.0,0.4000000000000001
2018-08-24,0.604032824005129,0.0,0.39596717599487097
2018-08-27,0.5034288491901155,0.0,0.4965711508098845
2018-08-28,0.4990382680138795,0.0,0.5009617319861205
2018-08-29,0.5073122814510317,0.0,0.49268771854896826
2018-08-30,0.40009989603901525,0.0,0.5999001039609848
2018-08-31,0.4015997445426341,0.0,0.5984002554573659
2018-09-04,0.49919643726309076,0.0,0.5008035627369092
2018-09-05,0.4914040059021784,0.0,0.5085959940978216
2018-09-06,0.592927176648915,0.0,0.40707282335108497
2018-09-07,0.6025902134210218,0.0,0.3974097865789782
2018-09-10,0.5984197953528441,0.0,0.40158020464715594
2018-09-11,0.6084303303024016,0.0,0.3915696696975984
2018-09-12,0.5989004579373136,0.0,0.4010995420626864
2018-09-13,0.6029131401957153,0.0,0.39708685980428476
2018-09-14,0.5972995628720886,0.0,0.4027004371279114
2018-09-17,0.5909876464245633,0.0,0.4090123535754368
2018-09-18,0.7044660262737515,0.0,0.2955339737262484
2018-09-19,0.5993608699948265,0.0,0.4006391300051735
2018-09-20,0.6028393341433548,0.0,0.3971606658566453
2018-09-21,0.5940018952799416,0.0,0.40599810472005826
2018-09-24,0.6070613106641881,0.0,0.3929386893358119
2018-09-25,0.6014212386449175,0.0,0.39857876135508263
2018-09-26,0.5995503251493044,0.0,0.40044967485069566
2018-09-27,0.6030129468330189,0.0,0.39698705316698113
2018-09-28,0.5017632952613378,0.0,0.49823670473866233
2018-10-01,0.4967025445049771,0.0,0.503297455495023
2018-10-02,0.49922806589226976,0.0,0.5007719341077304
2018-10-03,0.49769808991594783,0.0,0.5023019100840521
2018-10-04,0.4883147000681097,0.0,0.5116852999318903
2018-10-05,0.5910543240757928,0.0,0.4089456759242073
2018-10-08,0.6991753710849891,0.0,0.300824628915011
2018-10-09,0.7013462289984983,0.0,0.29865377100150164
2018-10-10,0.6738297391123994,0.0,0.32617026088760065
2018-10-11,0.0,0.49553029299541984,0.50446970700458
2018-10-12,0.0,0.49925823490661664,0.5007417650933833
2018-10-15,0.0,0.4489651277606456,0.5510348722393544
2018-10-16,0.0,0.45337931434981565,0.5466206856501843
2018-10-17,0.0,0.4000085662153429,0.5999914337846571
2018-10-18,0.33674258101687504,0.0,0.6632574189831248
2018-10-19,0.394171299459128,0.0,0.6058287005408719
2018-10-22,0.39933038113486186,0.0,0.6006696188651381
2018-10-23,0.41057249712611427,0.0,0.5894275028738858
2018-10-24,0.3663458937626435,0.0,0.6336541062373564
2018-10-25,0.0,0.0,1.0
2018-10-26,0.0,0.39946701177383237,0.6005329882261677
2018-10-29,0.0,0.445413517800582,0.554586482199418
2018-10-30,0.0,0.0,1.0
2018-10-31,0.0,0.44998172013514215,0.5500182798648579
2018-11-01,0.4081800974901695,0.0,0.5918199025098306
2018-11-02,0.3418879544847377,0.0,0.6581120455152624
2018-11-05,0.34763253348931167,0.0,0.6523674665106883
2018-11-06,0.35535428894880805,0.0,0.644645711051192
2018-11-07,0.36212329722406805,0.0,0.637876702775932
2018-11-08,0.24900820143080907,0.0,0.750991798569191
2018-11-09,0.24553530791698183,0.0,0.7544646920830181
2018-11-12,0.2853392444486986,0.0,0.7146607555513014
2018-11-13,0.39717290633103075,0.0,0.6028270936689692
2018-11-14,0.387178042122664,0.0,0.612821957877336
2018-11-15,0.41390114874960426,0.0,0.5860988512503957
2018-11-16,0.3541261369896311,0.0,0.645873863010369
2018-11-19,0.33070228587166073,0.0,0.6692977141283394
2018-11-20,0.0,0.3988764132976932,0.6011235867023069
2018-11-21,0.0,0.44921689943646415,0.5507831005635359
2018-11-23,0.0,0.45006582848017396,0.5499341715198259
2018-11-26,0.0,0.4515970508909874,0.5484029491090125
2018-11-27,0.0,0.4018505465655799,0.5981494534344202
2018-11-28,0.36570160277857044,0.0,0.6342983972214296
2018-11-29,0.30055086308996387,0.0,0.6994491369100361
2018-11-30,0.30356322348842874,0.0,0.6964367765115712
2018-12-03,0.24725095963890054,0.0,0.7527490403610995
2018-12-04,0.18410123359401045,0.0,0.8158987664059896
2018-12-06,0.36846537953448627,0.0,0.6315346204655137
2018-12-07,0.2810133195356798,0.0,0.7189866804643201
2018-12-10,0.0,0.0,1.0
2018-12-11,0.3417526203488951,0.0,0.658247379651105
2018-12-12,0.34597640259896395,0.0,0.6540235974010361
2018-12-13,0.29598129875282275,0.0,0.7040187012471772
2018-12-14,0.2905651107149285,0.0,0.7094348892850715
2018-12-17,0.3864785471916816,0.0,0.6135214528083185
2018-12-18,0.0,0.0,1.0
2018-12-19,0.0,0.0,1.0
2018-12-20,0.0,0.0,1.0
2018-12-21,0.0,0.0,1.0
2018-12-24,0.0,0.0,1.0
2018-12-26,0.0,0.0,1.0
2018-12-27,0.0,0.0,1.0
2018-12-28,0.0,0.0,1.0
2018-12-31,0.0,0.0,1.0
2019-01-02,0.0,0.0,1.0
2019-01-03,0.3860068310856166,0.0,0.6139931689143834
2019-01-04,0.0,0.0,1.0
2019-01-07,0.35597651366029165,0.0,0.6440234863397083
2019-01-08,0.29969021716406335,0.0,0.7003097828359367
2019-01-09,0.2521370168053895,0.0,0.7478629831946105
2019-01-10,0.25617718087704433,0.0,0.7438228191229557
2019-01-11,0.20096875752903784,0.0,0.7990312424709622
2019-01-14,0.19992084121047646,0.0,0.8000791587895236
2019-01-15,0.25775066292670945,0.0,0.7422493370732905
2019-01-16,0.19903070177949156,0.0,0.8009692982205084
2019-01-17,0.20529801277041196,0.0,0.794701987229588
2019-01-18,0.1505413550030968,0.0,0.8494586449969033
2019-01-22,0.1453978536211644,0.0,0.8546021463788356
2019-01-23,0.19820787032187306,0.0,0.801792129678127
2019-01-24,0.20149184718276514,0.0,0.7985081528172349
2019-01-25,0.20180342657860662,0.0,0.7981965734213934
2019-01-28,0.20037184212560646,0.0,0.7996281578743936
2019-01-29,0.24431354569757602,0.0,0.7556864543024241
2019-01-30,0.3082909220049222,0.0,0.6917090779950779
2019-01-31,0.20413391338465456,0.0,0.7958660866153455
2019-02-01,0.20024161779241825,0.0,0.7997583822075819
2019-02-04,0.20560707500712921,0.0,0.7943929249928708
2019-02-05,0.20332702676293052,0.0,0.7966729732370694
2019-02-06,0.14873549577880904,0.0,0.8512645042211909
2019-02-07,0.1977111238048334,0.0,0.8022888761951666
2019-02-08,0.2561835558859677,0.0,0.7438164441140324
2019-02-11,0.24743999819551576,0.0,0.7525600018044842
2019-02-12,0.2539912119467448,0.0,0.7460087880532553
2019-02-13,0.19806995645523848,0.0,0.8019300435447615
2019-02-14,0.2024238383841602,0.0,0.7975761616158398
2019-02-15,0.24821393298347358,0.0,0.7517860670165265
2019-02-19,0.20247817656217654,0.0,0.7975218234378234
2019-02-20,0.19949224532541834,0.0,0.8005077546745817
2019-02-21,0.24943561789742758,0.0,0.7505643821025724
2019-02-22,0.25276146078493933,0.0,0.7472385392150607
2019-02-25,0.24764936451232988,0.0,0.7523506354876701
2019-02-26,0.25205479958254073,0.0,0.7479452004174594
2019-02-27,0.25194995865867575,0.0,0.7480500413413242
2019-02-28,0.2504784845701889,0.0,0.749521515429811
2019-03-01,0.24978409860214643,0.0,0.7502159013978535
2019-03-04,0.24680063923751472,0.0,0.7531993607624853
2019-03-05,0.25007186137396825,0.0,0.7499281386260317
2019-03-06,0.24629121931944767,0.0,0.7537087806805524
2019-03-07,0.29396371979083286,0.0,0.7060362802091671
2019-03-08,0.30614787197473103,0.0,0.6938521280252691
2019-03-11,0.31035918045850236,0.0,0.6896408195414976
2019-03-12,0.25156427268437925,0.0,0.7484357273156207
2019-03-13,0.2512162429644923,0.0,0.7487837570355078
2019-03-14,0.24882455925115174,0.0,0.7511754407488483
2019-03-15,0.2524298394234399,0.0,0.7475701605765601
2019-03-18,0.25152075238832833,0.0,0.7484792476116717
2019-03-19,0.1995469672407916,0.0,0.8004530327592084
2019-03-20,0.20186962179979126,0.0,0.7981303782002087
2019-03-21,0.20888049021124125,0.0,0.7911195097887588
2019-03-22,0.14318859165783066,0.0,0.8568114083421694
2019-03-25,0.2511560436481738,0.0,0.7488439563518261
2019-03-26,0.24824294261601199,0.0,0.7517570573839881
2019-03-27,0.24555144934083553,0.0,0.7544485506591645
2019-03-28,0.2997727712578924,0.0,0.7002272287421076
2019-03-29,0.3001112262500092,0.0,0.6998887737499908
2019-04-01,0.2518927247526766,0.0,0.7481072752473235
2019-04-02,0.20121662929535358,0.0,0.7987833707046464
2019-04-03,0.20007927533832584,0.0,0.7999207246616742
2019-04-04,0.19973579316631265,0.0,0.8002642068336874
2019-04-05,0.2008637843433833,0.0,0.7991362156566167
2019-04-08,0.202064070243153,0.0,0.797935929756847
2019-04-09,0.19986933712001162,0.0,0.8001306628799884
2019-04-10,0.2521901400100356,0.0,0.7478098599899645
2019-04-11,0.24789105577608747,0.0,0.7521089442239125
2019-04-12,0.24990999286169233,0.0,0.7500900071383078
2019-04-15,0.25015003971983063,0.0,0.7498499602801694
2019-04-16,0.24994061151719274,0.0,0.7500593884828072
2019-04-17,0.24824792977594443,0.0,0.7517520702240555
2019-04-18,0.24964870390972516,0.0,0.7503512960902748
2019-04-22,0.25398700073770347,0.0,0.7460129992622966
2019-04-23,0.25555384414980115,0.0,0.7444461558501989
2019-04-24,0.1980878507806213,0.0,0.8019121492193786
2019-04-25,0.1982728126001355,0.0,0.8017271873998645
2019-04-26,0.2011240015213175,0.0,0.7988759984786825
2019-04-29,0.2510578202580724,0.0,0.7489421797419277
2019-04-30,0.2502555842870004,0.0,0.7497444157129997
2019-05-01,0.24441618319909084,0.0,0.7555838168009091
2019-05-02,0.29735500215490795,0.0,0.7026449978450922
2019-05-03,0.3045111097722254,0.0,0.6954888902277746
2019-05-06,0.2589254336321203,0.0,0.7410745663678797
2019-05-07,0.244973153579896,0.0,0.7550268464201041
2019-05-08,0.350294038849245,0.0,0.649705961150755
2019-05-09,0.3538096858353747,0.0,0.6461903141646254
2019-05-10,0.3533812150330644,0.0,0.6466187849669357
2019-05-13,0.3432440657611394,0.0,0.6567559342388606
2019-05-14,0.4540636130146805,0.0,0.5459363869853195
2019-05-15,0.4144847987882752,0.0,0.5855152012117248
2019-05-16,0.40695570413808135,0.0,0.5930442958619186
2019-05-17,0.3498067887978664,0.0,0.6501932112021337
2019-05-20,0.3480167522545887,0.0,0.6519832477454112
2019-05-21,0.40125457077370796,0.0,0.598745429226292
2019-05-22,0.4010162941335347,0.0,0.5989837058664654
2019-05-23,0.3968335356486437,0.0,0.6031664643513563
2019-05-24,0.39556580698159516,0.0,0.6044341930184047
2019-05-28,0.3952989813018649,0.0,0.6047010186981351
2019-05-29,0.39839540500301435,0.0,0.6016045949969856
2019-05-30,0.4010489888565486,0.0,0.5989510111434515
2019-05-31,0.39691761606097753,0.0,0.6030823839390224
2019-06-03,0.0,0.44933395308805124,0.5506660469119489
2019-06-04,0.0,0.4530287539450095,0.5469712460549905
2019-06-05,0.0,0.40053507009651973,0.5994649299034803
2019-06-06,0.0,0.3512103519586613,0.6487896480413388
2019-06-07,0.0,0.35136564253601255,0.6486343574639875
2019-06-10,0.3031344393364363,0.0,0.6968655606635636
2019-06-11,0.24490821370400004,0.0,0.7550917862959999
2019-06-12,0.2484431774171243,0.0,0.7515568225828757
2019-06-13,0.25083769541617373,0.0,0.7491623045838263
2019-06-14,0.2505216479007632,0.0,0.7494783520992367
2019-06-17,0.25222436689513156,0.0,0.7477756331048685
2019-06-18,0.25144782073257477,0.0,0.7485521792674252
2019-06-19,0.20106472727582525,0.0,0.7989352727241747
2019-06-20,0.1978855758748289,0.0,0.8021144241251711
2019-06-21,0.15008054252132555,0.0,0.8499194574786745
2019-06-24,0.14927871657411257,0.0,0.8507212834258874
2019-06-25,0.19209743898463022,0.0,0.8079025610153697
2019-06-26,0.24886506867812339,0.0,0.7511349313218766
2019-06-27,0.25,0.0,0.75
2019-06-28,0.2493641786204166,0.0,0.7506358213795834
2019-07-01,0.24691500506470584,0.0,0.7530849949352941
2019-07-02,0.20211409527067462,0.0,0.7978859047293254
2019-07-03,0.20251119693259875,0.0,0.7974888030674013
2019-07-05,0.20227955231688463,0.0,0.7977204476831153
2019-07-08,0.1996046730000137,0.0,0.8003953269999863
2019-07-09,0.25564085681959103,0.0,0.744359143180409
2019-07-10,0.2520713532020862,0.0,0.7479286467979138
2019-07-11,0.1987958868639456,0.0,0.8012041131360544
2019-07-12,0.25260011835494006,0.0,0.74739988164506
2019-07-15,0.20025514044038575,0.0,0.7997448595596143
2019-07-16,0.19822992888797275,0.0,0.8017700711120272
2019-07-17,0.2471264343585824,0.0,0.7528735656414177
2019-07-18,0.25361393177343944,0.0,0.7463860682265606
2019-07-19,0.24183343361695367,0.0,0.7581665663830464
2019-07-22,0.30331305904760575,0.0,0.6966869409523943
2019-07-23,0.2504930045403005,0.0,0.7495069954596996
2019-07-24,0.2560587969568094,0.0,0.7439412030431907
2019-07-25,0.24649547219036286,0.0,0.7535045278096372
2019-07-26,0.3023255711882312,0.0,0.6976744288117689
2019-07-29,0.24854994381208978,0.0,0.7514500561879103
2019-07-30,0.25184776110442325,0.0,0.7481522388955767
2019-07-31,0.2894075075662567,0.0,0.7105924924337432
2019-08-01,0.34555501702801866,0.0,0.6544449829719814
2019-08-02,0.34462844371749507,0.0,0.6553715562825049
2019-08-05,0.38860360060997057,0.0,0.6113963993900295
2019-08-06,0.0,0.0,1.0
2019-08-07,0.0,0.45308935923280724,0.5469106407671929
2019-08-08,0.0,0.40329647694559473,0.5967035230544053
2019-08-09,0.0,0.34925268589319197,0.650747314106808
2019-08-12,0.0,0.34851374481991615,0.6514862551800839
2019-08-13,0.41580847352815326,0.0,0.5841915264718468
2019-08-14,0.34008169793984805,0.0,0.6599183020601519
2019-08-15,0.3977561279025022,0.0,0.6022438720974977
2019-08-16,0.40490250939189787,0.0,0.5950974906081021
2019-08-19,0.35096082938127005,0.0,0.64903917061873
2019-08-20,0.2967361936775079,0.0,0.7032638063224922
2019-08-21,0.34988995844246806,0.0,0.6501100415575319
2019-08-22,0.2967521619270381,0.0,0.7032478380729619
2019-08-23,0.2844708801576207,0.0,0.7155291198423794
2019-08-26,0.4022872953344898,0.0,0.5977127046655101
2019-08-27,0.343954410000519,0.0,0.656045589999481
2019-08-28,0.35458828782827084,0.0,0.6454117121717291
2019-08-29,0.3017335315036188,0.0,0.6982664684963812
2019-08-30,0.2456446806721904,0.0,0.7543553193278096
2019-09-03,0.2980108878693293,0.0,0.7019891121306707
2019-09-04,0.30284036441690515,0.0,0.6971596355830948
2019-09-05,0.25401195891962447,0.0,0.7459880410803755
2019-09-06,0.198888210118335,0.0,0.8011117898816651
2019-09-09,0.24716106743331132,0.0,0.7528389325666888
2019-09-10,0.25154590277115507,0.0,0.7484540972288449
2019-09-11,0.25415333684702435,0.0,0.7458466631529758
2019-09-12,0.1990347055066301,0.0,0.8009652944933698
2019-09-13,0.19897586396943398,0.0,0.801024136030566
2019-09-16,0.25114100518276505,0.0,0.748858994817235
2019-09-17,0.25252604253351185,0.0,0.7474739574664881
2019-09-18,0.2509527711791983,0.0,0.7490472288208018
2019-09-19,0.24985692155982706,0.0,0.7501430784401729
2019-09-20,0.24326811298562437,0.0,0.7567318870143757
2019-09-23,0.3006630906358534,0.0,0.6993369093641466
2019-09-24,0.2887931124307829,0.0,0.7112068875692171
2019-09-25,0.3579881653410615,0.0,0.6420118346589385
2019-09-26,0.2985239191080154,0.0,0.7014760808919847
2019-09-27,0.29143606007314277,0.0,0.7085639399268573
2019-09-30,0.35384389223364504,0.0,0.6461561077663549
2019-10-01,0.34194323841729163,0.0,0.6580567615827083
2019-10-02,0.342699766590646,0.0,0.657300233409354
2019-10-03,0.40797396626872345,0.0,0.5920260337312766
2019-10-04,0.3564505799296981,0.0,0.6435494200703019
2019-10-07,0.29996548550520974,0.0,0.7000345144947904
2019-10-08,0.3439943235673021,0.0,0.6560056764326979
2019-10-09,0.35091482445395217,0.0,0.6490851755460478
2019-10-10,0.354904248346238,0.0,0.645095751653762
2019-10-11,0.30073001066488947,0.0,0.6992699893351105
2019-10-14,0.2507699547597025,0.0,0.7492300452402976
2019-10-15,0.25534551144190476,0.0,0.7446544885580952
2019-10-16,0.25060323762289355,0.0,0.7493967623771065
2019-10-17,0.24807952911499276,0.0,0.7519204708850071
2019-10-18,0.24531339561202345,0.0,0.7546866043879765
2019-10-21,0.2518694679245498,0.0,0.7481305320754501
2019-10-22,0.2437319644554388,0.0,0.7562680355445612
2019-10-23,0.25220079035979315,0.0,0.7477992096402069
2019-10-24,0.2512503641321565,0.0,0.7487496358678435
2019-10-25,0.25719594625091746,0.0,0.7428040537490825
2019-10-28,0.20238612057761673,0.0,0.7976138794223833
2019-10-29,0.19706764204065771,0.0,0.8029323579593423
2019-10-30,0.2516354079883666,0.0,0.7483645920116334
2019-10-31,0.19889773345631648,0.0,0.8011022665436835
2019-11-01,0.25255500115347895,0.0,0.747444998846521
2019-11-04,0.1996252245003133,0.0,0.8003747754996866
2019-11-05,0.1994719663959998,0.0,0.8005280336040002
2019-11-06,0.1993803108766733,0.0,0.8006196891233267
2019-11-07,0.24894847647568566,0.0,0.7510515235243144
2019-11-08,0.20284188106733697,0.0,0.797158118932663
2019-11-11,0.20171602735789315,0.0,0.7982839726421067
2019-11-12,0.2510950400436371,0.0,0.748904959956363
2019-11-13,0.25155859614257214,0.0,0.7484414038574279
2019-11-14,0.2516104772785694,0.0,0.7483895227214307
2019-11-15,0.2502495469999413,0.0,0.7497504530000587
2019-11-18,0.2512212089105588,0.0,0.7487787910894411
2019-11-19,0.24862440010850875,0.0,0.7513755998914913
2019-11-20,0.248079042385737,0.0,0.7519209576142629
2019-11-21,0.24919181111308567,0.0,0.7508081888869144
2019-11-22,0.29898457891206665,0.0,0.7010154210879334
2019-11-25,0.30458240711586854,0.0,0.6954175928841315
2019-11-26,0.2507793212103525,0.0,0.7492206787896475
2019-11-27,0.25242687857251295,0.0,0.747573121427487
2019-11-29,0.2488715276081651,0.0,0.7511284723918349
2019-12-02,0.24392141589852484,0.0,0.7560785841014751
2019-12-03,0.3036119709525578,0.0,0.6963880290474422
2019-12-04,0.29985938211376534,0.0,0.7001406178862347
2019-12-05,0.29891239560683525,0.0,0.7010876043931648
2019-12-06,0.3018300960695792,0.0,0.6981699039304208
2019-12-09,0.24831801565014103,0.0,0.751681984349859
2019-12-10,0.2993951789005847,0.0,0.7006048210994154
2019-12-11,0.301911813763789,0.0,0.6980881862362109
2019-12-12,0.3054569427962639,0.0,0.6945430572037361
2019-12-13,0.2521310890603072,0.0,0.7478689109396929
2019-12-16,0.2516773460505337,0.0,0.7483226539494662
2019-12-17,0.24929539604180617,0.0,0.7507046039581937
2019-12-18,0.24954599445358727,0.0,0.7504540055464127
2019-12-19,0.25331966868244926,0.0,0.7466803313175507
2019-12-20,0.19981221715571695,0.0,0.8001877828442829
2019-12-23,0.19951610922451934,0.0,0.8004838907754808
2019-12-24,0.19979517621373327,0.0,0.8002048237862668
2019-12-26,0.20339960975011176,0.0,0.7966003902498882
2019-12-27,0.19783709890974857,0.0,0.8021629010902513
2019-12-30,0.19694264129918362,0.0,0.8030573587008164
2019-12-31,0.2527376258332069,0.0,0.747262374166793
2020-01-02,0.25447516029006184,0.0,0.7455248397099381
2020-01-03,0.2019747250524269,0.0,0.798025274947573
2020-01-06,0.2581264830119781,0.0,0.7418735169880218
2020-01-07,0.3994670301215542,0.0,0.6005329698784457
2020-01-08,0.25424853489019167,0.0,0.7457514651098083
2020-01-09,0.4002545839937394,0.0,0.5997454160062605
2020-01-10,0.3953601338958839,0.0,0.6046398661041161
2020-01-13,0.4052736174458997,0.0,0.5947263825541004
2020-01-14,0.3978052004391349,0.0,0.6021947995608651
2020-01-15,0.39994988937967446,0.0,0.6000501106203256
2020-01-16,0.4032446375916499,0.0,0.5967553624083501
2020-01-17,0.4004569838044375,0.0,0.5995430161955625
2020-01-21,0.40198071548760494,0.0,0.5980192845123949
2020-01-22,0.3983357989490495,0.0,0.6016642010509504
2020-01-23,0.40269095015825634,0.0,0.5973090498417437
2020-01-24,0.3903546892441856,0.0,0.6096453107558144
2020-01-27,0.5012704795848012,0.0,0.49872952041519875
2020-01-28,0.6059451626964139,0.0,0.39405483730358626
2020-01-29,0.4968113870847632,0.0,0.5031886129152369
2020-01-30,0.5074196332843183,0.0,0.4925803667156817
2020-01-31,0.4843782305890179,0.0,0.5156217694109821
2020-02-03,0.6070159535106909,0.0,0.39298404648930907
2020-02-04,0.6060939519093131,0.0,0.39390604809068686
2020-02-05,0.39392585686723897,0.0,0.6060741431327611
2020-02-06,0.4042731607426239,0.0,0.5957268392573761
2020-02-07,0.400089707920031,0.0,0.5999102920799689
2020-02-10,0.4108949279709249,0.0,0.589105072029075
2020-02-11,0.3962715662342679,0.0,0.603728433765732
2020-02-12,0.4027932067996581,0.0,0.597206793200342
2020-02-13,0.40422091433762486,0.0,0.5957790856623751
2020-02-14,0.40067163331251904,0.0,0.599328366687481
2020-02-18,0.4038434458526726,0.0,0.5961565541473274
2020-02-19,0.4025573267943352,0.0,0.5974426732056648
2020-02-20,0.3946327071944966,0.0,0.6053672928055034
2020-02-21,0.38937097559939765,0.0,0.6106290244006024
2020-02-24,0.5984987527705671,0.0,0.401501247229433
2020-02-25,0.7822277610975673,0.0,0.2177722389024326
2020-02-26,0.44963938826162475,0.0,0.5503606117383751
2020-02-27,0.42979692633647404,0.0,0.570203073663526
2020-02-28,0.0,0.0,1.0
2020-03-02,0.0,0.0,1.0
2020-03-03,0.0,0.44249392482968475,0.5575060751703154
2020-03-04,0.0,0.0,1.0
2020-03-05,0.0,0.39801032765785954,0.6019896723421405
2020-03-06,0.0,0.0,1.0
2020-03-09,0.0,0.0,1.0
2020-03-10,0.0,0.0,1.0
2020-03-11,0.0,0.0,1.0
2020-03-12,0.0,0.0,1.0
2020-03-13,0.0,0.0,1.0
2020-03-16,0.0,0.0,1.0
2020-03-17,0.0,0.0,1.0
2020-03-18,0.0,0.0,1.0
2020-03-19,0.0,0.0,1.0
2020-03-20,0.0,0.0,1.0
2020-03-23,0.0,0.0,1.0
2020-03-24,0.0,0.0,1.0
2020-03-25,0.0,0.0,1.0
2020-03-26,0.0,0.0,1.0
2020-03-27,0.0,0.0,1.0
2020-03-30,0.0,0.0,1.0
2020-03-31,0.0,0.0,1.0
2020-04-01,0.3895267489228367,0.0,0.6104732510771632
2020-04-02,0.0,0.0,1.0
2020-04-03,0.39201551176274135,0.0,0.6079844882372586
2020-04-06,0.42061246400918445,0.0,0.5793875359908155
2020-04-07,0.18631731980931565,0.0,0.8136826801906843
2020-04-08,0.15428555875431127,0.0,0.8457144412456886
2020-04-09,0.09796788416467105,0.0,0.9020321158353289
2020-04-13,0.10426304389598162,0.0,0.8957369561040183
2020-04-14,0.05304350764770729,0.0,0.9469564923522927
2020-04-15,0.050685763867891996,0.0,0.949314236132108
2020-04-16,0.050959300833839594,0.0,0.9490406991661604
2020-04-17,0.04933972532114399,0.0,0.950660274678856
2020-04-20,0.049548026682096645,0.0,0.9504519733179034
2020-04-21,0.04601873476489667,0.0,0.9539812652351033
2020-04-22,0.2038613301344432,0.0,0.7961386698655568
2020-04-23,0.14771528710370826,0.0,0.8522847128962917
2020-04-24,0.15518720497538752,0.0,0.8448127950246126
2020-04-27,0.09891354893997477,0.0,0.9010864510600252
2020-04-28,0.09276552673530279,0.0,0.9072344732646972
2020-04-29,0.2053568651392718,0.0,0.7946431348607281
2020-04-30,0.09918118117177954,0.0,0.9008188188282205
2020-05-01,0.14645225982293053,0.0,0.8535477401770695
2020-05-04,0.2595019113835763,0.0,0.7404980886164237
2020-05-05,0.2503320407875345,0.0,0.7496679592124654
2020-05-06,0.19919390017453048,0.0,0.8008060998254695
2020-05-07,0.2001336211296397,0.0,0.7998663788703603
2020-05-08,0.20268841501324353,0.0,0.7973115849867565
2020-05-11,0.15548298148627834,0.0,0.8445170185137216
2020-05-12,0.14105239009444392,0.0,0.8589476099055561
2020-05-13,0.1928166443820977,0.0,0.8071833556179023
2020-05-14,0.2598448110698534,0.0,0.7401551889301466
2020-05-15,0.26123575466489685,0.0,0.7387642453351032
2020-05-18,0.20233003722510326,0.0,0.7976699627748967
2020-05-19,0.14858059983885935,0.0,0.8514194001611406
2020-05-20,0.20359943883371054,0.0,0.7964005611662895
2020-05-21,0.14569377324524038,0.0,0.8543062267547596
2020-05-22,0.20230860599941095,0.0,0.7976913940005891
2020-05-26,0.19190444224912812,0.0,0.8080955577508719
2020-05-27,0.2038528169970249,0.0,0.7961471830029752
2020-05-28,0.20180761006020206,0.0,0.798192389939798
2020-05-29,0.20542028784249647,0.0,0.7945797121575036
2020-06-01,0.2033589853051336,0.0,0.7966410146948664
2020-06-02,0.20231049902566367,0.0,0.7976895009743363
2020-06-03,0.20087194696174962,0.0,0.7991280530382504
2020-06-04,0.1974498530376787,0.0,0.8025501469623214
2020-06-05,0.20736348762501272,0.0,0.7926365123749873
2020-06-08,0.1532606927174905,0.0,0.8467393072825096
2020-06-09,0.15425709942525737,0.0,0.8457429005747427
2020-06-10,0.30298534390071225,0.0,0.6970146560992877
2020-06-11,0.0905895947557677,0.0,0.9094104052442323
2020-06-12,0.0,0.0,1.0
2020-06-15,0.0,0.0,1.0
2020-06-16,0.248067634685177,0.0,0.7519323653148231
2020-06-17,0.19857024940285023,0.0,0.8014297505971498
2020-06-18,0.20190635766481338,0.0,0.7980936423351866
2020-06-19,0.1949356529141737,0.0,0.8050643470858264
2020-06-22,0.20566715729366783,0.0,0.7943328427063322
2020-06-23,0.20069176366318692,0.0,0.7993082363368131
2020-06-24,0.19186140984888245,0.0,0.8081385901511177
2020-06-25,0.25495848079379596,0.0,0.745041519206204
2020-06-26,0.23700801225876436,0.0,0.7629919877412357
2020-06-29,0.30729125598621093,0.0,0.692708744013789
2020-06-30,0.31191772039323123,0.0,0.6880822796067687
2020-07-01,0.5082412029630575,0.0,0.4917587970369426
2020-07-02,0.3976898642998844,0.0,0.6023101357001157
2020-07-06,0.4079019847203293,0.0,0.5920980152796708
2020-07-07,0.2964680096601957,0.0,0.7035319903398043
2020-07-08,0.3046282495565665,0.0,0.6953717504434335
2020-07-09,0.3005272742081523,0.0,0.6994727257918477
2020-07-10,0.20376662592033357,0.0,0.7962333740796664
2020-07-13,0.18504297887930693,0.0,0.814957021120693
2020-07-14,0.4122585009048522,0.0,0.5877414990951477
2020-07-15,0.3976927142896997,0.0,0.6023072857103002
2020-07-16,0.40277878017443397,0.0,0.5972212198255661
2020-07-17,0.4992856979370117,0.0,0.5007143020629883
2020-07-20,0.5182780949451677,0.0,0.4817219050548322
2020-07-21,0.2894618088290399,0.0,0.7105381911709601
2020-07-22,0.4013576686876444,0.0,0.5986423313123557
2020-07-23,0.38164428175680526,0.0,0.6183557182431947
2020-07-24,0.6040462946954008,0.0,0.39595370530459917
2020-07-27,0.706452695388523,0.0,0.29354730461147704
2020-07-28,0.5927629991893147,0.0,0.40723700081068526
2020-07-29,0.7033507855902169,0.0,0.2966492144097831
2020-07-30,0.6094044120561593,0.0,0.39059558794384075
2020-07-31,0.600120642567412,0.0,0.3998793574325879
2020-08-03,0.5032103417979886,0.0,0.4967896582020115
2020-08-04,0.4040976794015233,0.0,0.5959023205984767
2020-08-05,0.4005512190034024,0.0,0.5994487809965977
2020-08-06,0.4096802849297738,0.0,0.5903197150702262
2020-08-07,0.29411492656503585,0.0,0.7058850734349641
2020-08-10,0.39622373375749503,0.0,0.603776266242505
2020-08-11,0.488851198682592,0.0,0.511148801317408
2020-08-12,0.6113794335258753,0.0,0.3886205664741247
2020-08-13,0.49964840944055156,0.0,0.5003515905594486
2020-08-14,0.4977945960575278,0.0,0.5022054039424723
2020-08-17,0.5035740422224183,0.0,0.49642595777758164
2020-08-18,0.4038957120554094,0.0,0.5961042879445906
2020-08-19,0.3953084072345745,0.0,0.6046915927654254
2020-08-20,0.41192660633771794,0.0,0.588073393662282
2020-08-21,0.4045690135945229,0.0,0.595430986405477
2020-08-24,0.29672435817312637,0.0,0.7032756418268736
2020-08-25,0.306511019844776,0.0,0.6934889801552239
2020-08-26,0.3103400360898133,0.0,0.6896599639101867
2020-08-27,0.1966870516548355,0.0,0.8033129483451645
2020-08-28,0.3005603167487992,0.0,0.699439683251201
2020-08-31,0.3037155180183168,0.0,0.6962844819816832
2020-09-01,0.20366682568943523,0.0,0.7963331743105647
2020-09-02,0.1991328683045565,0.0,0.8008671316954434
2020-09-03,0.08962567466890795,0.0,0.9103743253310921
2020-09-04,0.4934847651078463,0.0,0.5065152348921537
2020-09-08,0.29435826423544764,0.0,0.7056417357645524
2020-09-09,0.0,0.45163754848742593,0.5483624515125741
2020-09-10,0.0,0.7962179149081797,0.2037820850918203
2020-09-11,0.0,0.44869980296219114,0.5513001970378089
2020-09-14,0.0,0.4507104364667217,0.5492895635332784
2020-09-15,0.0,0.399330881012399,0.6006691189876009
2020-09-16,0.33702937696635765,0.0,0.6629706230336424
2020-09-17,0.40798047892353284,0.0,0.5920195210764672
2020-09-18,0.4368400495385114,0.0,0.5631599504614886
2020-09-21,0.4643671657881826,0.0,0.5356328342118174
2020-09-22,0.4562584241814922,0.0,0.5437415758185079
2020-09-23,0.37777368892643326,0.0,0.6222263110735667
2020-09-24,0.0,0.5017682085052271,0.498231791494773
2020-09-25,0.0,0.454678477793444,0.5453215222065559
2020-09-28,0.0,0.4006978258668143,0.5993021741331858
2020-09-29,0.0,0.298992469692185,0.701007530307815
2020-09-30,0.0,0.3011330031566114,0.6988669968433886
2020-10-01,0.3007066024095332,0.0,0.6992933975904668
2020-10-02,0.19700413115328924,0.0,0.8029958688467107
2020-10-05,0.30838210907214664,0.0,0.6916178909278534
2020-10-06,0.2415353823897257,0.0,0.7584646176102744
2020-10-07,0.3047429489923824,0.0,0.6952570510076177
2020-10-08,0.2481265144335889,0.0,0.7518734855664111
2020-10-09,0.25482194914528655,0.0,0.7451780508547136
2020-10-12,0.20626855384130224,0.0,0.7937314461586978
2020-10-13,0.09832513421871612,0.0,0.9016748657812839
2020-10-14,0.09698918912836899,0.0,0.903010810871631
2020-10-15,0.15385150460942945,0.0,0.8461484953905706
2020-10-16,0.1946658069874024,0.0,0.8053341930125977
2020-10-19,0.18887748041548302,0.0,0.8111225195845171
2020-10-20,0.24973008400818622,0.0,0.7502699159918137
2020-10-21,0.24909572128650959,0.0,0.7509042787134904
2020-10-22,0.298176376651881,0.0,0.7018236233481189
2020-10-23,0.2998342615524999,0.0,0.7001657384475002
2020-10-26,0.295610851079292,0.0,0.7043891489207079
2020-10-27,0.35306913792683686,0.0,0.6469308620731631
2020-10-28,0.28457712196354484,0.0,0.7154228780364552
2020-10-29,0.0,0.45231448818089987,0.5476855118191001
2020-10-30,0.0,0.39872521962969343,0.6012747803703066
2020-11-02,0.0,0.45,0.55
2020-11-03,0.0,0.45173013055464983,0.5482698694453503
2020-11-04,0.0,0.4018810920782781,0.5981189079217221
2020-11-05,0.30172166113674703,0.0,0.6982783388632531
2020-11-06,0.20163008611925254,0.0,0.7983699138807474
2020-11-09,0.18585923076373706,0.0,0.814140769236263
2020-11-10,0.246359298402611,0.0,0.753640701597389
2020-11-11,0.30820710457879646,0.0,0.6917928954212035
2020-11-12,0.24554670297254177,0.0,0.7544532970274583
2020-11-13,0.25176935967479047,0.0,0.7482306403252096
2020-11-16,0.2548006740963482,0.0,0.7451993259036518
2020-11-17,0.1981786559122467,0.0,0.8018213440877533
2020-11-18,0.1971896724247306,0.0,0.8028103275752693
2020-11-19,0.2556641488609712,0.0,0.7443358511390287
2020-11-20,0.2464384560885361,0.0,0.7535615439114638
2020-11-23,0.24804042361917555,0.0,0.7519595763808244
2020-11-24,0.25558995356541303,0.0,0.7444100464345869
2020-11-25,0.2013791081073082,0.0,0.7986208918926918
2020-11-27,0.20119790978194108,0.0,0.7988020902180588
2020-11-30,0.20030422415847504,0.0,0.799695775841525
2020-12-01,0.20240575065999214,0.0,0.7975942493400079
2020-12-02,0.20263477329270774,0.0,0.7973652267072924
2020-12-03,0.2002612776098599,0.0,0.7997387223901402
2020-12-04,0.20191808593801844,0.0,0.7980819140619816
2020-12-07,0.20240371376284366,0.0,0.7975962862371565
2020-12-08,0.20220083626539873,0.0,0.7977991637346012
2020-12-09,0.18927143856927653,0.0,0.8107285614307236
2020-12-10,0.25639246003472893,0.0,0.743607539965271
2020-12-11,0.2519328495055807,0.0,0.7480671504944194
2020-12-14,0.2517305247878207,0.0,0.7482694752121792
2020-12-15,0.25142095777945506,0.0,0.7485790422205449
2020-12-16,0.2521240281883299,0.0,0.7478759718116701
2020-12-17,0.400818701846847,0.0,0.5991812981531529
2020-12-18,0.3956021570686088,0.0,0.6043978429313912
2020-12-21,0.2545171953684872,0.0,0.7454828046315128
2020-12-22,0.24973250588952894,0.0,0.7502674941104711
2020-12-23,0.24717217572775552,0.0,0.7528278242722446
2020-12-24,0.2518820742833532,0.0,0.7481179257166469
2020-12-28,0.5010165655498321,0.0,0.49898343445016785
2020-12-29,0.49733990143639223,0.0,0.5026600985636077
2020-12-30,0.497161286545881,0.0,0.502838713454119
2020-12-31,0.5021128493776714,0.0,0.49788715062232863
2021-01-04,0.4857095025553025,0.0,0.5142904974446976
2021-01-05,0.30715448013583296,0.0,0.6928455198641671
2021-01-06,0.25103594477006075,0.0,0.7489640552299393
2021-01-07,0.30922892269629826,0.0,0.6907710773037017
2021-01-08,0.5039328388589583,0.0,0.49606716114104177
2021-01-11,0.39615757104310306,0.0,0.6038424289568969
2021-01-12,0.24892775352146845,0.0,0.7510722464785315
2021-01-13,0.3034869750458406,0.0,0.6965130249541593
2021-01-14,0.49494948571743835,0.0,0.5050505142825616
2021-01-15,0.29529183570704975,0.0,0.7047081642929502
2021-01-19,0.3041532223767099,0.0,0.6958467776232901
2021-01-20,0.5080196060572147,0.0,0.4919803939427852
2021-01-21,0.4028354206775662,0.0,0.5971645793224338
2021-01-22,0.4002627900850651,0.0,0.599737209914935
2021-01-25,0.3989573170658947,0.0,0.6010426829341051
2021-01-26,0.39930501223530995,0.0,0.60069498776469
2021-01-27,0.38498603025669464,0.0,0.6150139697433054
2021-01-28,0.6014712704121219,0.0,0.39852872958787816
2021-01-29,0.4880509245305671,0.0,0.5119490754694329
2021-02-01,0.707805390100473,0.0,0.292194609899527
2021-02-02,0.5047840967575622,0.0,0.49521590324243786
2021-02-03,0.49198357916233293,0.0,0.5080164208376671
2021-02-04,0.5052606016216857,0.0,0.49473939837831443
2021-02-05,0.400228064091438,0.0,0.5997719359085619
2021-02-08,0.40089619460870446,0.0,0.5991038053912955
2021-02-09,0.40186494594674166,0.0,0.5981350540532584
2021-02-10,0.39503930954149513,0.0,0.6049606904585049
2021-02-11,0.5002541075192948,0.0,0.4997458924807053
2021-02-12,0.40559156935614993,0.0,0.59440843064385
2021-02-16,0.3961470159934534,0.0,0.6038529840065465
2021-02-17,0.503366046754884,0.0,0.49663395324511606
2021-02-18,0.505136017868196,0.0,0.4948639821318041
2021-02-19,0.4933634573402615,0.0,0.5066365426597385
2021-02-22,0.5906185006933213,0.0,0.4093814993066785
2021-02-23,0.35991029565289934,0.0,0.6400897043471006
2021-02-24,0.36176330547746155,0.0,0.6382366945225384
2021-02-25,0.682029792693686,0.0,0.31797020730631387
2021-02-26,0.44677761776332336,0.0,0.5532223822366766
2021-03-01,0.40921363324904547,0.0,0.5907863667509545
2021-03-02,0.3376652488190771,0.0,0.6623347511809228
2021-03-03,0.3809480618961875,0.0,0.6190519381038125
2021-03-04,0.0,0.44704974006767983,0.5529502599323203
2021-03-05,0.0,0.5020743717644044,0.49792562823559555
2021-03-08,0.0,0.4481017992017935,0.5518982007982064
2021-03-09,0.0,0.5008537989255565,0.49914620107444363
2021-03-10,0.0,0.3999322364175214,0.6000677635824786
2021-03-11,0.40470777634162824,0.0,0.5952922236583719
2021-03-12,0.35350428914226073,0.0,0.6464957108577394
2021-03-15,0.35644210327814124,0.0,0.6435578967218587
2021-03-16,0.29889584459425583,0.0,0.7011041554057442
2021-03-17,0.30897139566270304,0.0,0.691028604337297
2021-03-18,0.24106487238264296,0.0,0.758935127617357
2021-03-19,0.3532659211823597,0.0,0.6467340788176402
2021-03-22,0.3571356442644483,0.0,0.6428643557355517
2021-03-23,0.245594861091771,0.0,0.7544051389082289
2021-03-24,0.28653591058807965,0.0,0.7134640894119203
2021-03-25,0.3529181265063938,0.0,0.6470818734936062
2021-03-26,0.36038468974152726,0.0,0.6396153102584727
2021-03-29,0.30085570844665566,0.0,0.6991442915533442
2021-03-30,0.30094065346077226,0.0,0.6990593465392277
2021-03-31,0.3057935268110696,0.0,0.6942064731889305
2021-04-01,0.25248802486159794,0.0,0.7475119751384021
2021-04-05,0.20558140275451842,0.0,0.7944185972454816
2021-04-06,0.30012428226360605,0.0,0.699875717736394
2021-04-07,0.4026959369515475,0.0,0.5973040630484526
2021-04-08,0.40100480119886667,0.0,0.5989951988011334
2021-04-09,0.3065003097463793,0.0,0.6934996902536207
2021-04-12,0.3010848545237908,0.0,0.6989151454762091
2021-04-13,0.3041029639847141,0.0,0.695897036015286
2021-04-14,0.29202496968739616,0.0,0.7079750303126038
2021-04-15,0.40429200295147116,0.0,0.5957079970485287
2021-04-16,0.2998122874383753,0.0,0.7001877125616247
2021-04-19,0.2973399080743247,0.0,0.7026600919256754
2021-04-20,0.39626751793719794,0.0,0.6037324820628022
2021-04-21,0.5095062355786106,0.0,0.49049376442138926
2021-04-22,0.3920105934203802,0.0,0.6079894065796199
2021-04-23,0.5077753896006926,0.0,0.4922246103993073
2021-04-26,0.5043304849060941,0.0,0.49566951509390594
2021-04-27,0.4961352459916712,0.0,0.503864754008329
2021-04-28,0.4982570357124748,0.0,0.5017429642875253
2021-04-29,0.5953552321572518,0.0,0.40464476784274817
2021-04-30,0.50086067164155,0.0,0.49913932835844993
2021-05-03,0.5935876823069537,0.0,0.40641231769304637
2021-05-04,0.592604267404378,0.0,0.4073957325956219
2021-05-05,0.34349218434603385,0.0,0.6565078156539661
2021-05-06,0.405888825824662,0.0,0.5941111741753381
2021-05-07,0.6996562419753465,0.0,0.30034375802465346
2021-05-10,0.3352674452874025,0.0,0.6647325547125975
2021-05-11,0.4127827847118013,0.0,0.5872172152881987
2021-05-12,0.3926061125408354,0.0,0.6073938874591647
2021-05-13,0.0,0.4519447850158707,0.5480552149841292
2021-05-14,0.0,0.45201114183228697,0.5479888581677129
2021-05-17,0.0,0.3500711763142216,0.6499288236857784
2021-05-18,0.0,0.3977637101247291,0.6022362898752708
2021-05-19,0.0,0.4023148164403874,0.5976851835596126
2021-05-20,0.4100344936036614,0.0,0.5899655063963386
2021-05-21,0.29341972321157245,0.0,0.7065802767884277
2021-05-24,0.3562416049193333,0.0,0.6437583950806667
2021-05-25,0.2979913259645219,0.0,0.7020086740354783
2021-05-26,0.2508051181495156,0.0,0.7491948818504844
2021-05-27,0.24858700987287055,0.0,0.7514129901271295
2021-05-28,0.24965322114814067,0.0,0.7503467788518594
2021-06-01,0.24589727057177155,0.0,0.7541027294282285
2021-06-02,0.25031253364403705,0.0,0.749687466355963
2021-06-03,0.24890534084691815,0.0,0.7510946591530819
2021-06-04,0.30692184078393675,0.0,0.6930781592160631
2021-06-07,0.2526554129652554,0.0,0.7473445870347446
2021-06-08,0.4963137873363948,0.0,0.5036862126636051
2021-06-09,0.49711583635767587,0.0,0.5028841636423242
2021-06-10,0.2551748503967635,0.0,0.7448251496032364
2021-06-11,0.4017656863481659,0.0,0.5982343136518341
2021-06-14,0.405723782778118,0.0,0.594276217221882
2021-06-15,0.39607519013537323,0.0,0.6039248098646268
2021-06-16,0.49635766229292977,0.0,0.5036423377070702
2021-06-17,0.25880494770005186,0.0,0.7411950522999481
2021-06-18,0.3977946251321305,0.0,0.6022053748678696
2021-06-21,0.5039903299887574,0.0,0.4960096700112426
2021-06-22,0.5071096407541589,0.0,0.49289035924584107
2021-06-23,0.400373567331165,0.0,0.5996264326688349
2021-06-24,0.4002852376497894,0.0,0.5997147623502106
2021-06-25,0.3980084423490638,0.0,0.6019915576509361
2021-06-28,0.40580338849454195,0.0,0.5941966115054581
2021-06-29,0.4029078591333643,0.0,0.5970921408666356
2021-06-30,0.3992373763277094,0.0,0.6007626236722906
2021-07-01,0.4009421533506801,0.0,0.5990578466493199
2021-07-02,0.40397858039217877,0.0,0.5960214196078213
2021-07-06,0.40182105710068194,0.0,0.5981789428993181
2021-07-07,0.39694095932554824,0.0,0.6030590406744517
2021-07-08,0.40635448353587733,0.0,0.5936455164641228
2021-07-09,0.4054053963436669,0.0,0.5945946036563331
2021-07-12,0.39994495131941477,0.0,0.6000550486805852
2021-07-13,0.4005884550732327,0.0,0.5994115449267673
2021-07-14,0.3964700613884853,0.0,0.6035299386115147
2021-07-15,0.39499086664515104,0.0,0.605009133354849
2021-07-16,0.4919079806354076,0.0,0.5080920193645925
2021-07-19,0.6013940229101293,0.0,0.3986059770898706
2021-07-20,0.6059754758605936,0.0,0.39402452413940636
2021-07-21,0.6058785892477062,0.0,0.39412141075229384
2021-07-22,0.5044271277528438,0.0,0.4955728722471563
2021-07-23,0.50529120230238,0.0,0.49470879769761994
2021-07-26,0.5020318516806649,0.0,0.4979681483193351
2021-07-27,0.4922443075537293,0.0,0.5077556924462708
2021-07-28,0.5004478382727845,0.0,0.49955216172721567
2021-07-29,0.5023859208654505,0.0,0.4976140791345495
2021-07-30,0.5045421705201647,0.0,0.49545782947983535
2021-08-02,0.5966905547525315,0.0,0.4033094452474685
2021-08-03,0.6028039328348022,0.0,0.39719606716519784
2021-08-04,0.5010894788230406,0.0,0.4989105211769595
2021-08-05,0.503038680828538,0.0,0.49696131917146197
2021-08-06,0.499341189098806,0.0,0.500658810901194
2021-08-09,0.5004560878485771,0.0,0.4995439121514229
2021-08-10,0.4951260561153029,0.0,0.5048739438846971
2021-08-11,0.5962374743610644,0.0,0.4037625256389356
2021-08-12,0.6035024319882241,0.0,0.3964975680117759
2021-08-13,0.6016847642288524,0.0,0.3983152357711476
2021-08-16,0.602526246133661,0.0,0.39747375386633904
2021-08-17,0.5992116182506437,0.0,0.40078838174935616
2021-08-18,0.5941083171099356,0.0,0.40589168289006444
2021-08-19,0.7064190631848115,0.0,0.29358093681518843
2021-08-20,0.6050794702342454,0.0,0.3949205297657546
2021-08-23,0.608267475676255,0.0,0.391732524323745
2021-08-24,0.5011194280212027,0.0,0.4988805719787974
2021-08-25,0.49986057541216156,0.0,0.5001394245878386
2021-08-26,0.4970209721879581,0.0,0.5029790278120418
2021-08-27,0.505945122843384,0.0,0.4940548771566161
2021-08-30,0.506606744641479,0.0,0.4933932553585209
2021-08-31,0.39883144595281816,0.0,0.6011685540471818
2021-09-01,0.39917142897259705,0.0,0.600828571027403
2021-09-02,0.39706370080720715,0.0,0.6029362991927928
2021-09-03,0.5045810429050823,0.0,0.49541895709491773
2021-09-07,0.4008223686492674,0.0,0.5991776313507325
2021-09-08,0.3979377305838182,0.0,0.6020622694161817
2021-09-09,0.49694623052693926,0.0,0.5030537694730608
2021-09-10,0.4908109983271674,0.0,0.5091890016728325
2021-09-13,0.5949688756041083,0.0,0.4050311243958917
2021-09-14,0.5950730978009735,0.0,0.40492690219902655
2021-09-15,0.604386274000433,0.0,0.3956137259995671
2021-09-16,0.603108586386622,0.0,0.39689141361337804
2021-09-17,0.5922389579042556,0.0,0.40776104209574426
2021-09-20,0.6969769413365479,0.0,0.3030230586634522
2021-09-21,0.7979463285626522,0.0,0.2020536714373477
2021-09-22,0.8031643244832554,0.0,0.1968356755167446
2021-09-23,0.7037029073012891,0.0,0.2962970926987109
2021-09-24,0.7045765807492977,0.0,0.29542341925070226
2021-09-27,0.6002776250984385,0.0,0.3997223749015614
2021-09-28,0.6897058064526529,0.0,0.31029419354734705
2021-09-29,0.3962821981396233,0.0,0.6037178018603767
2021-09-30,0.3939096905397992,0.0,0.6060903094602008
2021-10-01,0.40303130709955154,0.0,0.5969686929004485
2021-10-04,0.3881443850421029,0.0,0.611855614957897
2021-10-05,0.4574283101119264,0.0,0.5425716898880735
2021-10-06,0.4113558402504623,0.0,0.5886441597495378
2021-10-07,0.3502637624694722,0.0,0.6497362375305278
2021-10-08,0.3443982692878375,0.0,0.6556017307121625
2021-10-11,0.34780546499882503,0.0,0.652194535001175
2021-10-12,0.3449300465344413,0.0,0.6550699534655587
2021-10-13,0.35088505905645984,0.0,0.6491149409435402
2021-10-14,0.35542718177402916,0.0,0.6445728182259709
2021-10-15,0.6019694537706634,0.0,0.3980305462293367
2021-10-18,0.5100901339341148,0.0,0.48990986606588516
2021-10-19,0.5031878770320798,0.0,0.4968121229679202
2021-10-20,0.3981713004764597,0.0,0.6018286995235402
2021-10-21,0.405897333316071,0.0,0.5941026666839291
2021-10-22,0.39631400630434943,0.0,0.6036859936956507
2021-10-25,0.40421660592163733,0.0,0.5957833940783626
2021-10-26,0.3976608148480536,0.0,0.6023391851519464
2021-10-27,0.4007796779593193,0.0,0.5992203220406808
2021-10-28,0.40410713951566113,0.0,0.5958928604843389
2021-10-29,0.3083036953857376,0.0,0.6916963046142625
2021-11-01,0.3011975617420132,0.0,0.6988024382579868
2021-11-02,0.3036817443147768,0.0,0.6963182556852233
2021-11-03,0.30585498437475456,0.0,0.6941450156252454
2021-11-04,0.30566614726885766,0.0,0.6943338527311422
2021-11-05,0.19823337136089236,0.0,0.8017666286391076
2021-11-08,0.29921084228761013,0.0,0.7007891577123899
2021-11-09,0.29395169203796195,0.0,0.7060483079620381
2021-11-10,0.3945677879495045,0.0,0.6054322120504956
2021-11-11,0.496301570076547,0.0,0.5036984299234529
2021-11-12,0.5055613265457847,0.0,0.49443867345421527
2021-11-15,0.4977280103266247,0.0,0.5022719896733754
2021-11-16,0.5067995767611085,0.0,0.49320042323889157
2021-11-17,0.4997191224385261,0.0,0.5002808775614739
2021-11-18,0.5036285451196404,0.0,0.49637145488035966
2021-11-19,0.40096427909390925,0.0,0.5990357209060907
2021-11-22,0.3886937932068549,0.0,0.6113062067931451
2021-11-23,0.49884656513876596,0.0,0.501153434861234
2021-11-24,0.6070176248076781,0.0,0.3929823751923219
2021-11-26,0.49093461551502443,0.0,0.5090653844849756
2021-11-29,0.7057382866206479,0.0,0.29426171337935214
2021-11-30,0.5910487875796844,0.0,0.4089512124203155
2021-12-01,0.579437631682157,0.0,0.4205623683178431
2021-12-02,0.7061670152367344,0.0,0.2938329847632655
2021-12-03,0.6863892980475567,0.0,0.31361070195244334
2021-12-06,0.4047433955950382,0.0,0.5952566044049619
2021-12-07,0.7071841847361974,0.0,0.2928158152638027
2021-12-08,0.6026695450524998,0.0,0.39733045494750013
2021-12-09,0.491363937931682,0.0,0.5086360620683181
2021-12-10,0.6024461853924454,0.0,0.39755381460755446
2021-12-13,0.589408524454456,0.0,0.410591475545544
2021-12-14,0.7018686472546065,0.0,0.2981313527453936
2021-12-15,0.7139921448603881,0.0,0.28600785513961197
2021-12-16,0.5790229955516544,0.0,0.42097700444834557
2021-12-17,0.3529974369292355,0.0,0.6470025630707644
2021-12-20,0.3519862062548715,0.0,0.6480137937451286
2021-12-21,0.40929952552534693,0.0,0.590700474474653
2021-12-22,0.7079626051878508,0.0,0.2920373948121493
2021-12-23,0.6048392957309652,0.0,0.39516070426903477
2021-12-27,0.5092516493344872,0.0,0.49074835066551287
2021-12-28,0.39528018396716236,0.0,0.6047198160328376
2021-12-29,0.49966413194318027,0.0,0.5003358680568198
2021-12-30,0.4981043224909304,0.0,0.5018956775090696
2021-12-31,0.49656674975272114,0.0,0.5034332502472788
2022-01-03,0.5048678354177393,0.0,0.4951321645822608
2022-01-04,0.489072572690565,0.0,0.5109274273094351
2022-01-05,0.5797673451856202,0.0,0.4202326548143797
2022-01-06,0.4031016203509549,0.0,0.5968983796490451
2022-01-07,0.3921125906107408,0.0,0.6078874093892592
2022-01-10,0.4106496268015608,0.0,0.5893503731984392
2022-01-11,0.4123407450747106,0.0,0.5876592549252894
2022-01-12,0.698230175002716,0.0,0.3017698249972841
2022-01-13,0.681715033792018,0.0,0.31828496620798197
2022-01-14,0.4095040247931309,0.0,0.5904959752068691
2022-01-18,0.39362551419046,0.0,0.60637448580954
2022-01-19,0.0,0.4465315321626122,0.5534684678373879
2022-01-20,0.0,0.4461551264980026,0.5538448735019973
2022-01-21,0.0,0.49571044519831714,0.5042895548016829
2022-01-24,0.0,0.5044788773569069,0.4955211226430931
2022-01-25,0.0,0.0,1.0
2022-01-26,0.0,0.0,1.0
2022-01-27,0.0,0.0,1.0
2022-01-28,0.0,0.0,1.0
2022-01-31,0.4699836258497831,0.0,0.5300163741502167
2022-02-01,0.40225995979030366,0.0,0.5977400402096963
2022-02-02,0.3474787545297768,0.0,0.6525212454702233
2022-02-03,0.29074574555474175,0.0,0.7092542544452584
2022-02-04,0.40762474292581335,0.0,0.5923752570741867
2022-02-07,0.34338605938686184,0.0,0.6566139406131382
2022-02-08,0.4104622217673961,0.0,0.5895377782326039
2022-02-09,0.355278417163969,0.0,0.6447215828360311
2022-02-10,0.2484477243804493,0.0,0.7515522756195507
2022-02-11,0.32799226054234604,0.0,0.672007739457654
2022-02-14,0.4023949334339937,0.0,0.5976050665660062
2022-02-15,0.40625331228472605,0.0,0.5937466877152741
2022-02-16,0.30378605935162106,0.0,0.6962139406483789
2022-02-17,0.2868103482202342,0.0,0.7131896517797657
2022-02-18,0.39002512331766725,0.0,0.6099748766823327
2022-02-22,0.39921594326581955,0.0,0.6007840567341806
2022-02-23,0.0,0.0,1.0
2022-02-24,0.0,0.0,1.0
2022-02-25,0.0,0.0,1.0
2022-02-28,0.3588936670864424,0.0,0.6411063329135576
2022-03-01,0.0,0.0,1.0
2022-03-02,0.0,0.0,1.0
2022-03-03,0.33479623374775763,0.0,0.6652037662522424
2022-03-04,0.344964347547841,0.0,0.6550356524521591
2022-03-07,0.0,0.0,1.0
2022-03-08,0.0,0.0,1.0
2022-03-09,0.0,0.0,1.0
2022-03-10,0.0,0.0,1.0
2022-03-11,0.0,0.0,1.0
2022-03-14,0.0,0.0,1.0
2022-03-15,0.0,0.0,1.0
2022-03-16,0.0,0.0,1.0
2022-03-17,0.310732247434975,0.0,0.6892677525650249
2022-03-18,0.26380550422501153,0.0,0.7361944957749884
2022-03-21,0.19978806435625052,0.0,0.8002119356437496
2022-03-22,0.20847160644954807,0.0,0.791528393550452
2022-03-23,0.14763317735505552,0.0,0.8523668226449445
2022-03-24,0.20754167616441674,0.0,0.7924583238355833
2022-03-25,0.14975404740822348,0.0,0.8502459525917765
2022-03-28,0.15578433607450495,0.0,0.844215663925495
2022-03-29,0.1015334674361132,0.0,0.8984665325638868
2022-03-30,0.049236983643514906,0.0,0.9507630163564851
2022-03-31,0.0963340742539918,0.0,0.9036659257460082
2022-04-01,0.14890754863050962,0.0,0.8510924513694904
2022-04-04,0.15686723859438229,0.0,0.8431327614056178
2022-04-05,0.1429400351171094,0.0,0.8570599648828906
2022-04-06,0.19671771138174837,0.0,0.8032822886182517
2022-04-07,0.30322013497049066,0.0,0.6967798650295093
2022-04-08,0.2945119831200335,0.0,0.7054880168799664
2022-04-11,0.342285072899889,0.0,0.6577149271001109
2022-04-12,0.38719661711728726,0.0,0.6128033828827127
2022-04-13,0.0,0.0,1.0
2022-04-14,0.3832667459241096,0.0,0.6167332540758904
2022-04-18,0.45349284662712175,0.0,0.5465071533728783
2022-04-19,0.4675857371262925,0.0,0.5324142628737074
2022-04-20,0.38705507747128987,0.0,0.61294492252871
2022-04-21,0.37716437005722686,0.0,0.6228356299427731
2022-04-22,0.4298386853606763,0.0,0.5701613146393236
2022-04-25,0.0,0.0,1.0
2022-04-26,0.0,0.0,1.0
2022-04-27,0.0,0.0,1.0
2022-04-28,0.0,0.0,1.0
2022-04-29,0.0,0.0,1.0
2022-05-02,0.0,0.0,1.0
2022-05-03,0.0,0.0,1.0
2022-05-04,0.0,0.0,1.0
2022-05-05,0.3228470044411844,0.0,0.6771529955588156
2022-05-06,0.0,0.0,1.0
2022-05-09,0.0,0.0,1.0
2022-05-10,0.0,0.0,1.0
2022-05-11,0.0,0.0,1.0
2022-05-12,0.0,0.0,1.0
2022-05-13,0.0,0.0,1.0
2022-05-16,0.0,0.0,1.0
2022-05-17,0.0,0.0,1.0
2022-05-18,0.0,0.0,1.0
2022-05-19,0.0,0.0,1.0
2022-05-20,0.0,0.0,1.0
2022-05-23,0.0,0.0,1.0
2022-05-24,0.0,0.0,1.0
2022-05-25,0.0,0.0,1.0
2022-05-26,0.0,0.0,1.0
2022-05-27,0.0,0.0,1.0
2022-05-31,0.0,0.0,1.0
2022-06-01,0.0,0.0,1.0
2022-06-02,0.0,0.0,1.0
2022-06-03,0.1461351924110672,0.0,0.8538648075889328
2022-06-06,0.0,0.0,1.0
2022-06-07,0.0,0.0,1.0
2022-06-08,0.0,0.0,1.0
2022-06-09,0.0,0.0,1.0
2022-06-10,0.0,0.0,1.0
2022-06-13,0.0,0.0,1.0
2022-06-14,0.0,0.0,1.0
2022-06-15,0.0,0.0,1.0
2022-06-16,0.0,0.0,1.0
2022-06-17,0.0,0.0,1.0
2022-06-21,0.0,0.0,1.0
2022-06-22,0.0,0.0,1.0
2022-06-23,0.0,0.0,1.0
2022-06-24,0.0,0.0,1.0
2022-06-27,0.0,0.0,1.0
2022-06-28,0.0,0.0,1.0
2022-06-29,0.0,0.0,1.0
2022-06-30,0.0,0.0,1.0
2022-07-01,0.0,0.0,1.0
2022-07-05,0.0,0.0,1.0
2022-07-06,0.0,0.0,1.0
2022-07-07,0.0,0.0,1.0
2022-07-08,0.0,0.0,1.0
2022-07-11,0.0,0.0,1.0
2022-07-12,0.0,0.0,1.0
2022-07-13,0.0,0.0,1.0
2022-07-14,0.0,0.0,1.0
2022-07-15,0.0,0.0,1.0
2022-07-18,0.0,0.0,1.0
2022-07-19,0.0,0.0,1.0
2022-07-20,0.0,0.0,1.0
2022-07-21,0.0,0.0,1.0
2022-07-22,0.0,0.0,1.0
2022-07-25,0.0,0.0,1.0
2022-07-26,0.0,0.0,1.0
2022-07-27,0.0,0.0,1.0
2022-07-28,0.0,0.0,1.0
2022-07-29,0.0,0.0,1.0
2022-08-01,0.0,0.0,1.0
2022-08-02,0.0,0.0,1.0
2022-08-03,0.0,0.0,1.0
2022-08-04,0.0,0.0,1.0
2022-08-05,0.0,0.0,1.0
2022-08-08,0.0,0.0,1.0
2022-08-09,0.0,0.0,1.0
2022-08-10,0.0,0.0,1.0
2022-08-11,0.0,0.0,1.0
2022-08-12,0.0,0.0,1.0
2022-08-15,0.0,0.0,1.0
2022-08-16,0.0,0.0,1.0
2022-08-17,0.0,0.0,1.0
2022-08-18,0.0,0.0,1.0
2022-08-19,0.0,0.0,1.0
2022-08-22,0.0,0.0,1.0
2022-08-23,0.0,0.0,1.0
2022-08-24,0.0,0.0,1.0
2022-08-25,0.0,0.0,1.0
2022-08-26,0.0,0.0,1.0
2022-08-29,0.0,0.0,1.0
2022-08-30,0.0,0.0,1.0
2022-08-31,0.0,0.0,1.0
2022-09-01,0.0,0.0,1.0
2022-09-02,0.0,0.0,1.0
2022-09-06,0.0,0.0,1.0
2022-09-07,0.0,0.0,1.0
2022-09-08,0.0,0.0,1.0
2022-09-09,0.0,0.0,1.0
2022-09-12,0.0,0.0,1.0
2022-09-13,0.0,0.0,1.0
2022-09-14,0.0,0.0,1.0
2022-09-15,0.0,0.0,1.0
2022-09-16,0.0,0.0,1.0
2022-09-19,0.0,0.0,1.0
2022-09-20,0.0,0.0,1.0
2022-09-21,0.0,0.0,1.0
2022-09-22,0.0,0.0,1.0
2022-09-23,0.0,0.0,1.0
2022-09-26,0.0,0.0,1.0
2022-09-27,0.0,0.0,1.0
2022-09-28,0.0,0.0,1.0
2022-09-29,0.0,0.0,1.0
2022-09-30,0.0,0.0,1.0
2022-10-03,0.0,0.0,1.0
2022-10-04,0.0,0.0,1.0
2022-10-05,0.0,0.0,1.0
2022-10-06,0.0,0.0,1.0
2022-10-07,0.0,0.0,1.0
2022-10-10,0.0,0.0,1.0
2022-10-11,0.0,0.0,1.0
2022-10-12,0.0,0.0,1.0
2022-10-13,0.0,0.0,1.0
2022-10-14,0.0,0.0,1.0
2022-10-17,0.0,0.0,1.0
2022-10-18,0.0,0.0,1.0
2022-10-19,0.0,0.0,1.0
2022-10-20,0.0,0.0,1.0
2022-10-21,0.0,0.0,1.0
2022-10-24,0.0,0.0,1.0
2022-10-25,0.0,0.0,1.0
2022-10-26,0.0,0.0,1.0
2022-10-27,0.0,0.0,1.0
2022-10-28,0.0,0.0,1.0
2022-10-31,0.0,0.0,1.0
2022-11-01,0.0,0.0,1.0
2022-11-02,0.0,0.0,1.0
2022-11-03,0.0,0.0,1.0
2022-11-04,0.0,0.0,1.0
2022-11-07,0.0,0.0,1.0
2022-11-08,0.0,0.0,1.0
2022-11-09,0.0,0.0,1.0
2022-11-10,0.0,0.0,1.0
2022-11-11,0.0,0.0,1.0
2022-11-14,0.0,0.0,1.0
2022-11-15,0.0,0.0,1.0
2022-11-16,0.0,0.0,1.0
2022-11-17,0.0,0.0,1.0
2022-11-18,0.0,0.0,1.0
2022-11-21,0.0,0.0,1.0
2022-11-22,0.0,0.0,1.0
2022-11-23,0.0,0.0,1.0
2022-11-25,0.0,0.0,1.0
2022-11-28,0.0,0.0,1.0
2022-11-29,0.0,0.0,1.0
2022-11-30,0.0,0.0,1.0
2022-12-01,0.0,0.0,1.0
2022-12-02,0.0,0.0,1.0
2022-12-05,0.0,0.0,1.0
2022-12-06,0.0,0.0,1.0
2022-12-07,0.0,0.0,1.0
2022-12-08,0.0,0.0,1.0
2022-12-09,0.0,0.0,1.0
2022-12-12,0.0,0.0,1.0
2022-12-13,0.0,0.0,1.0
2022-12-14,0.0,0.0,1.0
2022-12-15,0.0,0.0,1.0
2022-12-16,0.0,0.0,1.0
2022-12-19,0.0,0.0,1.0
2022-12-20,0.0,0.0,1.0
2022-12-21,0.0,0.0,1.0
2022-12-22,0.0,0.0,1.0
2022-12-23,0.0,0.0,1.0
2022-12-27,0.0,0.0,1.0
2022-12-28,0.0,0.0,1.0
2022-12-29,0.0,0.0,1.0
2022-12-30,0.0,0.0,1.0
2023-01-03,0.0,0.0,1.0
2023-01-04,0.0,0.0,1.0
2023-01-05,0.0,0.0,1.0
2023-01-06,0.0,0.0,1.0
2023-01-09,0.0,0.0,1.0
2023-01-10,0.0,0.0,1.0
2023-01-11,0.0,0.0,1.0
2023-01-12,0.0,0.0,1.0
2023-01-13,0.0,0.0,1.0
2023-01-17,0.0,0.0,1.0
2023-01-18,0.0,0.0,1.0
2023-01-19,0.0,0.0,1.0
2023-01-20,0.0,0.0,1.0
2023-01-23,0.0,0.0,1.0
2023-01-24,0.0,0.0,1.0
2023-01-25,0.0,0.0,1.0
2023-01-26,0.0,0.0,1.0
2023-01-27,0.0,0.0,1.0
2023-01-30,0.0,0.0,1.0
2023-01-31,0.0,0.0,1.0
2023-02-01,0.0,0.0,1.0
2023-02-02,0.10328152260289822,0.0,0.8967184773971018
2023-02-03,0.05058373731841463,0.0,0.9494162626815854
2023-02-06,0.1000724304348859,0.0,0.8999275695651141
2023-02-07,0.0,0.0,1.0
2023-02-08,0.09632285096577722,0.0,0.9036771490342228
2023-02-09,0.0,0.0,1.0
2023-02-10,0.0,0.0,1.0
2023-02-13,0.0,0.0,1.0
2023-02-14,0.0,0.0,1.0
2023-02-15,0.20659583952741545,0.0,0.7934041604725847
2023-02-16,0.1983210898044217,0.0,0.8016789101955784
2023-02-17,0.0,0.0,1.0
2023-02-21,0.0,0.0,1.0
2023-02-22,0.0,0.0,1.0
2023-02-23,0.0,0.0,1.0
2023-02-24,0.0,0.0,1.0
2023-02-27,0.0,0.0,1.0
2023-02-28,0.0,0.0,1.0
2023-03-01,0.0,0.0,1.0
2023-03-02,0.0,0.0,1.0
2023-03-03,0.0,0.0,1.0
2023-03-06,0.29822784134104285,0.0,0.7017721586589571
2023-03-07,0.29206731516138884,0.0,0.7079326848386112
2023-03-08,0.0,0.0,1.0
2023-03-09,0.0,0.0,1.0
2023-03-10,0.0,0.0,1.0
2023-03-13,0.0,0.0,1.0
2023-03-14,0.0,0.0,1.0
2023-03-15,0.0,0.0,1.0
2023-03-16,0.0,0.0,1.0
2023-03-17,0.0,0.0,1.0
2023-03-20,0.0,0.0,1.0
2023-03-21,0.0,0.0,1.0
2023-03-22,0.0,0.0,1.0
2023-03-23,0.0,0.0,1.0
2023-03-24,0.0,0.0,1.0
2023-03-27,0.0,0.0,1.0
2023-03-28,0.19827793316518308,0.0,0.8017220668348168
2023-03-29,0.2534054630879763,0.0,0.7465945369120237
2023-03-30,0.20071524863565665,0.0,0.7992847513643434
2023-03-31,0.20739762352423513,0.0,0.7926023764757648
2023-04-03,0.1517467603808834,0.0,0.8482532396191167
2023-04-04,0.1482759885761741,0.0,0.8517240114238259
2023-04-05,0.19660744351573128,0.0,0.8033925564842688
2023-04-06,0.20582277328813053,0.0,0.7941772267118694
2023-04-10,0.20436049553239927,0.0,0.7956395044676008
2023-04-11,0.24641938729140564,0.0,0.7535806127085943
2023-04-12,0.2416088696526405,0.0,0.7583911303473595
2023-04-13,0.30860013691723803,0.0,0.6913998630827619
2023-04-14,0.2517873526837559,0.0,0.7482126473162442
2023-04-17,0.2510269257208807,0.0,0.7489730742791193
2023-04-18,0.24630806918924694,0.0,0.753691930810753
2023-04-19,0.2540945560966897,0.0,0.7459054439033103
2023-04-20,0.2510530723015824,0.0,0.7489469276984176
2023-04-21,0.3013345301100152,0.0,0.6986654698899848
2023-04-24,0.2992158297006282,0.0,0.7007841702993718
2023-04-25,0.2912621367784534,0.0,0.7087378632215465
2023-04-26,0.0,0.0,1.0
2023-04-27,0.0,0.0,1.0
2023-04-28,0.304604109195303,0.0,0.695395890804697
2023-05-01,0.2501998447049899,0.0,0.7498001552950101
2023-05-02,0.24517167834863718,0.0,0.7548283216513628
2023-05-03,0.29523320724027424,0.0,0.7047667927597258
2023-05-04,0.0,0.0,1.0
2023-05-05,0.0,0.0,1.0
2023-05-08,0.2522618423864156,0.0,0.7477381576135844
2023-05-09,0.2493295164762032,0.0,0.7506704835237968
2023-05-10,0.30198245148598407,0.0,0.698017548514016
2023-05-11,0.25077747606467776,0.0,0.7492225239353223
2023-05-12,0.24709726867742474,0.0,0.7529027313225752
2023-05-15,0.25207396965594936,0.0,0.7479260303440507
2023-05-16,0.2519359908762367,0.0,0.7480640091237634
2023-05-17,0.2549167971643378,0.0,0.7450832028356621
2023-05-18,0.208127113783508,0.0,0.791872886216492
2023-05-19,0.14884404749560323,0.0,0.8511559525043968
2023-05-22,0.2019648561617222,0.0,0.7980351438382778
2023-05-23,0.19628191480221927,0.0,0.8037180851977808
2023-05-24,0.25037146771483404,0.0,0.749628532285166
2023-05-25,0.25092592502654176,0.0,0.7490740749734583
2023-05-26,0.21044398076384688,0.0,0.7895560192361532
2023-05-30,0.09791310078675994,0.0,0.90208689921324
2023-05-31,0.09943344084809314,0.0,0.9005665591519069
2023-06-01,0.1546356212062367,0.0,0.8453643787937634
2023-06-02,0.15090575657749275,0.0,0.8490942434225073
2023-06-05,0.15048531603641538,0.0,0.8495146839635845
2023-06-06,0.1505903570303959,0.0,0.8494096429696041
2023-06-07,0.14318070480547251,0.0,0.8568192951945275
2023-06-08,0.25615972723888547,0.0,0.7438402727611146
2023-06-09,0.19973818534638993,0.0,0.80026181465361
2023-06-12,0.20572986304709295,0.0,0.7942701369529072
2023-06-13,0.14993522345013574,0.0,0.8500647765498642
2023-06-14,0.1527130414310627,0.0,0.8472869585689373
2023-06-15,0.15592592479441664,0.0,0.8440740752055833
2023-06-16,0.14513202795906197,0.0,0.854867972040938
2023-06-20,0.15097987401441473,0.0,0.8490201259855852
2023-06-21,0.1950594835723247,0.0,0.8049405164276752
2023-06-22,0.2585507270592025,0.0,0.7414492729407975
2023-06-23,0.20049415319664135,0.0,0.7995058468033586
2023-06-26,0.24341207046802707,0.0,0.756587929531973
2023-06-27,0.3077365239232799,0.0,0.69226347607672
2023-06-28,0.2540029669814158,0.0,0.7459970330185841
2023-06-29,0.24938019960437824,0.0,0.7506198003956217
2023-06-30,0.30310496984349344,0.0,0.6968950301565066
2023-07-03,0.25036389199344605,0.0,0.7496361080065539
2023-07-05,0.2524325260116546,0.0,0.7475674739883453
2023-07-06,0.2514513900081271,0.0,0.7485486099918729
2023-07-07,0.24850411506557718,0.0,0.7514958849344228
2023-07-10,0.300738673268739,0.0,0.6992613267312611
2023-07-11,0.3023533845997098,0.0,0.6976466154002903
2023-07-12,0.30070213676607493,0.0,0.6992978632339252
2023-07-13,0.25450554918132307,0.0,0.7454944508186769
2023-07-14,0.19927568761211714,0.0,0.8007243123878828
2023-07-17,0.20345386908798038,0.0,0.7965461309120195
2023-07-18,0.20459363684911264,0.0,0.7954063631508873
2023-07-19,0.1488798658402956,0.0,0.8511201341597044
2023-07-20,0.19252603759817202,0.0,0.807473962401828
2023-07-21,0.24488038879320598,0.0,0.7551196112067939
2023-07-24,0.24947613970131985,0.0,0.7505238602986802
2023-07-25,0.25277520538623943,0.0,0.7472247946137606
2023-07-26,0.24978352809620447,0.0,0.7502164719037956
2023-07-27,0.2895583549283799,0.0,0.7104416450716201
2023-07-28,0.3043341802156411,0.0,0.6956658197843588
2023-07-31,0.24991726231243996,0.0,0.75008273768756
2023-08-01,0.2507109720928298,0.0,0.7492890279071703
2023-08-02,0.2427638878432698,0.0,0.75723611215673
2023-08-03,0.35335826191120934,0.0,0.6466417380887908
2023-08-04,0.3432215004079073,0.0,0.6567784995920927
2023-08-07,0.352335814287013,0.0,0.647664185712987
2023-08-08,0.3488408819214416,0.0,0.6511591180785585
2023-08-09,0.34188548854378675,0.0,0.6581145114562134
2023-08-10,0.3954202985874144,0.0,0.6045797014125857
2023-08-11,0.4003687286791981,0.0,0.5996312713208019
2023-08-14,0.40948951705666814,0.0,0.5905104829433319
2023-08-15,0.3447343367800289,0.0,0.6552656632199712
2023-08-16,0.39332848544738325,0.0,0.6066715145526168
2023-08-17,0.3892703157551769,0.0,0.6107296842448231
2023-08-18,0.4058197407851638,0.0,0.5941802592148362
2023-08-21,0.4082811808040218,0.0,0.5917188191959781
2023-08-22,0.34422813348465386,0.0,0.6557718665153462
2023-08-23,0.358373768196302,0.0,0.641626231803698
2023-08-24,0.2803540830259003,0.0,0.7196459169740997
2023-08-25,0.4038859729349087,0.0,0.5961140270650914
2023-08-28,0.34964935363547167,0.0,0.6503506463645283
2023-08-29,0.3136387745461907,0.0,0.6863612254538094
2023-08-30,0.25284040153041937,0.0,0.7471595984695807
2023-08-31,0.25177977148162134,0.0,0.7482202285183787
2023-09-01,0.19657881957628964,0.0,0.8034211804237104
2023-09-05,0.2519161084839943,0.0,0.7480838915160056
2023-09-06,0.2461538433541967,0.0,0.7538461566458032
2023-09-07,0.25300751581378383,0.0,0.7469924841862161
2023-09-08,0.30098842397648357,0.0,0.6990115760235165
2023-09-11,0.30196841562435844,0.0,0.6980315843756417
2023-09-12,0.24635391697381942,0.0,0.7536460830261806
2023-09-13,0.30185802510497894,0.0,0.698141974895021
2023-09-14,0.25180289147631124,0.0,0.7481971085236889
2023-09-15,0.24223034397062,0.0,0.7577696560293801
2023-09-18,0.30217682520647937,0.0,0.6978231747935207
2023-09-19,0.30101096389843807,0.0,0.698989036101562
2023-09-20,0.28916862188081854,0.0,0.7108313781191814
2023-09-21,0.34403257597252757,0.0,0.6559674240274724
2023-09-22,0.3966601726570365,0.0,0.6033398273429634
2023-09-25,0.4053219363123094,0.0,0.5946780636876907
2023-09-26,0.3943742519482796,0.0,0.6056257480517204
2023-09-27,0.4492167790969192,0.0,0.5507832209030809
2023-09-28,0.4079196661753497,0.0,0.5920803338246503
2023-09-29,0.3936346366579965,0.0,0.6063653633420036
2023-10-02,0.4053348356676299,0.0,0.59466516433237
2023-10-03,0.3424597502724876,0.0,0.6575402497275125
2023-10-04,0.4078992161361831,0.0,0.592100783863817
2023-10-05,0.34790145079469464,0.0,0.6520985492053053
2023-10-06,0.3672566174413722,0.0,0.6327433825586277
2023-10-09,0.30732222033625717,0.0,0.6926777796637429
2023-10-10,0.30280639497734213,0.0,0.6971936050226579
2023-10-11,0.25192111393462335,0.0,0.7480788860653766
2023-10-12,0.24718672451437795,0.0,0.752813275485622
2023-10-13,0.24185414904062635,0.0,0.7581458509593737
2023-10-16,0.30468810723945305,0.0,0.6953118927605471
2023-10-17,0.253877761382115,0.0,0.7461222386178851
2023-10-18,0.24602588590194477,0.0,0.7539741140980553
2023-10-19,0.29170638296444273,0.0,0.7082936170355574
2023-10-20,0.3407101738697809,0.0,0.659289826130219
2023-10-23,0.35482873310797053,0.0,0.6451712668920294
2023-10-24,0.35298479188042353,0.0,0.6470152081195766
2023-10-25,0.3375467162596384,0.0,0.6624532837403617
2023-10-26,0.38851818898080803,0.0,0.611481811019192
2023-10-27,0.0,0.44789455813387113,0.552105441866129
2023-10-30,0.0,0.4512121998185682,0.5487878001814319
2023-10-31,0.0,0.40116263462481494,0.5988373653751852
2023-11-01,0.0,0.4019743925871305,0.5980256074128696
2023-11-02,0.0,0.3522216349485595,0.6477783650514405
2023-11-03,0.30499946485466695,0.0,0.6950005351453331
2023-11-06,0.25099047615401143,0.0,0.7490095238459886
2023-11-07,0.25355221259622807,0.0,0.7464477874037718
2023-11-08,0.19979586941202349,0.0,0.8002041305879766
2023-11-09,0.19541875888577917,0.0,0.8045812411142209
2023-11-10,0.2596484545848048,0.0,0.7403515454151953
2023-11-13,0.1504748946412779,0.0,0.849525105358722
2023-11-14,0.20176674146510792,0.0,0.798233258534892
2023-11-15,0.09884308646527623,0.0,0.9011569135347237
2023-11-16,0.10077809772378162,0.0,0.8992219022762183
2023-11-17,0.1508317376549148,0.0,0.8491682623450852
2023-11-20,0.1545554058962841,0.0,0.845444594103716
2023-11-21,0.09959155732622217,0.0,0.900408442673778
2023-11-22,0.14951341318108008,0.0,0.85048658681892
2023-11-24,0.14979825809331354,0.0,0.8502017419066865
2023-11-27,0.20014539839842332,0.0,0.7998546016015766
2023-11-28,0.20218580070305076,0.0,0.7978141992969492
2023-11-29,0.19644760226382285,0.0,0.8035523977361771
2023-11-30,0.24817559407701392,0.0,0.751824405922986
2023-12-01,0.25321962096264605,0.0,0.746780379037354
2023-12-04,0.25030574673226996,0.0,0.74969425326773
2023-12-05,0.3048305299478753,0.0,0.6951694700521247
2023-12-06,0.29155239409443495,0.0,0.7084476059055651
2023-12-07,0.30393815894608195,0.0,0.6960618410539179
2023-12-08,0.2550347035875297,0.0,0.7449652964124703
2023-12-11,0.25541728143106723,0.0,0.7445827185689328
2023-12-12,0.254458986674806,0.0,0.7455410133251941
2023-12-13,0.25534367367807786,0.0,0.744656326321922
2023-12-14,0.1980786447839962,0.0,0.8019213552160037
2023-12-15,0.2009796018169107,0.0,0.7990203981830892
2023-12-18,0.20251379368089872,0.0,0.7974862063191013
2023-12-19,0.2018994928535713,0.0,0.7981005071464288
2023-12-20,0.19380340610460617,0.0,0.8061965938953939
2023-12-21,0.2509758863100324,0.0,0.7490241136899677
2023-12-22,0.19920870422932893,0.0,0.8007912957706711
2023-12-26,0.20198558428251534,0.0,0.7980144157174845
2023-12-27,0.20059158541369243,0.0,0.7994084145863076
2023-12-28,0.1984252627696917,0.0,0.8015747372303083
2023-12-29,0.19787682369272663,0.0,0.8021231763072735
2024-01-02,0.245335925828968,0.0,0.7546640741710319
2024-01-03,0.2974082988629181,0.0,0.7025917011370819
2024-01-04,0.34970229569579103,0.0,0.6502977043042089
2024-01-05,0.350594740030132,0.0,0.649405259969868
2024-01-08,0.3613711484108404,0.0,0.6386288515891596
2024-01-09,0.30615810097494106,0.0,0.693841899025059
2024-01-10,0.30369607291991796,0.0,0.696303927080082
2024-01-11,0.29929164434917266,0.0,0.7007083556508273
2024-01-12,0.2986296576075468,0.0,0.7013703423924531
2024-01-16,0.3018056762181393,0.0,0.6981943237818607
2024-01-17,0.30157987386763563,0.0,0.6984201261323644
2024-01-18,0.30400346404887213,0.0,0.6959965359511279
2024-01-19,0.2578723447542664,0.0,0.7421276552457337
2024-01-22,0.19811866416422153,0.0,0.8018813358357784
2024-01-23,0.20116173980279603,0.0,0.798838260197204
2024-01-24,0.19822609865683508,0.0,0.8017739013431651
2024-01-25,0.19781451723483126,0.0,0.8021854827651688
2024-01-26,0.19930974495657622,0.0,0.8006902550434238
2024-01-29,0.20417873871650877,0.0,0.7958212612834912
2024-01-30,0.19784923885392233,0.0,0.8021507611460776
2024-01-31,0.19539718107742457,0.0,0.8046028189225753
2024-02-01,0.3047359850279409,0.0,0.6952640149720593
2024-02-02,0.25693509745928117,0.0,0.7430649025407189
2024-02-05,0.1993279958902581,0.0,0.8006720041097419
2024-02-06,0.24750829866738064,0.0,0.7524917013326193
2024-02-07,0.2520096899708545,0.0,0.7479903100291456
2024-02-08,0.20065800160356118,0.0,0.7993419983964387
2024-02-09,0.25391810444643176,0.0,0.7460818955535681
2024-02-12,0.1982689807825988,0.0,0.8017310192174012
2024-02-13,0.2516632661617717,0.0,0.7483367338382282
2024-02-14,0.30267830052691697,0.0,0.6973216994730831
2024-02-15,0.25070074769588385,0.0,0.7492992523041161
2024-02-16,0.244412278073096,0.0,0.755587721926904
2024-02-20,0.2981392876733487,0.0,0.7018607123266514
2024-02-21,0.30156281135752916,0.0,0.6984371886424707
2024-02-22,0.35533564271212353,0.0,0.6446643572878764
2024-02-23,0.24625169485857248,0.0,0.7537483051414275
2024-02-26,0.24874666490891398,0.0,0.751253335091086
2024-02-27,0.24984361554589932,0.0,0.7501563844541006
2024-02-28,0.24971401891335443,0.0,0.7502859810866455
2024-02-29,0.30097732435045405,0.0,0.699022675649546
2024-03-01,0.2572744347270213,0.0,0.7427255652729787
2024-03-04,0.19819533816944443,0.0,0.8018046618305557
2024-03-05,0.24362466702858598,0.0,0.7563753329714141
2024-03-06,0.2978846355498028,0.0,0.7021153644501973
2024-03-07,0.30427271103749465,0.0,0.6957272889625054
2024-03-08,0.24137931986071523,0.0,0.7586206801392847
2024-03-11,0.2998232201402605,0.0,0.7001767798597395
2024-03-12,0.30549475910874857,0.0,0.6945052408912514
2024-03-13,0.24693577375048087,0.0,0.7530642262495191
2024-03-14,0.29681157182010315,0.0,0.7031884281798968
2024-03-15,0.29665645051471995,0.0,0.70334354948528
2024-03-18,0.34813300650738466,0.0,0.6518669934926153
2024-03-19,0.30449098146019465,0.0,0.6955090185398054
2024-03-20,0.3056523427437367,0.0,0.6943476572562634
2024-03-21,0.24630541871921188,0.0,0.7536945812807881
2024-03-22,0.251082426455745,0.0,0.748917573544255
2024-03-25,0.2515521714145971,0.0,0.7484478285854028
2024-03-26,0.2959518046799515,0.0,0.7040481953200485
2024-03-27,0.29791292998743346,0.0,0.7020870700125665
2024-03-28,0.29887848418940993,0.0,0.7011215158105901
2024-04-01,0.300067824439577,0.0,0.6999321755604229
2024-04-02,0.3014351669287278,0.0,0.6985648330712723
2024-04-03,0.3044961818954614,0.0,0.6955038181045385
2024-04-04,0.28440262068600086,0.0,0.7155973793139991
2024-04-05,0.3556381623961745,0.0,0.6443618376038255
2024-04-08,0.2989171201573104,0.0,0.7010828798426896
2024-04-09,0.29899708197620506,0.0,0.701002918023795
2024-04-10,0.30204506902072586,0.0,0.6979549309792741
2024-04-11,0.35787973499968534,0.0,0.6421202650003147
2024-04-12,0.2959080836625917,0.0,0.7040919163374082
2024-04-15,0.3328161355484245,0.0,0.6671838644515754
2024-04-16,0.400387611476326,0.0,0.599612388523674
2024-04-17,0.3384098792359675,0.0,0.6615901207640325
2024-04-18,0.39487966733932056,0.0,0.6051203326606794
2024-04-19,0.38686474142063687,0.0,0.6131352585793631
2024-04-22,0.0,0.45093803273218147,0.5490619672678184
2024-04-23,0.0,0.45190225004891693,0.5480977499510831
2024-04-24,0.0,0.39945465612496295,0.6005453438750371
2024-04-25,0.0,0.3519583522701178,0.6480416477298822
2024-04-26,0.0,0.35085702164082877,0.6491429783591712
2024-04-29,0.29947534400841797,0.0,0.7005246559915822
2024-04-30,0.29014157764971865,0.0,0.7098584223502813
2024-05-01,0.3475917684035509,0.0,0.6524082315964491
2024-05-02,0.35252651763630216,0.0,0.647473482363698
2024-05-03,0.35149088735874817,0.0,0.6485091126412519
2024-05-06,0.25370419555723117,0.0,0.7462958044427689
2024-05-07,0.24948875305476848,0.0,0.7505112469452316
2024-05-08,0.25308508581879563,0.0,0.7469149141812044
2024-05-09,0.2508643887092973,0.0,0.7491356112907027
2024-05-10,0.24939936003770416,0.0,0.7506006399622959
2024-05-13,0.19903757037076997,0.0,0.80096242962923
2024-05-14,0.20351547430387884,0.0,0.7964845256961213
2024-05-15,0.20459014954970997,0.0,0.79540985045029
2024-05-16,0.1494361817506398,0.0,0.8505638182493601
2024-05-17,0.19961940621315097,0.0,0.8003805937868491
2024-05-20,0.20308547649768047,0.0,0.7969145235023195
2024-05-21,0.2028398230482783,0.0,0.7971601769517216
2024-05-22,0.19960406159700503,0.0,0.800395938402995
2024-05-23,0.19288770140998535,0.0,0.8071122985900147
2024-05-24,0.2531964310750414,0.0,0.7468035689249585
2024-05-28,0.20048557680908574,0.0,0.7995144231909144
2024-05-29,0.2010943973453008,0.0,0.7989056026546991
2024-05-30,0.24515370608261589,0.0,0.7548462939173841
2024-05-31,0.2997650979362085,0.0,0.7002349020637915
2024-06-03,0.2980504455647234,0.0,0.7019495544352766
2024-06-04,0.30202744611371074,0.0,0.6979725538862891
2024-06-05,0.30743400499645995,0.0,0.6925659950035401
2024-06-06,0.24897447672993753,0.0,0.7510255232700624
2024-06-07,0.25,0.0,0.75
2024-06-10,0.2534753518374097,0.0,0.7465246481625902
2024-06-11,0.25528228450048246,0.0,0.7447177154995175
2024-06-12,0.5033223646224066,0.0,0.4966776353775934
2024-06-13,0.3984956288640664,0.0,0.6015043711359336
2024-06-14,0.40398704081251435,0.0,0.5960129591874855
2024-06-17,0.4082218032115423,0.0,0.5917781967884577
2024-06-18,0.3001912783903964,0.0,0.6998087216096035
2024-06-20,0.29351521729191876,0.0,0.7064847827080812
2024-06-21,0.3983935743300028,0.0,0.6016064256699973
2024-06-24,0.3936257516824432,0.0,0.6063742483175568
2024-06-25,0.5050656077611386,0.0,0.49493439223886126
2024-06-26,0.5029042301247211,0.0,0.49709576987527904
2024-06-27,0.5022769900434153,0.0,0.49772300995658464
2024-06-28,0.4950707490621488,0.0,0.5049292509378512
2024-07-01,0.5029157286110012,0.0,0.4970842713889988
2024-07-02,0.5100250654941895,0.0,0.4899749345058105
2024-07-03,0.507299290575734,0.0,0.49270070942426597
2024-07-05,0.4061497054748465,0.0,0.5938502945251536
2024-07-08,0.40105425176075404,0.0,0.5989457482392458
2024-07-09,0.3983456691144846,0.0,0.6016543308855155
2024-07-10,0.40460197402178616,0.0,0.5953980259782139
2024-07-11,0.38369477699778404,0.0,0.616305223002216
2024-07-12,0.5035279339452126,0.0,0.4964720660547875
2024-07-15,0.49929321074848576,0.0,0.5007067892515142
2024-07-16,0.498039698088361,0.0,0.5019603019116391
2024-07-17,0.4895035640523365,0.0,0.5104964359476634
2024-07-18,0.6921254714872563,0.0,0.3078745285127436
2024-07-19,0.6948953485846333,0.0,0.3051046514153667
2024-07-22,0.8011018436662152,0.0,0.19889815633378483
2024-07-23,0.6989424320444075,0.0,0.30105756795559246
2024-07-24,0.33413799553205736,0.0,0.6658620044679427
2024-07-25,0.4412168187814878,0.0,0.5587831812185123
2024-07-26,0.4503044537323201,0.0,0.5496955462676799
2024-07-29,0.4469581536803247,0.0,0.5530418463196753
2024-07-30,0.4366515044198216,0.0,0.5633484955801783
2024-07-31,0.45476206409914194,0.0,0.545237935900858
2024-08-01,0.38115863159975544,0.0,0.6188413684002445
2024-08-02,0.44619812533364434,0.0,0.5538018746663557
2024-08-05,0.0,0.5027890566390486,0.49721094336095156
2024-08-06,0.0,0.0,1.0
2024-08-07,0.0,0.4953157687752931,0.504684231224707
2024-08-08,0.0,0.0,1.0
2024-08-09,0.0,0.4514815275849488,0.5485184724150511
2024-08-12,0.4000810309241625,0.0,0.5999189690758375
2024-08-13,0.4100645249889743,0.0,0.5899354750110257
2024-08-14,0.2989482465279757,0.0,0.7010517534720244
2024-08-15,0.3073216777238797,0.0,0.6926783222761203
2024-08-16,0.2024062198911484,0.0,0.7975937801088516
2024-08-19,0.20605745960171484,0.0,0.7939425403982852
2024-08-20,0.14992805996798253,0.0,0.8500719400320175
2024-08-21,0.15116271185056437,0.0,0.8488372881494356
2024-08-22,0.1420873216162815,0.0,0.8579126783837184
2024-08-23,0.20075143447736832,0.0,0.7992485655226317
2024-08-26,0.1958574180171278,0.0,0.8041425819828721
2024-08-27,0.2536090736851003,0.0,0.7463909263148997
2024-08-28,0.19508626838892673,0.0,0.8049137316110733
2024-08-29,0.2469296654693505,0.0,0.7530703345306495
2024-08-30,0.2513462958783467,0.0,0.7486537041216533
2024-09-03,0.2360579916007049,0.0,0.7639420083992952
2024-09-04,0.35289416144825525,0.0,0.6471058385517449
2024-09-05,0.3532580432848388,0.0,0.6467419567151611
2024-09-06,0.33248046039102563,0.0,0.6675195396089743
2024-09-09,0.45227246061840565,0.0,0.5477275393815944
2024-09-10,0.4036709529434498,0.0,0.5963290470565501
2024-09-11,0.41301010382374237,0.0,0.5869898961762576
2024-09-12,0.30595997986031764,0.0,0.6940400201396824
2024-09-13,0.3037888942537709,0.0,0.6962111057462291
2024-09-16,0.30009483424198347,0.0,0.6999051657580165
2024-09-17,0.29622644581405777,0.0,0.7037735541859423
2024-09-18,0.29558560472976647,0.0,0.7044143952702335
2024-09-19,0.30083541346625375,0.0,0.6991645865337462
2024-09-20,0.19995437111790954,0.0,0.8000456288820904
2024-09-23,0.25007963995502785,0.0,0.7499203600449721
2024-09-24,0.20082967233806315,0.0,0.799170327661937
2024-09-25,0.20119023953210777,0.0,0.7988097604678923
2024-09-26,0.19628825971476657,0.0,0.8037117402852335
2024-09-27,0.19631013915706197,0.0,0.803689860842938
2024-09-30,0.2022995535868364,0.0,0.7977004464131635
2024-10-01,0.1936185626955838,0.0,0.8063814373044162
2024-10-02,0.2518159756225535,0.0,0.7481840243774465
2024-10-03,0.25214897881894616,0.0,0.7478510211810538
2024-10-04,0.24992187004070812,0.0,0.750078129959292
2024-10-07,0.24615383411535416,0.0,0.7538461658846458
2024-10-08,0.30577700129364965,0.0,0.6942229987063504
2024-10-09,0.25475286751086823,0.0,0.7452471324891319
2024-10-10,0.252014828738941,0.0,0.747985171261059
2024-10-11,0.2528845296931748,0.0,0.7471154703068252
2024-10-14,0.2518841593021187,0.0,0.7481158406978813
2024-10-15,0.24208333239715193,0.0,0.7579166676028481
2024-10-16,0.29965577052018355,0.0,0.7003442294798164
2024-10-17,0.293720281513128,0.0,0.7062797184868719
2024-10-18,0.3005072880868683,0.0,0.6994927119131317
2024-10-21,0.25249807936798435,0.0,0.7475019206320156
2024-10-22,0.2536905943807694,0.0,0.7463094056192305
2024-10-23,0.24393476735362585,0.0,0.7560652326463742
2024-10-24,0.30022875095058393,0.0,0.6997712490494161
2024-10-25,0.30011243431541096,0.0,0.6998875656845891
2024-10-28,0.2961755566187735,0.0,0.7038244433812264
2024-10-29,0.3054227552465159,0.0,0.694577244753484
2024-10-30,0.24660454157456763,0.0,0.7533954584254324
2024-10-31,0.28876538200383617,0.0,0.7112346179961638
2024-11-01,0.35274767715958677,0.0,0.6472523228404132
2024-11-04,0.3488061972795022,0.0,0.6511938027204978
2024-11-05,0.3563188886662963,0.0,0.6436811113337036
2024-11-06,0.30597515963165545,0.0,0.6940248403683447
2024-11-07,0.2555490185566007,0.0,0.7444509814433993
2024-11-08,0.20103004887497988,0.0,0.7989699511250202
2024-11-11,0.19859587738650386,0.0,0.8014041226134961
2024-11-12,0.199243289011198,0.0,0.8007567109888021
2024-11-13,0.19986315823522224,0.0,0.8001368417647777
2024-11-14,0.1969883394643317,0.0,0.8030116605356683
2024-11-15,0.242648980336162,0.0,0.757351019663838
2024-11-18,0.3525404015919252,0.0,0.6474595984080749
2024-11-19,0.307634128495815,0.0,0.692365871504185
2024-11-20,0.3001360595953545,0.0,0.6998639404046455
2024-11-21,0.29841908782122795,0.0,0.701580912178772
2024-11-22,0.3016460445996312,0.0,0.6983539554003688
2024-11-25,0.29591567062361257,0.0,0.7040843293763875
2024-11-26,0.3014272792448524,0.0,0.6985727207551476
2024-11-27,0.24669854790470594,0.0,0.753301452095294
2024-11-29,0.30469882858072644,0.0,0.6953011714192735
2024-12-02,0.30518006885311855,0.0,0.6948199311468815
2024-12-03,0.5042724562585933,0.0,0.49572754374140676
2024-12-04,0.5040322499744863,0.0,0.49596775002551374
2024-12-05,0.39801782356341414,0.0,0.6019821764365859
2024-12-06,0.505647761417678,0.0,0.4943522385823219
2024-12-09,0.3956779787841781,0.0,0.6043220212158218
2024-12-10,0.49564353591849386,0.0,0.5043564640815061
2024-12-11,0.5068399945710341,0.0,0.49316000542896576
2024-12-12,0.3983342039520935,0.0,0.6016657960479065
2024-12-13,0.4999440872298945,0.0,0.5000559127701055
2024-12-16,0.40672276147024417,0.0,0.5932772385297558
2024-12-17,0.2993397852277876,0.0,0.7006602147722125
2024-12-18,0.3738756033581428,0.0,0.6261243966418572
2024-12-19,0.5902560093794089,0.0,0.409743990620591
2024-12-20,0.3612266117293725,0.0,0.6387733882706275
2024-12-23,0.6045773331924874,0.0,0.39542266680751254
2024-12-24,0.6068341031596324,0.0,0.3931658968403677
2024-12-26,0.5017910878591552,0.0,0.4982089121408448
2024-12-27,0.4950008799029497,0.0,0.5049991200970503
2024-12-30,0.6001772766397454,0.0,0.3998227233602545
2024-12-31,0.6929851844126077,0.0,0.30701481558739224
2025-01-02,0.3942538998939195,0.0,0.6057461001060805
2025-01-03,0.40714480919662005,0.0,0.5928551908033799
2025-01-06,0.7005919748121189,0.0,0.29940802518788096
2025-01-07,0.5851923590351256,0.0,0.41480764096487455
2025-01-08,0.35033870903139785,0.0,0.649661290968602
2025-01-10,0.3442622917194068,0.0,0.6557377082805933
2025-01-13,0.40634936220415846,0.0,0.5936506377958416
2025-01-14,0.3946244364315537,0.0,0.6053755635684462
2025-01-15,0.4047136523160593,0.0,0.5952863476839407
2025-01-16,0.5916955056731406,0.0,0.4083044943268595
2025-01-17,0.6986135209117578,0.0,0.30138647908824234
2025-01-21,0.6001988345334589,0.0,0.39980116546654104
2025-01-22,0.5027485304547135,0.0,0.4972514695452865
2025-01-23,0.505146373086211,0.0,0.49485362691378904
2025-01-24,0.4952049312071894,0.0,0.5047950687928106
2025-01-27,0.25375143693288366,0.0,0.7462485630671164
2025-01-28,0.35865946618776984,0.0,0.6413405338122302
2025-01-29,0.5977585748237905,0.0,0.4022414251762094
2025-01-30,0.5991355416862828,0.0,0.40086445831371714
2025-01-31,0.593684219287343,0.0,0.406315780712657
2025-02-03,0.3058077779879417,0.0,0.6941922220120583
2025-02-04,0.3070400764709274,0.0,0.6929599235290727
2025-02-05,0.30604210916672137,0.0,0.6939578908332786
2025-02-06,0.2523101360856239,0.0,0.747689863914376
2025-02-07,0.24224766768537878,0.0,0.7577523323146211
2025-02-10,0.3022481460889492,0.0,0.6977518539110508
2025-02-11,0.25213497603462015,0.0,0.7478650239653798
2025-02-12,0.30737408760078405,0.0,0.692625912399216
2025-02-13,0.607692827316257,0.0,0.39230717268374315
2025-02-14,0.5028549156850256,0.0,0.4971450843149744
2025-02-18,0.4993370957125727,0.0,0.5006629042874273
2025-02-19,0.5011086516698879,0.0,0.4988913483301121
2025-02-20,0.4979091163242919,0.0,0.5020908836757082
2025-02-21,0.4825340162905257,0.0,0.5174659837094744
2025-02-24,0.29042705554662385,0.0,0.7095729444533763
2025-02-25,0.34223339474552933,0.0,0.6577666052544707
2025-02-26,0.3985917677282109,0.0,0.6014082322717891
2025-02-27,0.37464699786798283,0.0,0.6253530021320172
2025-02-28,0.0,0.45361945648030316,0.5463805435196969
2025-03-03,0.0,0.3949622582313932,0.6050377417686068
2025-03-04,0.0,0.44878051431333765,0.5512194856866623
2025-03-05,0.0,0.4527203107735652,0.5472796892264348
2025-03-06,0.0,0.39884257929973366,0.6011574207002663
2025-03-07,0.5069564792303979,0.0,0.493043520769602
2025-03-10,0.4333046285522213,0.0,0.5666953714477788
2025-03-11,0.0,0.0,1.0
2025-03-12,0.0,0.0,1.0
2025-03-13,0.48730922372181346,0.0,0.5126907762781866
2025-03-14,0.0,0.0,1.0
2025-03-17,0.4547973915731689,0.0,0.5452026084268312
2025-03-18,0.44244497809596367,0.0,0.5575550219040364
2025-03-19,0.4562901230667419,0.0,0.543709876933258
2025-03-20,0.40369617394659746,0.0,0.5963038260534026
2025-03-21,0.41049678779695775,0.0,0.5895032122030424
2025-03-24,0.353720131429937,0.0,0.6462798685700629
2025-03-25,0.3026120394150046,0.0,0.6973879605849955
2025-03-26,0.24071401918634808,0.0,0.7592859808136518
2025-03-27,0.29899216379635457,0.0,0.7010078362036455
2025-03-28,0.33409355479851144,0.0,0.6659064452014886
2025-03-31,0.4111063193998538,0.0,0.5888936806001462
2025-04-01,0.4081035866121654,0.0,0.5918964133878347
2025-04-02,0.36479765549800175,0.0,0.6352023445019982
2025-04-03,0.34062436042449884,0.0,0.6593756395755012
2025-04-04,0.0,0.0,1.0
2025-04-07,0.0,0.0,1.0
2025-04-08,0.0,0.0,1.0
2025-04-09,0.0,0.0,1.0
2025-04-10,0.0,0.0,1.0
2025-04-11,0.0,0.0,1.0
2025-04-14,0.0,0.0,1.0
2025-04-15,0.0,0.0,1.0
2025-04-16,0.0,0.0,1.0
2025-04-17,0.0,0.0,1.0
2025-04-21,0.0,0.0,1.0
2025-04-22,0.0,0.0,1.0
2025-04-23,0.0,0.0,1.0
2025-04-24,0.36549167766276236,0.0,0.6345083223372375
2025-04-25,0.2565006179126394,0.0,0.7434993820873605
2025-04-28,0.19940718558930345,0.0,0.8005928144106966
2025-04-29,0.20548252405671383,0.0,0.7945174759432861
2025-04-30,0.20889160174322025,0.0,0.7911083982567797
2025-05-01,0.1482464748559413,0.0,0.8517535251440588
2025-05-02,0.15171422207068933,0.0,0.8482857779293107
2025-05-05,0.10077653147221927,0.0,0.8992234685277808
2025-05-06,0.15154374909581614,0.0,0.848456250904184
2025-05-07,0.20123405537709022,0.0,0.7987659446229096
2025-05-08,0.19975668236565422,0.0,0.8002433176343459
2025-05-09,0.1482266634060733,0.0,0.8517733365939266
2025-05-12,0.20063124552351036,0.0,0.7993687544764896
2025-05-13,0.05175653411024272,0.0,0.9482434658897573
2025-05-14,0.050511504356765165,0.0,0.9494884956432348
2025-05-15,0.050751419070333155,0.0,0.9492485809296669
2025-05-16,0.0502270561945927,0.0,0.9497729438054072
2025-05-19,0.05219405801594791,0.0,0.9478059419840522
2025-05-20,0.10039511945230084,0.0,0.8996048805476992
2025-05-21,0.14759940010382802,0.0,0.8524005998961719
2025-05-22,0.2003050414982158,0.0,0.7996949585017842
2025-05-23,0.203012130312811,0.0,0.7969878696871889
2025-05-27,0.2552625074812184,0.0,0.7447374925187816
2025-05-28,0.19705113229502516,0.0,0.8029488677049748
2025-05-29,0.19419378594589193,0.0,0.805806214054108
2025-05-30,0.24965227738889184,0.0,0.750347722611108
2025-06-02,0.25647363204003687,0.0,0.7435263679599631
2025-06-03,0.2539506427148736,0.0,0.7460493572851266
2025-06-04,0.20063011142637263,0.0,0.7993698885736273
2025-06-05,0.19502636466815843,0.0,0.8049736353318415
2025-06-06,0.24984850120998678,0.0,0.7501514987900132
2025-06-09,0.2505798988853215,0.0,0.7494201011146785
2025-06-10,0.2531738469308205,0.0,0.7468261530691795
2025-06-11,0.24658163232375754,0.0,0.7534183676762425
2025-06-12,0.25272965034323364,0.0,0.7472703496567664
2025-06-13,0.2493068240707778,0.0,0.7506931759292221
2025-06-16,0.30444212890806266,0.0,0.6955578710919375
2025-06-17,0.24717741241853675,0.0,0.7528225875814633
2025-06-18,0.2986907401564476,0.0,0.7013092598435524
2025-06-20,0.2934505098670133,0.0,0.7065494901329867
2025-06-23,0.3056422941051256,0.0,0.6943577058948743
2025-06-24,0.25288992676122396,0.0,0.7471100732387761
2025-06-25,0.2490479962331438,0.0,0.7509520037668561
2025-06-26,0.2528458068199166,0.0,0.7471541931800834
2025-06-27,0.2007693433863096,0.0,0.7992306566136904
2025-06-30,0.200386280912309,0.0,0.7996137190876911
2025-07-01,0.19759630002050432,0.0,0.8024036999794957
2025-07-02,0.2547239740015447,0.0,0.7452760259984553
2025-07-03,0.20252167008993785,0.0,0.7974783299100622
2025-07-07,0.19869644336604095,0.0,0.801303556633959
2025-07-08,0.24898790468626747,0.0,0.7510120953137326
2025-07-09,0.25173765543310517,0.0,0.748262344566895
2025-07-10,0.19873728199078597,0.0,0.801262718009214
2025-07-11,0.2508990684012671,0.0,0.7491009315987329
2025-07-14,0.25219076761375386,0.0,0.7478092323862462
2025-07-15,0.24651284771006313,0.0,0.7534871522899369
2025-07-16,0.25002204732502886,0.0,0.7499779526749712
2025-07-17,0.25367175716115564,0.0,0.7463282428388442
2025-07-18,0.24809105858171504,0.0,0.751908941418285
2025-07-21,0.25197413200467667,0.0,0.7480258679953233
2025-07-22,0.2469452269692249,0.0,0.7530547730307751
2025-07-23,0.25141678696098074,0.0,0.7485832130390192
2025-07-24,0.24993640194145528,0.0,0.7500635980585447
2025-07-25,0.2512929220562406,0.0,0.7487070779437596
2025-07-28,0.25041834961356724,0.0,0.7495816503864328
2025-07-29,0.24666758524003632,0.0,0.7533324147599637
2025-07-30,0.24989552654652433,0.0,0.7501044734534755
2025-07-31,0.24078724672779897,0.0,0.759212753272201
2025-08-01,0.29421295563978667,0.0,0.7057870443602133
2025-08-04,0.35592530011632906,0.0,0.6440746998836709
2025-08-05,0.29420453287386833,0.0,0.7057954671261316
2025-08-06,0.30679266861477816,0.0,0.693207331385222
2025-08-07,0.29733281436541575,0.0,0.7026671856345843
2025-08-08,0.25396826598229183,0.0,0.7460317340177083
2025-08-11,0.24820670675256537,0.0,0.7517932932474346
2025-08-12,0.2546373523002077,0.0,0.7453626476997923
2025-08-13,0.24766976891387035,0.0,0.7523302310861297
2025-08-14,0.2515154780951155,0.0,0.7484845219048846
2025-08-15,0.24759073114560565,0.0,0.7524092688543944
2025-08-18,0.25068632515355915,0.0,0.7493136748464408
2025-08-19,0.24300285509323266,0.0,0.7569971449067673
2025-08-20,0.2973421862035212,0.0,0.7026578137964788
2025-08-21,0.3487942043921356,0.0,0.6512057956078645
2025-08-22,0.3586670616138854,0.0,0.6413329383861145
2025-08-25,0.2999296811131752,0.0,0.7000703188868247
2025-08-26,0.3030900936809151,0.0,0.696909906319085
2025-08-27,0.3020904802649436,0.0,0.6979095197350563
2025-08-28,0.3032516915058347,0.0,0.6967483084941654
2025-08-29,0.24575106377621678,0.0,0.7542489362237833
2025-09-02,0.30482725115965437,0.0,0.6951727488403456
2025-09-03,0.3509728387835435,0.0,0.6490271612164565
2025-09-04,0.3049446773991245,0.0,0.6950553226008754
2025-09-05,0.29522849428679754,0.0,0.7047715057132025
2025-09-08,0.30049688794216217,0.0,0.6995031120578378
2025-09-09,0.3008748397404997,0.0,0.6991251602595002
2025-09-10,0.24712099872255683,0.0,0.7528790012774431
2025-09-11,0.25074775131136845,0.0,0.7492522486886316
2025-09-12,0.25155990611941154,0.0,0.7484400938805885
2025-09-15,0.25304093579197695,0.0,0.746959064208023
2025-09-16,0.198858614104608,0.0,0.8011413858953921
2025-09-17,0.19909291937996584,0.0,0.8009070806200341
2025-09-18,0.2504091675631889,0.0,0.749590832436811
2025-09-19,0.20172380978641358,0.0,0.7982761902135865
2025-09-22,0.20357698768125668,0.0,0.7964230123187434
2025-09-23,0.394965260404864,0.0,0.6050347395951359
2025-09-24,0.1971998126633143,0.0,0.8028001873366858
2025-09-25,0.2512241083115379,0.0,0.748775891688462
2025-09-26,0.2515840448461663,0.0,0.7484159551538337
2025-09-29,0.4995374593651812,0.0,0.5004625406348188
2025-09-30,0.25180819320362047,0.0,0.7481918067963795
2025-10-01,0.2557249064233993,0.0,0.7442750935766007
2025-10-02,0.4984268650421532,0.0,0.5015731349578468
2025-10-03,0.49587949820452315,0.0,0.504120501795477
2025-10-06,0.4991606029512849,0.0,0.5008393970487152
2025-10-07,0.4943899360328566,0.0,0.5056100639671434
2025-10-08,0.5073625257576502,0.0,0.4926374742423497
2025-10-09,0.49901072029483245,0.0,0.5009892797051676
2025-10-10,0.4716715172759814,0.0,0.5283284827240186
2025-10-13,0.3525976150971021,0.0,0.647402384902898
2025-10-14,0.30293558376218044,0.0,0.6970644162378195
2025-10-15,0.29809932296744124,0.0,0.7019006770325588
2025-10-16,0.294683856953778,0.0,0.7053161430462219
2025-10-17,0.3063304557897514,0.0,0.6936695442102486
2025-10-20,0.3045044851313585,0.0,0.6954955148686415
2025-10-21,0.499698602300004,0.0,0.5003013976999958
2025-10-22,0.4932798902719982,0.0,0.5067201097280016
2025-10-23,0.3058913125670674,0.0,0.6941086874329326
2025-10-24,0.50129222332046,0.0,0.49870777667954014
2025-10-27,0.5041351021592294,0.0,0.49586489784077065
2025-10-28,0.4029232043415879,0.0,0.5970767956584121
2025-10-29,0.40007961305393414,0.0,0.5999203869460659
2025-10-30,0.39283215269008065,0.0,0.6071678473099192
2025-10-31,0.49413658047118525,0.0,0.5058634195288146
2025-11-03,0.3966210774197619,0.0,0.6033789225802382
2025-11-04,0.39513375336435475,0.0,0.6048662466356453
2025-11-05,0.6054751498931691,0.0,0.39452485010683097
2025-11-06,0.4875034130631615,0.0,0.5124965869368385
2025-11-07,0.30151642266577133,0.0,0.6984835773342286
2025-11-10,0.7042740055522836,0.0,0.2957259944477164
2025-11-11,0.6010970147251364,0.0,0.3989029852748635
2025-11-12,0.5957700684612208,0.0,0.40422993153877923
2025-11-13,0.5889480883767567,0.0,0.4110519116232433
2025-11-14,0.3606536286231076,0.0,0.6393463713768924
2025-11-17,0.3469941892038638,0.0,0.6530058107961362
2025-11-18,0.3961097784801026,0.0,0.6038902215198975
2025-11-19,0.40338675898574783,0.0,0.5966132410142522
2025-11-20,0.3690168822966881,0.0,0.630983117703312
2025-11-21,0.0,0.4514996936283122,0.5485003063716879
2025-11-24,0.0,0.45224658341723617,0.5477534165827638
2025-11-25,0.0,0.3521669412779278,0.6478330587220722
2025-11-26,0.0,0.35068751225954364,0.6493124877404565
2025-11-28,0.0,0.3007794767412748,0.6992205232587251
2025-12-01,0.2533039599142503,0.0,0.7466960400857497
2025-12-02,0.3025660596040059,0.0,0.6974339403959942
2025-12-03,0.2535166344558283,0.0,0.7464833655441717
2025-12-04,0.2482225017055089,0.0,0.751777498294491
2025-12-05,0.2509721569900417,0.0,0.7490278430099582
2025-12-08,0.24743913641248247,0.0,0.7525608635875175
2025-12-09,0.25188882068624063,0.0,0.7481111793137594
2025-12-10,0.25335420384404095,0.0,0.746645796155959
2025-12-11,0.25161434820860534,0.0,0.7483856517913946
2025-12-12,0.24212697375827538,0.0,0.7578730262417247
2025-12-15,0.29198472939202774,0.0,0.7080152706079722
2025-12-16,0.30365571214014475,0.0,0.6963442878598552
2025-12-17,0.28679245322018615,0.0,0.7132075467798139
2025-12-18,0.3492947656345194,0.0,0.6507052343654806
2025-12-19,0.3557024026210741,0.0,0.6442975973789259
2025-12-22,0.29784780413743644,0.0,0.7021521958625636
2025-12-23,0.3040234219402802,0.0,0.6959765780597198
2025-12-24,0.30187033741450775,0.0,0.6981296625854922
2025-12-26,0.2992047927735573,0.0,0.7007952072264427
2025-12-29,0.30077277202084485,0.0,0.699227227979155
2025-12-30,0.2996123226763471,0.0,0.7003876773236528
2025-12-31,0.2944867529034319,0.0,0.705513247096568
2026-01-02,0.34226551951303613,0.0,0.6577344804869638
2026-01-05,0.34852072786656246,0.0,0.6514792721334375
2026-01-06,0.3042195889095545,0.0,0.6957804110904456
2026-01-07,0.301069591892474,0.0,0.6989304081075259
2026-01-08,0.2973877717938713,0.0,0.7026122282061288
2026-01-09,0.30524990019492954,0.0,0.6947500998050704
2026-01-12,0.2544039360439395,0.0,0.7455960639560605
2026-01-13,0.24895893506455308,0.0,0.751041064935447
2026-01-14,0.24751702199907577,0.0,0.7524829780009243
2026-01-15,0.2951745085051306,0.0,0.7048254914948693
2026-01-16,0.2954917573431674,0.0,0.7045082426568325
2026-01-20,0.2972925463063545,0.0,0.7027074536936456
2026-01-21,0.35731157127467134,0.0,0.6426884287253287
2026-01-22,0.34823621392865506,0.0,0.651763786071345
2026-01-23,0.30308209989306345,0.0,0.6969179001069365
2026-01-26,0.30234388093761494,0.0,0.697656119062385
2026-01-27,0.3020944697671688,0.0,0.6979055302328313
2026-01-28,0.24791449628693524,0.0,0.7520855037130647
2026-01-29,0.24699193496443125,0.0,0.7530080650355688
2026-01-30,0.24650780453516408,0.0,0.7534921954648359
2026-02-02,0.3075806578818938,0.0,0.6924193421181061
2026-02-03,0.2880228177250624,0.0,0.7119771822749377
2026-02-04,0.33944685416448944,0.0,0.6605531458355105
2026-02-05,0.3962570180435738,0.0,0.6037429819564262
2026-02-06,0.41096669371093864,0.0,0.5890333062890614
2026-02-09,0.3575462023822922,0.0,0.6424537976177078
2026-02-10,0.34581456945868433,0.0,0.6541854305413157
2026-02-11,0.3464512446477872,0.0,0.6535487553522127
2026-02-12,0.33407171089300514,0.0,0.6659282891069949
2026-02-13,0.4015907851303835,0.0,0.5984092148696165
2026-02-17,0.4035556252346576,0.0,0.5964443747653425
2026-02-18,0.35400667901312743,0.0,0.6459933209868727
2026-02-19,0.3507470515441499,0.0,0.64925294845585
2026-02-20,0.35981107961451825,0.0,0.6401889203854818
2026-02-23,0.34402030743256984,0.0,0.6559796925674302
2026-02-24,0.3561856578854673,0.0,0.6438143421145326
2026-02-25,0.3558868488922724,0.0,0.6441131511077275
2026-02-26,0.2935139498561942,0.0,0.7064860501438058
2026-02-27,0.30460724473190715,0.0,0.6953927552680929
2026-03-02,0.3097731313160565,0.0,0.6902268686839433
2026-03-03,0.3057397586347463,0.0,0.6942602413652538
2026-03-04,0.3572538295739989,0.0,0.642746170426001
2026-03-05,0.3015257957937718,0.0,0.6984742042062281
2026-03-06,0.29947085974284005,0.0,0.70052914025716
2026-03-09,0.36538787128707984,0.0,0.6346121287129202
2026-03-10,0.2999575030358642,0.0,0.7000424969641358
2026-03-11,0.2986022794041523,0.0,0.7013977205958476
2026-03-12,0.29419525219825976,0.0,0.7058047478017402
2026-03-13,0.34310503938836007,0.0,0.65689496061164
2026-03-16,0.3504319490976455,0.0,0.6495680509023544
2026-03-17,0.3501890598833221,0.0,0.6498109401166778
2026-03-18,0.2927975489282125,0.0,0.7072024510717875
2026-03-19,0.3541311410285514,0.0,0.6458688589714485
2026-03-20,0.3392507673789755,0.0,0.6607492326210245
2026-03-23,0.3971131951035378,0.0,0.6028868048964623
2026-03-24,0.348856333477502,0.0,0.651143666522498
2026-03-25,0.39833093303048067,0.0,0.6016690669695192
2026-03-26,0.33930166929467886,0.0,0.6606983307053211
2026-03-27,0.0,0.3968419968195132,0.6031580031804868
2026-03-30,0.0,0.0,1.0
2026-03-31,0.0,0.0,1.0
2026-04-01,0.0,0.40049140296621255,0.5995085970337874
2026-04-02,0.0,0.3532949643077634,0.6467050356922366
2026-04-06,0.35259851522478625,0.0,0.6474014847752138
2026-04-07,0.30336692984145425,0.0,0.6966330701585457
2026-04-08,0.297225894298807,0.0,0.702774105701193
2026-04-09,0.20311980956899647,0.0,0.7968801904310034
2026-04-10,0.19938363426970196,0.0,0.8006163657302982
2026-04-13,0.20611929727929568,0.0,0.7938807027207043
2026-04-14,0.15498230052548145,0.0,0.8450176994745184
2026-04-15,0.1034809804235904,0.0,0.8965190195764097
2026-04-16,0.0502538064564781,0.0,0.949746193543522
2026-04-17,0.05066542257500221,0.0,0.9493345774249977
2026-04-20,0.049739654955074625,0.0,0.9502603450449254
2026-04-21,0.04912196785520446,0.0,0.9508780321447956
2026-04-22,0.10195062294320072,0.0,0.8980493770567993
2026-04-23,0.049539075704222446,0.0,0.9504609242957774
2026-04-24,0.10217547453644478,0.0,0.8978245254635552
2026-04-27,0.05017501947705416,0.0,0.9498249805229458
2026-04-28,0.10002964397024448,0.0,0.8999703560297556
2026-04-29,0.15179374891877176,0.0,0.8482062510812283
2026-04-30,0.1513157403461238,0.0,0.8486842596538763
2026-05-01,0.15280454384203365,0.0,0.8471954561579664
2026-05-04,0.14896612110300675,0.0,0.8510338788969932
2026-05-05,0.1519549564452282,0.0,0.8480450435547718
2026-05-06,0.15423128129170768,0.0,0.8457687187082924
2026-05-07,0.09933580384332927,0.0,0.9006641961566707
2026-05-08,0.10425607412310423,0.0,0.8957439258768958
2026-05-11,0.050599620720333194,0.0,0.9494003792796668
2026-05-12,0.09959343719639373,0.0,0.9004065628036063
2026-05-13,0.15239824062841859,0.0,0.8476017593715813
2026-05-14,0.10192883239443888,0.0,0.898071167605561
2026-05-15,0.09953626414656122,0.0,0.9004637358534389
2026-05-18,0.19617781097552195,0.0,0.803822189024478
2026-05-19,0.20114735719253105,0.0,0.798852642807469
2026-05-20,0.2560747185304128,0.0,0.7439252814695873
2026-05-21,0.20374929785611326,0.0,0.7962507021438868
2026-05-22,0.19958973419971948,0.0,0.8004102658002805
